split,context,y,memory_hit,c_h,n1,top_prob,mixer_loss,full_memory_loss,delta_loss
test,"(363, 400)",82,1,146.0,17.0,0.27397260069847107,2.088311,1.814754,0.273557
test,"(65, 78)",479,1,428.0,8.0,0.7196261882781982,3.137309,0.429465,2.707844
test,"(64, 76)",50,1,316.0,55.0,0.10759493708610535,6.570354,4.179752,2.390601
test,"(184, 218)",388,1,195.0,12.0,0.31282052397727966,1.721064,1.921367,-0.200303
test,"(78, 84)",184,1,145.0,20.0,0.4000000059604645,3.469222,1.021122,2.448100
test,"(245, 194)",398,1,33.0,8.0,0.3030303120613098,1.568611,1.923593,-0.354982
test,"(186, 297)",230,1,563.0,28.0,0.7033748030662537,0.345459,0.329741,0.015718
test,"(189, 245)",183,1,641.0,35.0,0.16380655765533447,4.099269,4.366210,-0.266942
test,"(14, 14)",86,1,553.0,41.0,0.49005424976348877,4.372380,2.520543,1.851837
test,"(12, 82)",410,1,961.0,17.0,0.6826222538948059,5.094691,6.833225,-1.738534
test,"(17, 19)",134,1,124.0,30.0,0.1854838728904724,3.406942,2.969010,0.437932
test,"(322, 59)",6,0,0.0,0.0,0.0,3.672099,5.274989,-1.602890
test,"(7, 268)",291,1,222.0,1.0,1.0,1.060571,0.070247,0.990324
test,"(51, 197)",377,1,117.0,3.0,0.8632478713989258,1.413985,0.227896,1.186090
test,"(331, 50)",398,1,320.0,11.0,0.33125001192092896,1.909018,2.830044,-0.921026
test,"(44, 78)",368,1,396.0,10.0,0.631313145160675,4.918161,4.358488,0.559673
test,"(13, 214)",82,1,275.0,14.0,0.27272728085517883,2.177269,1.380966,0.796303
test,"(79, 33)",322,1,87.0,2.0,0.5517241358757019,1.081100,0.843075,0.238025
test,"(322, 70)",415,1,209.0,1.0,1.0,1.305740,0.079074,1.226666
test,"(70, 415)",67,1,210.0,1.0,1.0,0.584040,0.045481,0.538559
test,"(7, 17)",17,1,81.0,11.0,0.4444444477558136,3.379258,2.607742,0.771516
test,"(410, 25)",199,1,114.0,14.0,0.7543859481811523,2.194504,0.360463,1.834041
test,"(245, 225)",322,1,13.0,4.0,0.38461539149284363,1.306630,1.306985,-0.000355
test,"(319, 79)",33,1,154.0,17.0,0.2532467544078827,4.843267,1.491583,3.351684
test,"(110, 201)",497,1,234.0,20.0,0.4145299196243286,3.499470,5.281270,-1.781799
test,"(85, 327)",82,1,353.0,33.0,0.22662889957427979,2.432871,1.512373,0.920498
test,"(47, 78)",82,1,144.0,6.0,0.7777777910232544,3.809892,3.329454,0.480438
test,"(12, 227)",12,1,713.0,4.0,0.9943898916244507,0.735558,0.057595,0.677963
test,"(84, 184)",44,1,133.0,26.0,0.1654135286808014,4.497508,3.299654,1.197854
test,"(302, 29)",325,1,630.0,21.0,0.13809524476528168,3.128591,2.311895,0.816696
test,"(25, 65)",70,1,462.0,5.0,0.6320346593856812,1.472556,0.525979,0.946577
test,"(79, 498)",66,1,323.0,6.0,0.9814241528511047,0.709174,0.066543,0.642631
test,"(76, 175)",6,1,578.0,64.0,0.22145329415798187,5.692239,3.059687,2.632552
test,"(12, 71)",300,1,506.0,5.0,0.7272727489471436,1.044717,0.372737,0.671980
test,"(226, 238)",128,1,257.0,34.0,0.1595330685377121,4.170703,3.570271,0.600432
test,"(128, 141)",226,1,238.0,18.0,0.5630252361297607,0.870536,0.572438,0.298098
test,"(301, 88)",188,1,51.0,1.0,1.0,3.426941,0.115916,3.311025
test,"(82, 324)",84,1,132.0,7.0,0.7803030014038086,2.824275,0.347696,2.476579
test,"(342, 309)",347,1,5.0,4.0,0.4000000059604645,2.868858,1.315689,1.553168
test,"(378, 12)",457,1,576.0,3.0,0.9444444179534912,0.614005,0.101907,0.512098
test,"(13, 20)",182,1,416.0,39.0,0.32932692766189575,6.395454,3.212255,3.183199
test,"(20, 281)",14,1,439.0,38.0,0.39179953932762146,3.429179,1.020081,2.409098
test,"(190, 405)",134,1,112.0,22.0,0.25,3.924625,2.092686,1.831940
test,"(7, 7)",86,1,573.0,52.0,0.20244328677654266,3.518096,3.105988,0.412108
test,"(274, 7)",86,1,27.0,7.0,0.29629629850387573,4.085077,1.930897,2.154180
test,"(479, 302)",29,1,2.0,1.0,1.0,2.173044,0.374114,1.798931
test,"(6, 25)",245,1,345.0,25.0,0.36811593174934387,5.473690,3.089744,2.383945
test,"(302, 29)",26,1,630.0,21.0,0.13809524476528168,1.133521,2.790710,-1.657189
test,"(302, 14)",134,1,697.0,31.0,0.5882353186607361,2.464940,0.618235,1.846705
test,"(25, 323)",26,1,966.0,13.0,0.4399586021900177,0.557360,0.784226,-0.226866
test,"(52, 471)",35,1,406.0,24.0,0.27586206793785095,3.799875,3.244917,0.554958
test,"(188, 173)",25,1,278.0,37.0,0.17985612154006958,3.093100,2.788638,0.304462
test,"(41, 78)",175,1,54.0,2.0,0.9814814925193787,5.105986,0.137068,4.968917
test,"(363, 344)",26,1,142.0,22.0,0.15492957830429077,4.559305,4.700635,-0.141329
test,"(26, 388)",134,1,511.0,21.0,0.34442269802093506,1.364196,1.109198,0.254998
test,"(223, 25)",199,1,249.0,22.0,0.41767069697380066,1.678213,0.912922,0.765291
test,"(175, 72)",76,1,114.0,5.0,0.8333333134651184,3.620483,0.289820,3.330663
test,"(180, 408)",54,1,606.0,15.0,0.5808581113815308,4.270297,2.804101,1.466196
test,"(134, 35)",192,1,676.0,36.0,0.417159765958786,0.920388,0.865776,0.054612
test,"(291, 331)",45,1,273.0,22.0,0.22344322502613068,5.570496,2.950762,2.619735
test,"(91, 134)",385,1,136.0,14.0,0.4852941036224365,4.106140,2.567561,1.538579
test,"(221, 251)",238,1,569.0,41.0,0.15114235877990723,5.131488,2.950562,2.180926
test,"(208, 44)",177,1,30.0,9.0,0.36666667461395264,5.084490,2.307540,2.776950
test,"(285, 109)",203,1,130.0,9.0,0.4307692348957062,2.660240,0.931452,1.728788
test,"(500, 376)",117,1,17.0,4.0,0.3529411852359772,1.822011,1.170389,0.651622
test,"(69, 374)",12,1,510.0,13.0,0.3803921639919281,1.927353,1.256431,0.670922
test,"(86, 8)",291,1,53.0,20.0,0.4528301954269409,2.217110,0.826126,1.390984
test,"(74, 282)",268,1,346.0,17.0,0.6820809245109558,1.879029,0.459752,1.419277
test,"(75, 298)",74,1,532.0,14.0,0.7875939607620239,0.488903,0.256953,0.231951
test,"(88, 243)",233,1,20.0,1.0,1.0,10.244546,0.143244,10.101302
test,"(469, 199)",65,1,358.0,42.0,0.2821229100227356,3.834265,1.355793,2.478472
test,"(22, 281)",134,1,123.0,14.0,0.5853658318519592,2.068051,2.540981,-0.472930
test,"(411, 12)",18,1,708.0,11.0,0.24152542650699615,4.131330,3.147828,0.983503
test,"(12, 86)",397,1,851.0,12.0,0.4618096351623535,4.663522,3.443488,1.220034
test,"(361, 205)",259,1,62.0,4.0,0.725806474685669,6.326893,0.441451,5.885442
test,"(133, 404)",189,1,1049.0,23.0,0.6234509348869324,0.301762,0.440804,-0.139042
test,"(189, 408)",301,1,130.0,13.0,0.23846153914928436,0.652190,1.244243,-0.592053
test,"(39, 71)",32,1,20.0,3.0,0.8500000238418579,5.479131,6.730273,-1.251143
test,"(81, 66)",188,1,126.0,18.0,0.3730158805847168,6.417071,1.103583,5.313488
test,"(66, 88)",44,1,245.0,38.0,0.17142857611179352,5.051485,2.800379,2.251106
test,"(77, 68)",66,1,681.0,22.0,0.3186490535736084,3.230440,2.785727,0.444712
test,"(301, 190)",435,1,251.0,4.0,0.9203187227249146,1.020094,0.147412,0.872682
test,"(84, 66)",66,1,224.0,8.0,0.5223214030265808,4.374447,0.757627,3.616820
test,"(39, 237)",265,1,35.0,2.0,0.8285714387893677,6.030159,1.987095,4.043063
test,"(340, 317)",71,1,61.0,15.0,0.4098360538482666,8.708168,3.906516,4.801652
test,"(128, 143)",376,1,271.0,25.0,0.2398523986339569,1.094016,1.346779,-0.252763
test,"(128, 144)",128,1,212.0,12.0,0.43396225571632385,4.212948,3.273523,0.939424
test,"(320, 509)",13,1,130.0,14.0,0.5846154093742371,1.251659,0.571174,0.680485
test,"(248, 180)",420,1,60.0,16.0,0.36666667461395264,4.345651,4.796942,-0.451291
test,"(7, 90)",240,1,702.0,49.0,0.15099714696407318,6.088626,8.318387,-2.229761
test,"(207, 194)",175,1,69.0,1.0,1.0,4.285929,0.114515,4.171414
test,"(70, 134)",188,1,64.0,22.0,0.359375,4.203823,3.351710,0.852113
test,"(12, 227)",12,1,713.0,4.0,0.9943898916244507,0.201861,0.022420,0.179441
test,"(15, 13)",20,1,360.0,16.0,0.28333333134651184,1.862727,1.312245,0.550482
test,"(320, 68)",361,1,109.0,19.0,0.4403669834136963,5.799195,1.682821,4.116374
test,"(221, 134)",203,1,349.0,30.0,0.28080227971076965,3.711000,3.166977,0.544024
test,"(212, 110)",201,1,507.0,33.0,0.15976330637931824,2.170240,3.058453,-0.888212
test,"(460, 189)",179,1,53.0,20.0,0.2075471729040146,6.118659,6.818792,-0.700133
test,"(13, 68)",242,1,86.0,9.0,0.4651162922382355,6.014596,2.047465,3.967131
test,"(67, 72)",386,1,642.0,16.0,0.37071651220321655,2.670906,2.022848,0.648058
test,"(134, 128)",148,1,266.0,7.0,0.39849624037742615,2.231202,0.999428,1.231774
test,"(304, 12)",227,1,1230.0,20.0,0.43252032995224,3.681512,0.937285,2.744227
test,"(12, 76)",84,1,499.0,14.0,0.8316633105278015,1.807091,0.268192,1.538899
test,"(74, 12)",15,1,116.0,9.0,0.4482758641242981,3.752914,0.933211,2.819703
test,"(83, 12)",20,1,252.0,18.0,0.1944444477558136,4.704638,6.049764,-1.345126
test,"(14, 20)",506,1,315.0,25.0,0.3142857253551483,2.103264,3.161271,-1.058006
test,"(77, 68)",66,1,681.0,22.0,0.3186490535736084,3.533770,2.802641,0.731129
test,"(71, 83)",252,1,454.0,50.0,0.2070484608411789,7.446180,5.381164,2.065016
test,"(292, 485)",29,1,318.0,1.0,1.0,0.431376,0.036907,0.394469
test,"(460, 208)",485,1,179.0,21.0,0.4189944267272949,2.552236,2.055908,0.496327
test,"(397, 15)",13,1,115.0,3.0,0.643478274345398,2.818459,0.543282,2.275176
test,"(324, 67)",1,1,293.0,26.0,0.351535826921463,5.111220,3.643251,1.467969
test,"(460, 292)",485,1,118.0,9.0,0.5932203531265259,1.648305,1.791190,-0.142885
test,"(389, 133)",133,1,894.0,13.0,0.7203579545021057,0.792848,1.296508,-0.503661
test,"(90, 320)",495,1,113.0,3.0,0.8407079577445984,1.135625,0.240839,0.894786
test,"(318, 448)",426,1,596.0,6.0,0.6661073565483093,0.248138,0.386402,-0.138263
test,"(34, 400)",82,1,353.0,27.0,0.37960338592529297,1.291475,0.956923,0.334552
test,"(34, 400)",8,1,353.0,27.0,0.37960338592529297,3.529937,3.265589,0.264348
test,"(317, 59)",77,1,10.0,2.0,0.8999999761581421,0.651174,0.172900,0.478273
test,"(134, 43)",68,1,402.0,22.0,0.305970162153244,3.422709,3.308668,0.114041
test,"(75, 84)",66,1,283.0,7.0,0.5053003430366516,3.741525,1.918679,1.822846
test,"(236, 34)",400,1,36.0,4.0,0.3611111044883728,1.507037,1.259961,0.247076
test,"(400, 82)",389,1,354.0,44.0,0.12994350492954254,2.898866,2.855233,0.043633
test,"(92, 133)",133,1,751.0,21.0,0.9094540476799011,0.916836,0.148098,0.768738
test,"(90, 134)",188,1,123.0,22.0,0.49593496322631836,4.721493,6.279905,-1.558412
test,"(51, 64)",417,1,60.0,3.0,0.5,3.334050,0.813559,2.520491
test,"(77, 342)",218,1,194.0,9.0,0.7628865838050842,1.559755,0.345647,1.214108
test,"(188, 261)",34,1,48.0,1.0,1.0,4.748025,6.929904,-2.181879
test,"(127, 164)",221,1,322.0,11.0,0.3571428656578064,1.268168,1.039532,0.228636
test,"(308, 69)",175,1,19.0,4.0,0.4736842215061188,3.953154,2.751319,1.201835
test,"(34, 400)",7,1,353.0,27.0,0.37960338592529297,3.238177,2.462772,0.775404
test,"(68, 261)",13,1,36.0,8.0,0.3611111044883728,4.004001,6.146450,-2.142450
test,"(82, 84)",66,1,321.0,10.0,0.3333333432674408,3.379175,1.770843,1.608332
test,"(251, 476)",492,1,116.0,13.0,0.3965517282485962,3.652402,1.822625,1.829777
test,"(186, 207)",183,1,870.0,14.0,0.25287356972694397,4.141397,2.135491,2.005905
test,"(134, 68)",76,1,722.0,31.0,0.2506925165653229,3.561293,2.891882,0.669411
test,"(68, 248)",207,1,641.0,47.0,0.17628705501556396,4.721497,3.856981,0.864515
test,"(278, 31)",14,1,5.0,3.0,0.6000000238418579,1.342309,1.968789,-0.626480
test,"(265, 69)",222,1,115.0,1.0,1.0,4.324937,0.110322,4.214615
test,"(69, 64)",483,1,402.0,9.0,0.8482587337493896,1.217469,0.232899,0.984570
test,"(195, 269)",337,1,608.0,32.0,0.4013157784938812,1.534027,0.949759,0.584268
test,"(13, 196)",92,1,798.0,29.0,0.19298245012760162,2.497696,1.746925,0.750770
test,"(79, 206)",69,1,241.0,14.0,0.24066390097141266,3.895386,1.538486,2.356900
test,"(173, 506)",12,1,2.0,1.0,1.0,0.213981,0.098738,0.115243
test,"(16, 281)",134,1,217.0,31.0,0.17972350120544434,2.542334,2.928319,-0.385985
test,"(208, 253)",272,1,1496.0,16.0,0.8041443824768066,0.143655,0.207161,-0.063506
test,"(389, 133)",404,1,894.0,13.0,0.7203579545021057,1.183319,0.386802,0.796517
test,"(474, 66)",400,1,70.0,10.0,0.3285714387893677,2.184697,1.385205,0.799492
test,"(199, 6)",92,1,129.0,16.0,0.3100775182247162,3.065276,1.258132,1.807144
test,"(241, 424)",12,1,104.0,5.0,0.7596153616905212,2.979098,0.378432,2.600666
test,"(272, 252)",227,1,2224.0,26.0,0.254046767950058,2.088356,1.417507,0.670849
test,"(69, 465)",12,1,42.0,3.0,0.738095223903656,0.277128,0.278044,-0.000915
test,"(208, 253)",272,1,1496.0,16.0,0.8041443824768066,0.096165,0.201992,-0.105827
test,"(208, 38)",233,1,2.0,2.0,0.5,2.967731,1.752799,1.214932
test,"(183, 324)",188,1,284.0,7.0,0.7605633735656738,8.903961,2.159297,6.744664
test,"(133, 2)",134,1,363.0,21.0,0.4683195650577545,1.509369,0.799921,0.709448
test,"(320, 273)",71,1,4.0,1.0,1.0,3.216944,0.304409,2.912535
test,"(396, 13)",18,1,160.0,14.0,0.23749999701976776,7.350412,2.170086,5.180327
test,"(13, 355)",75,1,52.0,2.0,0.9615384340286255,3.017471,0.150222,2.867249
test,"(180, 134)",44,1,1339.0,86.0,0.08513816446065903,4.060410,3.594703,0.465706
test,"(11, 194)",182,1,221.0,27.0,0.22171945869922638,4.182973,3.734719,0.448254
test,"(237, 265)",13,1,80.0,22.0,0.36250001192092896,3.003031,3.230105,-0.227074
test,"(179, 217)",213,1,93.0,27.0,0.301075279712677,5.337207,3.744044,1.593163
test,"(25, 134)",43,1,1784.0,97.0,0.08464125543832779,4.436419,3.215582,1.220837
test,"(200, 83)",82,1,634.0,65.0,0.25867506861686707,3.299600,1.658430,1.641170
test,"(43, 72)",179,1,194.0,5.0,0.6855670213699341,1.692646,0.456905,1.235740
test,"(186, 419)",191,1,189.0,21.0,0.16931216418743134,3.560365,1.837767,1.722599
test,"(191, 308)",304,1,63.0,9.0,0.3650793731212616,5.432635,1.140486,4.292149
test,"(437, 7)",83,1,519.0,60.0,0.09441233426332474,2.953750,3.065702,-0.111951
test,"(205, 268)",8,1,29.0,13.0,0.2068965584039688,1.975268,3.116424,-1.141155
test,"(193, 461)",134,1,153.0,19.0,0.5751634240150452,0.554583,0.484840,0.069743
test,"(427, 264)",316,1,42.0,15.0,0.2857142984867096,5.876100,5.079654,0.796446
test,"(133, 264)",461,1,73.0,16.0,0.2876712381839752,2.675611,2.198117,0.477493
test,"(84, 441)",72,1,56.0,6.0,0.4821428656578064,4.371243,1.332523,3.038720
test,"(79, 182)",69,1,233.0,16.0,0.6824034452438354,3.823336,3.037738,0.785597
test,"(12, 7)",82,1,3.0,2.0,0.6666666865348816,3.980296,0.943509,3.036788
test,"(8, 60)",180,1,316.0,37.0,0.1139240488409996,2.701473,3.216367,-0.514893
test,"(72, 87)",62,1,188.0,28.0,0.26595744490623474,3.094278,1.752871,1.341407
test,"(278, 13)",73,1,11.0,3.0,0.8181818127632141,4.895705,0.389992,4.505712
test,"(25, 79)",182,1,5.0,2.0,0.6000000238418579,3.856638,0.882358,2.974280
test,"(8, 328)",134,1,87.0,21.0,0.26436781883239746,1.793390,1.330029,0.463360
test,"(134, 74)",68,1,363.0,25.0,0.6831955909729004,1.187895,0.425969,0.761926
test,"(200, 83)",82,1,634.0,65.0,0.25867506861686707,3.340742,1.659211,1.681530
test,"(79, 8)",419,1,66.0,17.0,0.3636363744735718,4.624508,3.069839,1.554669
test,"(79, 200)",83,1,315.0,9.0,0.37142857909202576,2.337654,1.132672,1.204982
test,"(320, 288)",188,1,125.0,3.0,0.5120000243186951,4.963159,1.366190,3.596968
test,"(227, 303)",190,1,1.0,1.0,1.0,2.094602,1.317123,0.777479
test,"(12, 70)",428,1,69.0,9.0,0.4057970941066742,3.460245,1.525214,1.935031
test,"(267, 79)",336,1,379.0,12.0,0.8364115953445435,7.362654,5.794803,1.567851
test,"(70, 428)",378,1,183.0,5.0,0.6666666865348816,4.829667,2.573125,2.256542
test,"(256, 445)",82,1,399.0,45.0,0.1303258091211319,2.319248,2.018105,0.301144
test,"(70, 428)",76,1,183.0,5.0,0.6666666865348816,4.257976,0.509712,3.748263
test,"(445, 82)",11,1,88.0,19.0,0.1931818127632141,3.558038,3.196876,0.361162
test,"(50, 398)",58,1,234.0,14.0,0.747863233089447,3.317208,4.769017,-1.451809
test,"(194, 182)",80,1,51.0,2.0,0.843137264251709,4.196776,0.290082,3.906694
test,"(25, 224)",231,1,381.0,41.0,0.1312336027622223,3.808439,3.292908,0.515531
test,"(60, 11)",186,1,485.0,48.0,0.09690721333026886,3.201798,2.507765,0.694034
test,"(43, 72)",65,1,194.0,5.0,0.6855670213699341,1.712919,2.182360,-0.469442
test,"(36, 11)",133,1,49.0,17.0,0.16326530277729034,3.769910,4.509982,-0.740072
test,"(82, 25)",245,1,913.0,60.0,0.1489594727754593,7.998652,7.914809,0.083843
test,"(82, 8)",343,1,622.0,44.0,0.17845658957958221,4.262027,3.593243,0.668784
test,"(343, 461)",134,1,148.0,7.0,0.837837815284729,0.757778,0.206345,0.551433
test,"(58, 51)",68,1,22.0,2.0,0.5454545617103577,2.429343,0.749686,1.679658
test,"(62, 227)",13,1,139.0,20.0,0.32374101877212524,3.977400,5.268313,-1.290913
test,"(7, 264)",213,1,27.0,12.0,0.18518517911434174,2.945821,1.851196,1.094624
test,"(7, 224)",213,1,72.0,17.0,0.1666666716337204,2.752809,2.159658,0.593151
test,"(227, 8)",484,1,34.0,13.0,0.5,4.762947,4.724875,0.038072
test,"(82, 133)",133,1,263.0,21.0,0.44486692547798157,1.778769,1.384937,0.393832
test,"(435, 180)",195,1,67.0,16.0,0.6567164063453674,10.660745,4.082033,6.578712
test,"(195, 313)",199,1,17.0,1.0,1.0,3.238619,0.141167,3.097453
test,"(134, 196)",25,1,637.0,28.0,0.5023548007011414,1.749619,0.752076,0.997543
test,"(51, 78)",257,1,463.0,37.0,0.24622030556201935,3.141617,1.681293,1.460324
test,"(298, 88)",7,1,7.0,3.0,0.4285714328289032,3.588408,1.193681,2.394726
test,"(13, 32)",234,1,80.0,12.0,0.48750001192092896,2.258197,2.760116,-0.501919
test,"(354, 77)",68,1,98.0,1.0,1.0,4.132916,0.110636,4.022281
test,"(20, 427)",186,1,10.0,3.0,0.699999988079071,1.727737,0.486922,1.240815
test,"(16, 180)",134,1,47.0,15.0,0.2978723347187042,1.564623,1.555203,0.009420
test,"(17, 180)",134,1,41.0,14.0,0.24390244483947754,1.505259,2.055385,-0.550126
test,"(287, 79)",75,1,505.0,29.0,0.5683168172836304,3.763596,2.821934,0.941662
test,"(14, 14)",70,1,553.0,41.0,0.49005424976348877,7.010612,4.919058,2.091554
test,"(261, 268)",133,1,43.0,7.0,0.27906978130340576,2.185944,1.666917,0.519027
test,"(200, 74)",84,1,189.0,28.0,0.27513226866722107,3.808534,1.453939,2.354595
test,"(226, 238)",476,1,257.0,34.0,0.1595330685377121,2.949255,1.903987,1.045268
test,"(33, 447)",7,1,79.0,10.0,0.6582278609275818,3.340086,0.462065,2.878021
test,"(193, 337)",224,1,34.0,5.0,0.44117647409439087,5.244735,1.513622,3.731113
test,"(60, 8)",133,1,360.0,29.0,0.14166666567325592,2.460496,2.953702,-0.493206
test,"(244, 62)",66,1,117.0,14.0,0.3162393271923065,4.617757,3.911808,0.705949
test,"(226, 201)",229,1,2.0,1.0,1.0,1.732992,0.415139,1.317853
test,"(201, 251)",226,1,158.0,21.0,0.297468364238739,2.492630,2.330907,0.161724
test,"(131, 166)",155,1,257.0,19.0,0.27626457810401917,2.468193,2.349395,0.118798
test,"(65, 322)",62,1,302.0,33.0,0.18543046712875366,2.361465,1.714299,0.647165
test,"(479, 82)",14,1,51.0,6.0,0.4901960790157318,3.907603,1.787543,2.120061
test,"(416, 266)",296,1,9.0,3.0,0.7777777910232544,6.281795,0.462805,5.818990
test,"(166, 155)",155,1,25.0,7.0,0.3199999928474426,10.032103,1.332000,8.700102
test,"(194, 1)",131,1,172.0,27.0,0.302325576543808,6.007520,2.189348,3.818172
test,"(13, 67)",401,1,527.0,16.0,0.47817838191986084,2.263024,0.819507,1.443517
test,"(25, 191)",294,1,71.0,13.0,0.2535211145877838,4.597847,1.500128,3.097719
test,"(379, 65)",322,1,244.0,1.0,1.0,1.663780,0.087425,1.576355
test,"(182, 79)",75,1,144.0,11.0,0.7291666865348816,3.257367,0.419497,2.837869
test,"(186, 134)",8,1,1054.0,89.0,0.07020872831344604,5.140461,2.975396,2.165065
test,"(62, 78)",441,1,88.0,7.0,0.3636363744735718,3.539530,1.128134,2.411396
test,"(121, 285)",117,1,99.0,7.0,0.46464645862579346,2.177011,0.853054,1.323957
test,"(504, 13)",299,1,113.0,15.0,0.3451327383518219,6.473195,3.378701,3.094493
test,"(189, 78)",441,1,12.0,5.0,0.4166666567325592,4.821622,1.740212,3.081410
test,"(14, 65)",29,1,129.0,7.0,0.3643410801887512,5.930678,1.128870,4.801808
test,"(83, 82)",86,1,482.0,37.0,0.2282157689332962,7.671219,3.686527,3.984692
test,"(350, 62)",214,1,35.0,11.0,0.37142857909202576,4.454698,3.328271,1.126428
test,"(65, 322)",13,1,302.0,33.0,0.18543046712875366,2.662368,1.913791,0.748576
test,"(203, 229)",127,1,312.0,29.0,0.16987179219722748,4.751508,1.872037,2.879471
test,"(65, 62)",354,1,115.0,19.0,0.17391304671764374,5.715417,2.185132,3.530285
test,"(235, 173)",7,1,73.0,13.0,0.5753424763679504,3.823375,0.663227,3.160148
test,"(66, 65)",62,1,28.0,7.0,0.4285714328289032,3.639692,1.002851,2.636841
test,"(65, 322)",82,1,302.0,33.0,0.18543046712875366,3.870100,2.799433,1.070667
test,"(480, 133)",133,1,95.0,19.0,0.34736841917037964,1.334337,1.005410,0.328927
test,"(78, 345)",276,1,81.0,11.0,0.2469135820865631,12.143400,3.297648,8.845752
test,"(321, 480)",8,1,7.0,2.0,0.8571428656578064,3.606777,0.371573,3.235205
test,"(82, 180)",249,1,821.0,46.0,0.1973203420639038,2.802528,2.912863,-0.110335
test,"(62, 71)",180,1,97.0,17.0,0.2989690601825714,3.654005,3.340482,0.313523
test,"(484, 396)",134,1,131.0,10.0,0.4580152630805969,3.668563,0.878231,2.790332
test,"(77, 62)",65,1,178.0,27.0,0.15730337798595428,2.761422,1.900450,0.860972
test,"(25, 452)",87,1,24.0,5.0,0.4583333432674408,7.213184,1.297223,5.915961
test,"(259, 396)",433,1,7.0,2.0,0.8571428656578064,8.689664,8.287085,0.402579
test,"(82, 33)",464,1,91.0,4.0,0.7692307829856873,3.588664,5.424088,-1.835424
test,"(180, 230)",8,1,289.0,62.0,0.12802767753601074,4.049026,2.103119,1.945907
test,"(70, 233)",65,1,55.0,3.0,0.800000011920929,3.016317,0.336179,2.680137
test,"(92, 133)",133,1,751.0,21.0,0.9094540476799011,1.002358,0.151905,0.850453
test,"(78, 393)",398,1,217.0,17.0,0.6313363909721375,3.603294,0.554506,3.048788
test,"(230, 82)",78,1,59.0,26.0,0.1525423675775528,3.771197,3.125039,0.646159
test,"(318, 385)",367,1,76.0,7.0,0.5263158082962036,5.410398,2.765980,2.644417
test,"(189, 134)",43,1,667.0,50.0,0.2353823035955429,4.877611,5.772610,-0.894999
test,"(92, 302)",29,1,233.0,3.0,0.9871244430541992,1.237464,0.086143,1.151321
test,"(13, 83)",425,1,1034.0,21.0,0.1847195327281952,5.724989,5.150970,0.574019
test,"(227, 62)",256,1,26.0,6.0,0.3076923191547394,5.284988,4.195784,1.089205
test,"(83, 425)",187,1,21.0,6.0,0.7142857313156128,6.039172,0.469293,5.569879
test,"(178, 313)",91,1,10.0,2.0,0.8999999761581421,0.120081,0.125141,-0.005060
test,"(79, 79)",13,1,219.0,48.0,0.12328767031431198,3.876103,2.918842,0.957262
test,"(12, 256)",75,1,519.0,4.0,0.978805422782898,1.096939,0.089578,1.007360
test,"(374, 12)",16,1,339.0,7.0,0.43067845702171326,1.957847,0.934856,1.022991
test,"(83, 302)",29,1,4.0,3.0,0.5,1.429898,1.381479,0.048419
test,"(460, 311)",230,1,4.0,3.0,0.5,2.982753,1.079106,1.903648
test,"(83, 298)",37,1,365.0,7.0,0.7287670969963074,7.169358,5.754334,1.415024
test,"(134, 73)",84,1,548.0,11.0,0.7281022071838379,0.596382,0.338418,0.257964
test,"(182, 385)",389,1,164.0,3.0,0.7317073345184326,2.621686,0.410977,2.210709
test,"(83, 88)",25,1,121.0,20.0,0.22314049303531647,1.805500,3.887568,-2.082068
test,"(66, 25)",199,1,46.0,13.0,0.32608696818351746,0.606384,1.011483,-0.405099
test,"(86, 51)",78,1,8.0,2.0,0.625,2.673490,0.690982,1.982508
test,"(90, 81)",13,1,10.0,5.0,0.5,5.602323,5.397234,0.205089
test,"(185, 29)",325,1,248.0,22.0,0.125,2.218483,2.082669,0.135814
test,"(76, 83)",7,1,46.0,3.0,0.9130434989929199,5.409194,6.707942,-1.298748
test,"(180, 408)",301,1,606.0,15.0,0.5808581113815308,0.395927,0.518254,-0.122327
test,"(476, 203)",199,1,17.0,8.0,0.29411765933036804,11.513173,11.073247,0.439926
test,"(205, 188)",309,1,350.0,26.0,0.22857142984867096,5.728530,8.018027,-2.289497
test,"(77, 12)",66,1,6.0,3.0,0.5,3.971695,4.854935,-0.883240
test,"(75, 298)",74,1,532.0,14.0,0.7875939607620239,0.533727,0.260435,0.273292
test,"(12, 440)",78,1,9.0,2.0,0.8888888955116272,4.846937,6.395323,-1.548386
test,"(34, 233)",184,1,91.0,2.0,0.9780219793319702,3.943447,0.132535,3.810911
test,"(26, 186)",399,1,592.0,40.0,0.2753378450870514,3.923313,3.802120,0.121193
test,"(321, 26)",432,1,24.0,6.0,0.2916666567325592,7.866007,1.833254,6.032753
test,"(500, 201)",259,1,201.0,19.0,0.3383084535598755,4.084823,4.369870,-0.285047
test,"(366, 44)",78,1,141.0,6.0,0.7801418304443359,2.095507,1.846450,0.249058
test,"(218, 343)",302,1,254.0,17.0,0.3897637724876404,5.520404,2.486149,3.034256
test,"(212, 112)",201,1,371.0,14.0,0.2533692717552185,1.510193,2.050006,-0.539813
test,"(212, 112)",444,1,371.0,14.0,0.2533692717552185,2.128669,1.426453,0.702216
test,"(40, 50)",46,1,93.0,10.0,0.4193548262119293,2.783366,0.969584,1.813782
test,"(409, 484)",134,1,2.0,1.0,1.0,3.059868,0.543509,2.516359
test,"(224, 399)",34,1,112.0,13.0,0.6785714030265808,0.576339,0.352068,0.224271
test,"(362, 362)",12,1,403.0,2.0,0.9354838728904724,0.841144,0.121899,0.719245
test,"(64, 244)",284,1,173.0,25.0,0.2023121416568756,4.799640,2.386170,2.413470
test,"(244, 284)",14,1,18.0,1.0,1.0,1.221390,0.103562,1.117828
test,"(252, 227)",12,1,597.0,4.0,0.5343383550643921,0.304985,0.807548,-0.502562
test,"(12, 82)",411,1,961.0,17.0,0.6826222538948059,0.102931,0.350564,-0.247633
test,"(178, 76)",399,1,580.0,50.0,0.12586206197738647,5.994915,3.547124,2.447791
test,"(282, 71)",280,1,84.0,1.0,1.0,4.597105,0.112975,4.484130
test,"(465, 12)",187,1,580.0,5.0,0.7413793206214905,6.890504,2.021789,4.868715
test,"(293, 243)",272,1,479.0,31.0,0.29018789529800415,5.195954,1.929502,3.266452
test,"(12, 82)",411,1,961.0,17.0,0.6826222538948059,0.045014,0.342955,-0.297941
test,"(233, 393)",304,1,622.0,48.0,0.3938906788825989,5.751267,3.590088,2.161179
test,"(187, 67)",72,1,262.0,15.0,0.5839694738388062,1.860685,0.614294,1.246391
test,"(13, 85)",501,1,293.0,9.0,0.6791808605194092,0.602585,0.407826,0.194759
test,"(281, 310)",185,1,63.0,2.0,0.8730158805847168,0.688377,0.184513,0.503863
test,"(305, 172)",360,1,574.0,37.0,0.23693379759788513,4.700002,4.350456,0.349546
test,"(400, 257)",92,1,104.0,16.0,0.17307692766189575,3.189047,2.414415,0.774632
test,"(340, 13)",85,1,214.0,7.0,0.7102803587913513,2.885486,0.443208,2.442278
test,"(12, 82)",411,1,961.0,17.0,0.6826222538948059,0.042401,0.342603,-0.300202
test,"(110, 6)",434,1,16.0,3.0,0.5625,1.452164,3.102214,-1.650050
test,"(414, 127)",115,1,87.0,7.0,0.4597701132297516,2.490000,0.871790,1.618210
test,"(360, 501)",282,1,369.0,43.0,0.4878048896789551,1.459442,0.735909,0.723533
test,"(222, 68)",296,1,622.0,46.0,0.28938907384872437,3.220949,1.331217,1.889731
test,"(272, 252)",364,1,2224.0,26.0,0.254046767950058,2.792993,2.747805,0.045188
test,"(76, 194)",465,1,84.0,5.0,0.7857142686843872,0.567105,0.271772,0.295332
test,"(188, 67)",25,1,483.0,38.0,0.3188405930995941,2.849967,1.784265,1.065702
test,"(77, 413)",12,1,85.0,12.0,0.5058823823928833,4.012311,2.845167,1.167144
test,"(376, 110)",254,1,128.0,18.0,0.28125,3.904404,4.802294,-0.897890
test,"(135, 155)",134,1,297.0,32.0,0.35353535413742065,1.709438,1.048757,0.660681
test,"(229, 134)",260,1,132.0,32.0,0.2651515007019043,2.251574,1.397497,0.854076
test,"(111, 127)",120,1,1.0,1.0,1.0,2.209537,2.729906,-0.520369
test,"(124, 108)",13,1,1.0,1.0,1.0,3.805267,5.394153,-1.588886
test,"(186, 213)",83,1,174.0,30.0,0.13218390941619873,7.654930,6.181863,1.473067
test,"(134, 87)",17,1,145.0,23.0,0.30344828963279724,3.535524,3.744076,-0.208552
test,"(224, 213)",87,1,162.0,23.0,0.1419753134250641,2.495933,4.295997,-1.800064
test,"(266, 361)",77,1,42.0,3.0,0.761904776096344,2.030185,0.363302,1.666883
test,"(402, 13)",300,1,34.0,9.0,0.2647058963775635,5.589118,1.959112,3.630006
test,"(88, 25)",194,1,326.0,47.0,0.23619632422924042,4.072685,5.706579,-1.633894
test,"(17, 61)",67,1,2.0,1.0,1.0,6.274120,0.548584,5.725536
test,"(230, 364)",452,0,0.0,0.0,0.0,5.448294,6.574118,-1.125824
test,"(225, 68)",179,1,208.0,26.0,0.3125,3.256331,1.254444,2.001887
test,"(214, 390)",71,0,0.0,0.0,0.0,5.420782,3.579214,1.841567
test,"(213, 16)",58,1,12.0,6.0,0.4166666567325592,5.111086,1.135454,3.975631
test,"(190, 60)",11,1,2.0,1.0,1.0,2.090914,3.163645,-1.072732
test,"(186, 303)",87,1,47.0,17.0,0.21276596188545227,3.972606,5.139243,-1.166637
test,"(186, 303)",88,1,47.0,17.0,0.21276596188545227,5.809179,7.399162,-1.589983
test,"(87, 82)",11,1,184.0,18.0,0.3913043439388275,3.286290,4.420440,-1.134150
test,"(134, 88)",82,1,125.0,22.0,0.2639999985694885,3.568324,3.799474,-0.231150
test,"(82, 80)",81,1,37.0,4.0,0.5135135054588318,7.133178,0.809341,6.323836
test,"(88, 8)",133,1,124.0,27.0,0.12903225421905518,3.073340,3.134216,-0.060876
test,"(87, 25)",308,1,122.0,28.0,0.15573769807815552,3.265867,3.806942,-0.541075
test,"(82, 11)",134,1,676.0,62.0,0.21301774680614471,1.618553,1.505258,0.113295
test,"(212, 116)",238,1,363.0,20.0,0.25068870186805725,4.579168,2.842694,1.736474
test,"(226, 414)",13,1,286.0,38.0,0.19930070638656616,5.139592,3.679396,1.460196
test,"(134, 5)",266,1,588.0,14.0,0.896258533000946,3.711753,5.988477,-2.276723
test,"(180, 382)",297,1,42.0,15.0,0.2142857164144516,5.591037,5.111052,0.479985
test,"(82, 25)",258,1,913.0,60.0,0.1489594727754593,4.896638,5.243438,-0.346800
test,"(199, 182)",385,1,176.0,14.0,0.6590909361839294,3.893754,0.521605,3.372149
test,"(189, 134)",46,1,667.0,50.0,0.2353823035955429,5.006062,5.861104,-0.855042
test,"(234, 180)",230,1,19.0,9.0,0.31578946113586426,3.873219,3.719768,0.153450
test,"(342, 26)",343,1,146.0,12.0,0.33561643958091736,3.442871,2.976775,0.466095
test,"(15, 194)",374,1,62.0,5.0,0.725806474685669,1.847876,0.405713,1.442163
test,"(264, 208)",253,1,291.0,23.0,0.5017182230949402,0.745261,0.652243,0.093018
test,"(265, 304)",12,1,4.0,1.0,1.0,0.142490,0.071787,0.070703
test,"(300, 309)",42,1,7.0,5.0,0.2857142984867096,7.931128,3.382697,4.548430
test,"(336, 252)",14,1,4.0,1.0,1.0,9.467686,0.312317,9.155369
test,"(324, 67)",310,1,293.0,26.0,0.351535826921463,5.046292,3.183570,1.862722
test,"(23, 92)",302,1,88.0,9.0,0.27272728085517883,3.238275,1.696813,1.541462
test,"(83, 14)",82,1,11.0,7.0,0.27272728085517883,3.933353,3.683423,0.249930
test,"(12, 76)",84,1,499.0,14.0,0.8316633105278015,0.989598,0.241409,0.748189
test,"(345, 25)",65,1,558.0,12.0,0.560931921005249,0.936329,0.610024,0.326305
test,"(207, 63)",460,1,74.0,1.0,1.0,8.222501,9.645014,-1.422513
test,"(19, 362)",12,1,34.0,2.0,0.970588207244873,1.282741,0.101592,1.181148
test,"(76, 194)",465,1,84.0,5.0,0.7857142686843872,0.634023,0.276601,0.357421
test,"(302, 29)",460,1,630.0,21.0,0.13809524476528168,2.234946,3.175818,-0.940872
test,"(12, 457)",442,1,824.0,24.0,0.4223301112651825,1.152385,1.453796,-0.301412
test,"(70, 46)",234,1,4.0,2.0,0.5,2.872771,1.227280,1.645491
test,"(303, 65)",12,1,215.0,3.0,0.9906976819038391,1.467263,0.092252,1.375011
test,"(387, 1)",302,1,19.0,7.0,0.3684210479259491,3.496932,2.658331,0.838601
test,"(427, 186)",134,1,159.0,30.0,0.4088050425052643,1.474874,2.497700,-1.022825
test,"(11, 452)",16,1,66.0,8.0,0.5,5.182645,0.806229,4.376416
test,"(214, 69)",183,1,357.0,24.0,0.4481792747974396,4.719846,4.680494,0.039351
test,"(202, 11)",452,1,137.0,25.0,0.14598539471626282,4.433900,5.654206,-1.220306
test,"(79, 312)",176,1,10.0,2.0,0.699999988079071,4.613091,0.561955,4.051137
test,"(72, 184)",62,1,511.0,32.0,0.463796466588974,2.529145,2.166641,0.362504
test,"(134, 21)",15,1,193.0,21.0,0.3678756356239319,2.205282,1.054522,1.150760
test,"(1, 352)",278,1,23.0,3.0,0.9130434989929199,3.162963,0.222474,2.940489
test,"(62, 79)",190,1,771.0,35.0,0.29571983218193054,2.523006,1.291435,1.231570
test,"(11, 266)",64,1,172.0,35.0,0.11046511679887772,4.340151,2.287722,2.052430
test,"(189, 82)",64,1,57.0,13.0,0.24561403691768646,4.247929,2.137948,2.109981
test,"(71, 180)",183,1,132.0,23.0,0.3787878751754761,4.206299,3.619830,0.586470
test,"(178, 361)",175,1,101.0,9.0,0.7128713130950928,4.046771,0.446035,3.600736
test,"(391, 36)",50,1,27.0,3.0,0.6666666865348816,4.541765,1.721044,2.820722
test,"(50, 51)",356,1,121.0,26.0,0.25619834661483765,8.080395,9.389797,-1.309403
test,"(7, 69)",1,1,1118.0,36.0,0.5635062456130981,2.299851,0.657498,1.642353
test,"(71, 58)",25,1,8.0,2.0,0.75,3.006321,0.496957,2.509364
test,"(134, 50)",45,1,625.0,63.0,0.12960000336170197,3.728025,4.686726,-0.958701
test,"(189, 6)",56,1,201.0,35.0,0.3781094551086426,9.266041,6.776587,2.489454
test,"(299, 180)",213,1,89.0,29.0,0.13483145833015442,3.798058,4.676660,-0.878602
test,"(19, 11)",249,1,98.0,19.0,0.3571428656578064,3.517109,2.510200,1.006909
test,"(79, 322)",299,1,160.0,8.0,0.35624998807907104,4.948444,1.297260,3.651185
test,"(256, 214)",268,1,480.0,49.0,0.37708333134651184,5.730052,3.195000,2.535052
test,"(202, 62)",437,1,478.0,44.0,0.12133891135454178,4.804081,6.413095,-1.609014
test,"(71, 6)",60,1,11.0,6.0,0.3636363744735718,2.358891,1.542098,0.816793
test,"(186, 511)",7,1,499.0,3.0,0.9218437075614929,0.257958,0.095033,0.162926
test,"(322, 62)",69,1,124.0,7.0,0.3790322542190552,2.383373,1.467860,0.915513
test,"(25, 13)",17,1,183.0,6.0,0.48087432980537415,4.595985,1.497335,3.098651
test,"(440, 196)",84,1,162.0,1.0,1.0,2.105856,0.096176,2.009680
test,"(67, 217)",252,1,327.0,51.0,0.29663607478141785,5.310885,3.360926,1.949959
test,"(19, 25)",13,1,41.0,17.0,0.2195121943950653,4.202479,1.679608,2.522871
test,"(356, 186)",511,1,433.0,28.0,0.6096997857093811,1.323619,0.550326,0.773293
test,"(134, 42)",33,1,93.0,11.0,0.46236559748649597,4.068355,2.277487,1.790868
test,"(78, 82)",82,1,273.0,31.0,0.3186813294887543,3.199341,2.544425,0.654916
test,"(242, 440)",82,1,236.0,2.0,0.6059321761131287,1.190770,0.555180,0.635591
test,"(69, 92)",87,1,273.0,38.0,0.12820513546466827,9.117545,2.804975,6.312571
test,"(25, 189)",69,1,709.0,83.0,0.25528913736343384,2.976294,4.201758,-1.225464
test,"(25, 13)",17,1,183.0,6.0,0.48087432980537415,4.510847,1.496934,3.013913
test,"(78, 175)",7,1,185.0,16.0,0.4324324429035187,3.651857,0.940556,2.711301
test,"(62, 35)",40,1,43.0,3.0,0.6511628031730652,3.072363,0.551522,2.520840
test,"(320, 205)",71,1,197.0,2.0,0.9746192693710327,1.845584,0.116052,1.729532
test,"(71, 334)",79,1,44.0,2.0,0.9318181872367859,2.022881,0.173305,1.849576
test,"(356, 133)",193,1,172.0,18.0,0.2906976640224457,3.299662,2.707297,0.592364
test,"(193, 194)",13,1,135.0,18.0,0.24444444477558136,4.653057,1.657190,2.995867
test,"(78, 25)",189,1,58.0,21.0,0.17241379618644714,3.028350,2.037685,0.990665
test,"(77, 59)",77,1,59.0,4.0,0.694915235042572,0.504504,0.370842,0.133662
test,"(134, 19)",15,1,216.0,34.0,0.1666666716337204,2.749724,1.830168,0.919556
test,"(13, 17)",69,1,175.0,18.0,0.36571428179740906,3.885319,1.112643,2.772676
test,"(189, 79)",288,1,58.0,17.0,0.12068965286016464,4.640318,3.282018,1.358301
test,"(36, 25)",134,1,288.0,36.0,0.3298611044883728,1.928717,1.138320,0.790397
test,"(76, 78)",207,1,437.0,21.0,0.20366132259368896,10.056065,4.524535,5.531530
test,"(45, 64)",85,1,30.0,2.0,0.8666666746139526,2.690173,0.265248,2.424925
test,"(177, 35)",312,1,6.0,2.0,0.8333333134651184,5.845123,0.442909,5.402214
test,"(200, 74)",188,1,189.0,28.0,0.27513226866722107,7.630273,3.010291,4.619982
test,"(83, 65)",275,1,5.0,3.0,0.4000000059604645,9.211323,10.483074,-1.271752
test,"(32, 51)",36,1,166.0,17.0,0.2469879537820816,2.153102,1.456833,0.696269
test,"(50, 134)",394,1,40.0,11.0,0.625,10.843722,8.627131,2.216591
test,"(269, 183)",185,1,161.0,26.0,0.1428571492433548,4.568199,2.635387,1.932812
test,"(36, 85)",327,1,156.0,2.0,0.9807692170143127,2.245807,0.116864,2.128943
test,"(268, 452)",396,1,67.0,10.0,0.26865673065185547,4.133560,6.411206,-2.277646
test,"(396, 13)",20,1,160.0,14.0,0.23749999701976776,3.647187,1.816307,1.830880
test,"(13, 88)",11,1,16.0,8.0,0.1875,4.503592,1.996538,2.507053
test,"(13, 22)",207,1,15.0,8.0,0.2666666805744171,7.222889,8.342641,-1.119752
test,"(134, 17)",15,1,515.0,55.0,0.12038835138082504,3.137908,2.376731,0.761177
test,"(177, 68)",6,1,678.0,62.0,0.14749263226985931,4.170972,3.599082,0.571890
test,"(434, 375)",75,0,0.0,0.0,0.0,3.117421,2.963527,0.153894
test,"(66, 75)",72,1,407.0,12.0,0.4004913866519928,2.572326,1.466120,1.106206
test,"(44, 78)",84,1,396.0,10.0,0.631313145160675,3.615658,2.225108,1.390550
test,"(82, 7)",90,1,678.0,82.0,0.07669616490602493,2.110578,3.237501,-1.126923
test,"(88, 25)",213,1,326.0,47.0,0.23619632422924042,4.081328,3.776218,0.305110
test,"(259, 258)",72,1,7.0,3.0,0.7142857313156128,3.650049,5.945194,-2.295144
test,"(314, 265)",184,1,116.0,8.0,0.5,5.752851,4.599839,1.153012
test,"(81, 279)",218,1,357.0,26.0,0.299719899892807,2.345623,1.331728,1.013896
test,"(82, 86)",176,1,108.0,6.0,0.7777777910232544,4.286333,0.362268,3.924065
test,"(185, 426)",232,1,438.0,1.0,1.0,0.378003,0.032671,0.345332
test,"(281, 134)",474,1,144.0,16.0,0.6597222089767456,4.096874,2.617882,1.478993
test,"(197, 442)",287,1,26.0,4.0,0.807692289352417,0.881471,0.242293,0.639178
test,"(424, 25)",396,1,49.0,10.0,0.7346938848495483,4.021930,4.877231,-0.855301
test,"(32, 77)",72,1,154.0,9.0,0.5,4.308430,2.871606,1.436824
test,"(32, 50)",34,1,161.0,9.0,0.35403725504875183,3.521552,1.402947,2.118605
test,"(46, 51)",134,1,110.0,18.0,0.26363635063171387,4.148186,1.442385,2.705801
test,"(11, 331)",34,1,370.0,29.0,0.2540540397167206,3.277048,2.728422,0.548626
test,"(69, 202)",184,1,224.0,1.0,1.0,2.219871,0.096261,2.123610
test,"(71, 208)",382,1,18.0,2.0,0.8333333134651184,10.162234,7.941962,2.220272
test,"(166, 152)",141,1,30.0,13.0,0.1666666716337204,8.164626,3.239200,4.925427
test,"(148, 130)",116,0,0.0,0.0,0.0,6.455291,0.127485,6.327806
test,"(439, 226)",134,1,129.0,28.0,0.1860465109348297,3.391043,1.832677,1.558366
test,"(229, 260)",414,1,64.0,6.0,0.84375,3.791967,0.282588,3.509379
test,"(251, 226)",134,1,258.0,19.0,0.1472868174314499,3.913161,2.339203,1.573959
test,"(78, 479)",6,1,335.0,41.0,0.16417910158634186,3.091369,4.768792,-1.677423
test,"(82, 336)",134,1,145.0,14.0,0.5448275804519653,3.529701,3.091011,0.438690
test,"(248, 64)",6,0,0.0,0.0,0.0,4.648131,6.334989,-1.686857
test,"(396, 13)",18,1,160.0,14.0,0.23749999701976776,5.949221,2.168366,3.780855
test,"(7, 71)",218,1,60.0,16.0,0.1666666716337204,4.406986,6.389760,-1.982774
test,"(239, 345)",82,1,39.0,16.0,0.1538461595773697,2.611415,1.954300,0.657115
test,"(51, 423)",78,1,191.0,20.0,0.21989528834819794,3.033543,1.738987,1.294555
test,"(274, 39)",369,0,0.0,0.0,0.0,9.394451,6.150715,3.243736
test,"(72, 202)",282,1,164.0,30.0,0.2195121943950653,7.699261,4.963609,2.735651
test,"(235, 70)",71,1,116.0,6.0,0.732758641242981,4.289941,0.422126,3.867814
test,"(15, 62)",21,1,86.0,8.0,0.44186046719551086,6.181480,8.478704,-2.297224
test,"(328, 208)",44,1,230.0,23.0,0.5260869860649109,4.962407,4.594397,0.368010
test,"(266, 410)",282,1,275.0,13.0,0.8690909147262573,1.981400,0.221645,1.759755
test,"(272, 252)",227,1,2224.0,26.0,0.254046767950058,3.024046,1.449069,1.574976
test,"(254, 109)",409,1,290.0,17.0,0.33448275923728943,2.583021,2.041210,0.541811
test,"(92, 133)",133,1,751.0,21.0,0.9094540476799011,1.153382,0.157912,0.995471
test,"(66, 25)",323,1,46.0,13.0,0.32608696818351746,2.768977,3.690078,-0.921102
test,"(78, 188)",185,1,657.0,14.0,0.5190258622169495,2.778540,1.158267,1.620274
test,"(134, 288)",70,1,99.0,3.0,0.7878788113594055,3.392249,2.541714,0.850534
test,"(75, 70)",25,1,225.0,17.0,0.2755555510520935,4.583670,6.414104,-1.830434
test,"(92, 224)",208,1,218.0,19.0,0.22018349170684814,2.332274,2.240738,0.091536
test,"(15, 4)",60,1,41.0,14.0,0.17073170840740204,2.840972,3.302267,-0.461295
test,"(288, 70)",71,1,20.0,3.0,0.75,4.767182,0.440229,4.326954
test,"(310, 322)",217,1,357.0,15.0,0.918767511844635,0.611357,0.121656,0.489700
test,"(189, 0)",438,1,33.0,10.0,0.3636363744735718,5.763953,1.586234,4.177719
test,"(269, 308)",69,1,16.0,7.0,0.25,3.796215,5.218618,-1.422403
test,"(25, 189)",194,1,709.0,83.0,0.25528913736343384,5.580323,4.917476,0.662847
test,"(177, 68)",25,1,678.0,62.0,0.14749263226985931,2.454932,2.019220,0.435713
test,"(212, 156)",444,1,27.0,4.0,0.8888888955116272,3.542105,5.792507,-2.250402
test,"(111, 254)",110,1,48.0,5.0,0.375,1.595516,1.187494,0.408022
test,"(212, 111)",254,1,55.0,8.0,0.2181818187236786,2.362760,1.996740,0.366020
test,"(259, 266)",81,1,2.0,2.0,0.5,6.767200,4.601717,2.165482
test,"(25, 199)",127,1,2122.0,114.0,0.12205466628074646,1.766019,2.036499,-0.270481
test,"(68, 25)",199,1,311.0,27.0,0.39228296279907227,0.683297,2.381926,-1.698629
test,"(44, 185)",64,1,125.0,3.0,0.9760000109672546,3.176575,0.129495,3.047080
test,"(20, 21)",22,1,27.0,12.0,0.25925925374031067,5.645576,1.939181,3.706394
test,"(15, 12)",16,1,36.0,7.0,0.7777777910232544,2.207697,3.671024,-1.463327
test,"(254, 115)",254,1,99.0,5.0,0.5757575631141663,3.690719,5.359112,-1.668393
test,"(127, 156)",439,1,139.0,12.0,0.6834532618522644,5.515111,4.719010,0.796101
test,"(89, 397)",16,1,11.0,2.0,0.5454545617103577,1.475740,0.920218,0.555522
test,"(134, 68)",13,1,722.0,31.0,0.2506925165653229,3.435594,1.471871,1.963723
test,"(73, 84)",179,1,421.0,1.0,1.0,1.845948,0.089567,1.756382
test,"(324, 178)",25,1,382.0,23.0,0.5523560047149658,2.656852,0.682209,1.974644
test,"(78, 13)",79,1,145.0,31.0,0.08275862038135529,2.853486,2.981078,-0.127592
test,"(123, 409)",229,1,10.0,4.0,0.5,3.123191,3.030111,0.093080
test,"(68, 200)",236,1,239.0,20.0,0.4602510333061218,3.725557,0.870314,2.855243
test,"(442, 287)",12,1,369.0,4.0,0.9214091897010803,1.116292,0.149174,0.967117
test,"(324, 67)",304,1,293.0,26.0,0.351535826921463,2.830089,1.137530,1.692558
test,"(49, 32)",34,1,65.0,11.0,0.20000000298023224,3.958713,2.576276,1.382437
test,"(342, 29)",7,1,77.0,2.0,0.9610389471054077,4.832313,0.153437,4.678875
test,"(86, 196)",176,1,259.0,9.0,0.6988416910171509,9.299973,2.430472,6.869502
test,"(172, 208)",355,1,216.0,26.0,0.31481480598449707,2.515823,2.676344,-0.160520
test,"(13, 66)",479,1,794.0,28.0,0.2745591998100281,2.618177,4.559971,-1.941794
test,"(334, 79)",222,1,198.0,2.0,0.6868686676025391,3.870673,1.270613,2.600060
test,"(291, 331)",50,1,273.0,22.0,0.22344322502613068,1.491249,1.455634,0.035615
test,"(12, 17)",506,1,931.0,38.0,0.1890440434217453,3.796335,2.951315,0.845020
test,"(86, 288)",173,1,405.0,2.0,0.9950617551803589,0.682913,0.055792,0.627121
test,"(13, 15)",20,1,280.0,34.0,0.1428571492433548,4.805566,3.475251,1.330315
test,"(397, 2)",69,1,127.0,7.0,0.29133859276771545,3.599064,5.442888,-1.843825
test,"(29, 224)",189,1,318.0,5.0,0.39308175444602966,3.686474,3.020225,0.666249
test,"(29, 90)",184,1,40.0,20.0,0.15000000596046448,7.181288,3.501042,3.680246
test,"(40, 301)",178,1,13.0,2.0,0.8461538553237915,2.462618,0.310012,2.152607
test,"(228, 173)",378,1,595.0,2.0,0.9697479009628296,1.728497,0.116768,1.611730
test,"(134, 32)",248,1,542.0,45.0,0.11623616516590118,3.165576,3.452175,-0.286599
test,"(189, 224)",331,1,306.0,35.0,0.1339869350194931,2.132913,2.716142,-0.583228
test,"(87, 39)",68,1,3.0,1.0,1.0,4.527336,0.364084,4.163251
test,"(71, 83)",25,1,454.0,50.0,0.2070484608411789,3.852886,1.663615,2.189271
test,"(14, 17)",15,1,225.0,20.0,0.653333306312561,2.103576,0.504838,1.598738
test,"(66, 64)",188,1,207.0,6.0,0.8985507488250732,2.517762,0.205522,2.312239
test,"(64, 188)",25,1,216.0,28.0,0.3194444477558136,4.547531,5.250761,-0.703230
test,"(192, 282)",90,1,2.0,1.0,1.0,2.955363,0.505240,2.450123
test,"(288, 173)",14,1,430.0,16.0,0.8186046481132507,0.755836,0.242843,0.512993
test,"(87, 75)",506,1,491.0,20.0,0.36456212401390076,6.845191,5.102451,1.742740
test,"(18, 15)",1,1,243.0,45.0,0.16872428357601166,3.358886,3.697399,-0.338514
test,"(382, 11)",396,1,51.0,16.0,0.29411765933036804,5.094708,5.837281,-0.742572
test,"(86, 288)",173,1,405.0,2.0,0.9950617551803589,0.255406,0.027699,0.227708
test,"(53, 36)",134,1,44.0,8.0,0.5227272510528564,5.937187,3.025141,2.912046
test,"(17, 69)",21,1,73.0,5.0,0.8767123222351074,7.822476,3.214874,4.607603
test,"(25, 199)",127,1,2122.0,114.0,0.12205466628074646,2.867301,2.128055,0.739246
test,"(11, 183)",324,1,302.0,42.0,0.1192052960395813,1.325340,2.041647,-0.716307
test,"(18, 65)",23,1,12.0,3.0,0.5833333134651184,7.377669,1.410757,5.966912
test,"(259, 231)",222,1,6.0,3.0,0.6666666865348816,6.326352,5.473870,0.852482
test,"(199, 127)",159,1,615.0,41.0,0.17398373782634735,3.011600,3.411275,-0.399674
test,"(202, 25)",382,1,75.0,23.0,0.2133333384990692,4.804175,6.323778,-1.519602
test,"(186, 507)",186,1,85.0,8.0,0.5647059082984924,1.875548,0.639704,1.235844
test,"(183, 78)",445,1,442.0,11.0,0.44570136070251465,3.995835,1.465730,2.530105
test,"(2, 69)",20,1,38.0,13.0,0.21052631735801697,8.402414,2.291529,6.110886
test,"(69, 20)",24,1,18.0,6.0,0.2777777910232544,5.666668,2.155332,3.511336
test,"(20, 19)",507,1,23.0,6.0,0.47826087474823,7.061536,7.958177,-0.896641
test,"(78, 445)",25,1,296.0,43.0,0.17229729890823364,1.522096,1.701648,-0.179552
test,"(191, 13)",67,1,59.0,13.0,0.2542372941970825,5.300551,3.767072,1.533479
test,"(78, 67)",60,1,495.0,27.0,0.3292929232120514,5.591854,5.879324,-0.287470
test,"(250, 44)",287,0,0.0,0.0,0.0,6.225719,3.766194,2.459526
test,"(179, 283)",11,1,233.0,18.0,0.19742488861083984,3.945032,1.704851,2.240180
test,"(175, 265)",85,1,166.0,24.0,0.3012048304080963,5.343161,2.583473,2.759687
test,"(258, 276)",250,1,205.0,12.0,0.37560975551605225,5.326531,3.535520,1.791011
test,"(18, 66)",60,1,17.0,7.0,0.5882353186607361,6.483845,7.451904,-0.968059
test,"(75, 322)",267,1,293.0,7.0,0.6621160507202148,1.760535,0.489634,1.270901
test,"(13, 185)",202,1,58.0,2.0,0.982758641242981,9.100158,8.692459,0.407699
test,"(83, 13)",67,1,200.0,35.0,0.10999999940395355,5.416928,2.920793,2.496136
test,"(29, 224)",189,1,318.0,5.0,0.39308175444602966,4.181591,3.040486,1.141105
test,"(189, 14)",9,1,204.0,1.0,1.0,2.522021,0.099979,2.422042
test,"(253, 272)",252,1,1204.0,2.0,0.9493355751037598,0.152076,0.061064,0.091013
test,"(213, 12)",16,1,144.0,9.0,0.2013888955116272,2.652982,2.089541,0.563441
test,"(65, 24)",17,1,6.0,4.0,0.5,3.670402,3.058042,0.612360
test,"(14, 9)",134,1,293.0,16.0,0.40273037552833557,2.254612,0.981229,1.273382
test,"(252, 70)",81,1,59.0,3.0,0.8305084705352783,5.470644,0.304583,5.166062
test,"(362, 310)",185,1,6.0,1.0,1.0,0.834390,0.146380,0.688010
test,"(92, 63)",92,1,332.0,16.0,0.27710843086242676,1.202153,1.267767,-0.065614
test,"(29, 328)",292,1,209.0,5.0,0.4784688949584961,1.596570,0.799828,0.796742
test,"(72, 78)",67,1,391.0,42.0,0.18414321541786194,2.550734,1.740285,0.810449
test,"(253, 272)",252,1,1204.0,2.0,0.9493355751037598,0.124194,0.058486,0.065708
test,"(65, 324)",67,1,236.0,5.0,0.9745762944221497,2.024292,0.116235,1.908057
test,"(355, 185)",29,1,479.0,13.0,0.5031315088272095,1.598173,0.748791,0.849382
test,"(90, 225)",322,1,21.0,3.0,0.523809552192688,2.337394,0.781844,1.555550
test,"(25, 266)",13,1,61.0,17.0,0.37704917788505554,5.257279,1.082611,4.174667
test,"(284, 396)",13,1,19.0,1.0,1.0,1.598940,0.116698,1.482242
test,"(7, 16)",433,1,146.0,20.0,0.2876712381839752,5.944948,4.818273,1.126675
test,"(58, 75)",77,1,11.0,5.0,0.4545454680919647,6.992898,7.410580,-0.417682
test,"(385, 405)",51,1,609.0,38.0,0.34646961092948914,2.159106,1.596241,0.562864
test,"(255, 6)",313,1,12.0,5.0,0.3333333432674408,1.497377,2.050296,-0.552919
test,"(178, 67)",27,1,446.0,49.0,0.19058296084403992,8.087380,2.583899,5.503482
test,"(76, 78)",26,1,437.0,21.0,0.20366132259368896,9.959206,10.926856,-0.967650
test,"(51, 423)",78,1,191.0,20.0,0.21989528834819794,3.084083,1.740339,1.343744
test,"(12, 88)",12,1,222.0,3.0,0.9234234094619751,3.272975,0.182685,3.090290
test,"(20, 506)",12,1,169.0,6.0,0.6272189617156982,0.232003,0.417861,-0.185858
test,"(173, 14)",17,1,353.0,8.0,0.5212464332580566,2.736193,2.676697,0.059496
test,"(310, 185)",426,1,499.0,3.0,0.8617234230041504,0.317821,0.165486,0.152334
test,"(222, 205)",88,1,168.0,1.0,1.0,1.355799,0.080577,1.275222
test,"(12, 79)",241,1,119.0,14.0,0.2857142984867096,4.583654,1.375255,3.208400
test,"(79, 241)",79,1,34.0,1.0,1.0,4.121662,0.125310,3.996351
test,"(20, 281)",336,1,439.0,38.0,0.39179953932762146,5.156032,5.206410,-0.050379
test,"(281, 1)",302,1,106.0,13.0,0.2075471729040146,3.771908,2.007032,1.764876
test,"(478, 351)",134,1,75.0,20.0,0.2666666805744171,2.310935,1.354868,0.956067
test,"(292, 79)",29,1,63.0,2.0,0.9841269850730896,4.340190,0.131778,4.208412
test,"(66, 64)",188,1,207.0,6.0,0.8985507488250732,2.924744,0.208839,2.715905
test,"(134, 41)",32,1,143.0,7.0,0.6433566212654114,4.711374,7.008401,-2.297027
test,"(82, 6)",218,1,164.0,18.0,0.23170731961727142,2.250714,1.484581,0.766133
test,"(434, 208)",315,1,8.0,2.0,0.875,6.470990,0.350811,6.120179
test,"(182, 85)",291,1,323.0,22.0,0.16408668458461761,7.182170,3.219376,3.962794
test,"(25, 323)",8,1,966.0,13.0,0.4399586021900177,1.961676,2.042539,-0.080863
test,"(7, 79)",182,1,525.0,42.0,0.13523809611797333,3.604360,2.083550,1.520809
test,"(78, 234)",7,1,188.0,40.0,0.1489361673593521,2.958986,1.977380,0.981606
test,"(202, 184)",218,1,482.0,24.0,0.4045643210411072,2.309846,0.982744,1.327101
test,"(134, 206)",188,1,236.0,12.0,0.4449152648448944,2.054260,0.882619,1.171641
test,"(190, 71)",13,1,542.0,35.0,0.33763837814331055,3.064456,1.173621,1.890836
test,"(83, 71)",8,1,681.0,51.0,0.11747430264949799,3.785549,3.391001,0.394548
test,"(36, 441)",68,1,144.0,1.0,1.0,2.111244,0.096240,2.015004
test,"(243, 180)",183,1,54.0,16.0,0.18518517911434174,4.482756,3.124331,1.358425
test,"(247, 87)",39,1,394.0,36.0,0.2842639684677124,9.284106,5.260996,4.023110
test,"(15, 207)",92,1,9.0,5.0,0.3333333432674408,2.388994,1.846456,0.542538
test,"(66, 60)",14,1,13.0,6.0,0.3076923191547394,3.730947,5.056870,-1.325924
test,"(275, 184)",1,1,22.0,12.0,0.1818181872367859,4.351954,2.000579,2.351374
test,"(86, 288)",173,1,405.0,2.0,0.9950617551803589,0.146491,0.018577,0.127915
test,"(259, 191)",13,1,14.0,5.0,0.3571428656578064,5.741848,5.059850,0.681998
test,"(190, 259)",191,1,13.0,7.0,0.3076923191547394,5.037983,6.018466,-0.980483
test,"(304, 397)",2,1,291.0,6.0,0.32302406430244446,2.794723,2.202194,0.592529
test,"(134, 5)",5,1,588.0,14.0,0.896258533000946,1.013810,0.163566,0.850244
test,"(264, 134)",8,1,396.0,55.0,0.12121212482452393,4.946916,3.038871,1.908045
test,"(469, 199)",65,1,358.0,42.0,0.2821229100227356,3.494074,1.352401,2.141673
test,"(181, 292)",253,1,68.0,9.0,0.5882353186607361,0.442203,0.442345,-0.000142
test,"(228, 173)",378,1,595.0,2.0,0.9697479009628296,0.277486,0.053606,0.223880
test,"(92, 302)",29,1,233.0,3.0,0.9871244430541992,0.219770,0.031778,0.187992
test,"(328, 208)",253,1,230.0,23.0,0.5260869860649109,0.488675,0.575380,-0.086706
test,"(12, 17)",309,1,931.0,38.0,0.1890440434217453,2.204372,1.782734,0.421638
test,"(397, 16)",23,1,248.0,12.0,0.7379032373428345,3.159698,4.659045,-1.499346
test,"(334, 79)",222,1,198.0,2.0,0.6868686676025391,3.773226,1.269853,2.503373
test,"(462, 364)",60,1,267.0,6.0,0.8539325594902039,0.403330,0.174379,0.228951
test,"(12, 82)",76,1,961.0,17.0,0.6826222538948059,5.439828,1.838387,3.601441
test,"(69, 374)",134,1,510.0,13.0,0.3803921639919281,2.848047,3.260332,-0.412285
test,"(334, 79)",222,1,198.0,2.0,0.6868686676025391,3.486830,1.267144,2.219686
test,"(13, 18)",11,1,74.0,13.0,0.44594594836235046,5.216750,4.983634,0.233116
test,"(207, 92)",272,1,286.0,17.0,0.35664334893226624,4.739081,4.723334,0.015747
test,"(287, 12)",16,1,340.0,8.0,0.3735294044017792,2.230912,1.896822,0.334091
test,"(507, 189)",432,1,4.0,3.0,0.5,7.282416,6.577388,0.705028
test,"(73, 200)",85,1,2.0,1.0,1.0,4.976695,0.572321,4.404374
test,"(14, 58)",15,1,50.0,5.0,0.8199999928474426,1.301143,0.276362,1.024782
test,"(227, 397)",2,1,360.0,6.0,0.3722222149372101,3.317629,2.936483,0.381146
test,"(70, 7)",175,1,209.0,25.0,0.38755980134010315,4.148910,6.301587,-2.152677
test,"(326, 83)",35,1,155.0,25.0,0.19354838132858276,7.903418,3.163387,4.740031
test,"(284, 396)",13,1,19.0,1.0,1.0,1.511345,0.114621,1.396724
test,"(13, 75)",293,1,231.0,12.0,0.523809552192688,3.898010,2.453992,1.444018
test,"(391, 46)",47,1,4.0,2.0,0.75,3.917830,4.395283,-0.477453
test,"(507, 337)",60,1,130.0,32.0,0.23846153914928436,2.913747,1.354272,1.559475
test,"(334, 79)",222,1,198.0,2.0,0.6868686676025391,3.980535,1.271386,2.709149
test,"(282, 90)",334,1,219.0,22.0,0.1780821979045868,5.458694,4.622473,0.836221
test,"(179, 455)",88,1,401.0,1.0,1.0,0.516129,0.041956,0.474173
test,"(187, 11)",432,1,15.0,8.0,0.3333333432674408,4.798170,5.797345,-0.999175
test,"(424, 82)",58,1,324.0,28.0,0.3055555522441864,3.635033,5.413754,-1.778721
test,"(47, 206)",70,1,170.0,9.0,0.4470588266849518,3.860115,6.093963,-2.233848
test,"(62, 49)",32,1,40.0,9.0,0.4000000059604645,3.955410,2.283602,1.671808
test,"(334, 345)",69,1,173.0,9.0,0.8265895843505859,2.104711,0.279672,1.825039
test,"(29, 224)",189,1,318.0,5.0,0.39308175444602966,3.858252,3.028365,0.829887
test,"(256, 83)",38,1,10.0,1.0,1.0,9.041808,11.162709,-2.120901
test,"(36, 45)",51,1,213.0,21.0,0.2535211145877838,3.329391,1.530949,1.798442
test,"(72, 188)",225,1,560.0,59.0,0.1428571492433548,8.753982,9.564508,-0.810526
test,"(199, 17)",15,1,128.0,12.0,0.4609375,2.440140,1.574708,0.865431
test,"(6, 60)",11,1,230.0,24.0,0.22173912823200226,3.798988,1.584196,2.214793
test,"(175, 205)",88,1,83.0,12.0,0.7349397540092468,2.701727,3.522707,-0.820980
test,"(29, 328)",208,1,209.0,5.0,0.4784688949584961,2.616293,1.136491,1.479802
test,"(192, 282)",90,1,2.0,1.0,1.0,2.223783,0.495979,1.727805
test,"(230, 438)",44,1,24.0,9.0,0.3333333432674408,5.262876,1.765655,3.497220
test,"(14, 58)",15,1,50.0,5.0,0.8199999928474426,1.497326,0.282775,1.214551
test,"(15, 13)",15,1,360.0,16.0,0.28333333134651184,2.490695,1.528823,0.961871
test,"(37, 60)",14,1,66.0,14.0,0.24242424964904785,4.111113,5.665669,-1.554556
test,"(75, 241)",12,1,94.0,6.0,0.6489361524581909,3.367560,0.541244,2.826316
test,"(14, 58)",15,1,50.0,5.0,0.8199999928474426,1.442732,0.281111,1.161622
test,"(199, 81)",84,1,45.0,6.0,0.5777778029441833,3.251499,2.915861,0.335638
test,"(13, 69)",64,1,1015.0,24.0,0.24039408564567566,3.926134,5.930248,-2.004114
test,"(304, 12)",86,1,1230.0,20.0,0.43252032995224,2.991939,3.032801,-0.040862
test,"(310, 185)",426,1,499.0,3.0,0.8617234230041504,0.367842,0.169685,0.198157
test,"(249, 64)",85,1,34.0,3.0,0.9117646813392639,4.608510,0.216486,4.392024
test,"(342, 489)",12,1,74.0,2.0,0.7972972989082336,0.158087,0.212604,-0.054517
test,"(17, 452)",83,1,26.0,1.0,1.0,3.641961,0.130305,3.511656
test,"(82, 411)",12,1,713.0,4.0,0.9929873943328857,0.410819,0.039069,0.371750
test,"(12, 457)",442,1,824.0,24.0,0.4223301112651825,1.343268,1.477566,-0.134298
test,"(69, 342)",489,1,402.0,36.0,0.21641790866851807,1.784574,1.692277,0.092297
test,"(208, 50)",79,1,55.0,11.0,0.3272727131843567,3.067480,2.590776,0.476704
test,"(82, 266)",410,1,40.0,13.0,0.30000001192092896,0.635043,1.111318,-0.476275
test,"(75, 194)",465,1,69.0,5.0,0.47826087474823,0.744469,0.799360,-0.054891
test,"(397, 2)",68,1,127.0,7.0,0.29133859276771545,6.070361,6.485780,-0.415419
test,"(127, 107)",27,1,39.0,14.0,0.28205129504203796,4.531686,6.597166,-2.065481
test,"(304, 12)",83,1,1230.0,20.0,0.43252032995224,4.385170,6.589999,-2.204829
test,"(14, 355)",185,1,136.0,1.0,1.0,0.959266,0.066954,0.892312
test,"(66, 92)",27,1,23.0,12.0,0.17391304671764374,3.285194,4.456266,-1.171072
test,"(252, 69)",374,1,489.0,8.0,0.8670756816864014,0.592932,0.180492,0.412440
test,"(185, 426)",232,1,438.0,1.0,1.0,0.200971,0.019053,0.181919
test,"(173, 310)",185,1,6.0,1.0,1.0,0.639207,0.135606,0.503602
test,"(252, 75)",70,0,0.0,0.0,0.0,3.814401,3.614859,0.199542
test,"(12, 457)",231,1,824.0,24.0,0.4223301112651825,5.668808,5.858157,-0.189349
test,"(64, 88)",282,1,617.0,46.0,0.4651539623737335,3.558092,5.639962,-2.081870
test,"(15, 266)",66,1,22.0,4.0,0.7727272510528564,5.102391,4.136877,0.965514
test,"(17, 20)",16,1,174.0,24.0,0.6206896305084229,4.910942,6.561947,-1.651005
test,"(232, 13)",253,1,87.0,28.0,0.36781609058380127,7.913648,3.757377,4.156272
test,"(18, 213)",88,1,114.0,7.0,0.6929824352264404,2.583639,0.461432,2.122207
test,"(305, 181)",208,1,380.0,28.0,0.25526314973831177,1.661014,1.351018,0.309997
test,"(16, 13)",20,1,203.0,17.0,0.7339901328086853,1.698643,0.390640,1.308003
test,"(207, 92)",310,1,286.0,17.0,0.35664334893226624,8.111709,10.083781,-1.972073
test,"(12, 18)",213,1,567.0,37.0,0.20105819404125214,3.632366,1.688766,1.943600
test,"(23, 65)",20,1,4.0,3.0,0.5,9.517819,2.865304,6.652516
test,"(362, 397)",2,1,41.0,2.0,0.5365853905677795,2.873834,0.891423,1.982411
test,"(83, 134)",39,1,106.0,33.0,0.15094339847564697,4.314648,5.841473,-1.526825
test,"(13, 253)",272,1,4.0,4.0,0.25,1.415828,1.190858,0.224970
test,"(396, 60)",11,1,5.0,5.0,0.20000000298023224,3.917233,2.783569,1.133664
test,"(292, 76)",413,1,1.0,1.0,1.0,9.752823,1.482149,8.270673
test,"(6, 92)",460,1,282.0,31.0,0.28014183044433594,3.492625,3.602556,-0.109931
test,"(180, 270)",199,1,677.0,38.0,0.5450516939163208,0.884501,0.600429,0.284072
test,"(476, 502)",409,1,193.0,5.0,0.8756476640701294,4.474037,3.483941,0.990096
test,"(190, 217)",82,1,63.0,21.0,0.1746031790971756,2.385847,3.353402,-0.967555
test,"(208, 50)",296,1,55.0,11.0,0.3272727131843567,5.843484,5.847012,-0.003528
test,"(293, 243)",282,1,479.0,31.0,0.29018789529800415,4.436621,5.191009,-0.754388
test,"(134, 32)",40,1,542.0,45.0,0.11623616516590118,3.502234,3.356441,0.145793
test,"(258, 276)",82,1,205.0,12.0,0.37560975551605225,2.621409,1.051355,1.570054
test,"(88, 367)",134,1,4.0,4.0,0.25,3.099114,2.634787,0.464327
test,"(12, 74)",185,1,35.0,16.0,0.20000000298023224,5.993749,7.337312,-1.343563
test,"(6, 469)",199,1,88.0,11.0,0.6590909361839294,1.149682,0.425330,0.724352
test,"(70, 428)",76,1,183.0,5.0,0.6666666865348816,3.921592,0.508771,3.412821
test,"(254, 120)",134,1,260.0,30.0,0.18076923489570618,4.802944,2.368937,2.434007
test,"(82, 232)",11,1,389.0,47.0,0.3856041133403778,4.025202,3.612930,0.412272
test,"(221, 229)",6,1,343.0,46.0,0.2215743511915207,6.202230,4.421012,1.781218
test,"(251, 285)",110,1,244.0,9.0,0.33196720480918884,2.431765,1.179928,1.251837
test,"(120, 212)",120,1,96.0,15.0,0.2291666716337204,2.533323,2.927558,-0.394235
test,"(361, 84)",182,1,5.0,2.0,0.800000011920929,3.462757,0.519740,2.943017
test,"(13, 79)",235,1,945.0,28.0,0.16613756120204926,6.552994,7.827280,-1.274286
test,"(274, 191)",293,0,0.0,0.0,0.0,2.889055,2.825085,0.063970
test,"(68, 65)",74,1,251.0,18.0,0.35458168387413025,5.882229,3.637285,2.244944
test,"(228, 173)",378,1,595.0,2.0,0.9697479009628296,0.278902,0.053719,0.225183
test,"(34, 425)",393,1,21.0,2.0,0.523809552192688,2.286661,0.785483,1.501178
test,"(208, 253)",272,1,1496.0,16.0,0.8041443824768066,0.080797,0.200272,-0.119475
test,"(23, 15)",225,1,134.0,34.0,0.09701492637395859,5.512898,6.280977,-0.768079
test,"(17, 20)",16,1,174.0,24.0,0.6206896305084229,5.003873,6.609306,-1.605433
test,"(14, 189)",83,0,0.0,0.0,0.0,4.471465,4.508844,-0.037379
test,"(253, 29)",305,1,1481.0,23.0,0.18568535149097443,1.331453,2.422737,-1.091284
test,"(179, 455)",88,1,401.0,1.0,1.0,0.430705,0.036421,0.394283
test,"(293, 275)",200,1,9.0,2.0,0.7777777910232544,3.520260,0.449517,3.070743
test,"(63, 92)",29,1,194.0,20.0,0.34020617604255676,2.975480,1.169244,1.806236
test,"(7, 17)",20,1,81.0,11.0,0.4444444477558136,3.400636,0.918147,2.482489
test,"(11, 15)",13,1,74.0,2.0,0.7837837934494019,3.909108,0.356738,3.552370
test,"(60, 194)",465,1,311.0,3.0,0.8778135180473328,0.718192,0.177178,0.541014
test,"(309, 328)",208,1,106.0,3.0,0.5943396091461182,1.444634,0.588621,0.856014
test,"(16, 21)",309,1,148.0,25.0,0.30405405163764954,1.848928,3.876769,-2.027841
test,"(310, 322)",217,1,357.0,15.0,0.918767511844635,0.556188,0.118187,0.438001
test,"(67, 25)",227,1,268.0,51.0,0.13059701025485992,4.060637,3.700170,0.360467
test,"(194, 465)",12,1,659.0,6.0,0.8330804109573364,0.279330,0.187999,0.091331
test,"(40, 173)",76,1,111.0,2.0,0.6756756901741028,2.880200,0.497024,2.383177
test,"(92, 134)",185,1,232.0,48.0,0.1681034415960312,5.086365,6.659592,-1.573227
test,"(29, 433)",328,1,4.0,2.0,0.5,3.397967,3.830146,-0.432179
test,"(252, 293)",82,1,85.0,1.0,1.0,3.661244,0.110677,3.550567
test,"(397, 2)",69,1,127.0,7.0,0.29133859276771545,4.460869,5.897148,-1.436279
test,"(264, 208)",253,1,291.0,23.0,0.5017182230949402,1.043695,0.676034,0.367662
test,"(183, 324)",178,1,284.0,7.0,0.7605633735656738,1.366149,0.339838,1.026311
test,"(217, 397)",12,1,69.0,2.0,0.9855072498321533,5.815753,8.112116,-2.296363
test,"(75, 77)",70,1,14.0,3.0,0.5714285969734192,4.359454,1.554949,2.804505
test,"(365, 127)",114,1,329.0,8.0,0.31003040075302124,3.273535,1.844231,1.429304
test,"(355, 185)",272,1,479.0,13.0,0.5031315088272095,2.634752,0.965711,1.669040
test,"(309, 305)",172,1,229.0,5.0,0.3362445533275604,1.444216,1.115007,0.329208
test,"(292, 79)",29,1,63.0,2.0,0.9841269850730896,4.500259,0.131998,4.368262
test,"(208, 44)",64,1,30.0,9.0,0.36666667461395264,3.073848,3.935878,-0.862030
test,"(66, 293)",326,1,104.0,10.0,0.5384615659713745,4.369764,0.724613,3.645151
test,"(69, 342)",489,1,402.0,36.0,0.21641790866851807,1.930932,1.704769,0.226163
test,"(176, 304)",12,1,7.0,2.0,0.8571428656578064,0.289916,1.444588,-1.154672
test,"(12, 457)",442,1,824.0,24.0,0.4223301112651825,2.050046,1.537275,0.512772
test,"(82, 69)",178,1,115.0,9.0,0.7217391133308411,3.318479,0.430752,2.887727
test,"(29, 133)",224,1,434.0,16.0,0.20506912469863892,3.085794,2.380209,0.705585
test,"(12, 83)",362,1,202.0,14.0,0.3316831588745117,5.513239,2.220450,3.292789
test,"(374, 228)",173,1,514.0,1.0,1.0,0.404246,0.034800,0.369446
test,"(272, 252)",69,1,2224.0,26.0,0.254046767950058,1.517935,1.547833,-0.029898
test,"(252, 69)",374,1,489.0,8.0,0.8670756816864014,0.316793,0.159656,0.157138
test,"(457, 303)",67,1,16.0,2.0,0.875,4.914437,6.547288,-1.632851
test,"(479, 266)",410,1,9.0,4.0,0.4444444477558136,1.210131,0.951191,0.258940
test,"(92, 272)",252,1,128.0,2.0,0.890625,0.145818,0.113834,0.031984
test,"(14, 16)",20,1,19.0,5.0,0.4736842215061188,3.812217,2.175533,1.636684
test,"(78, 265)",29,1,5.0,3.0,0.6000000238418579,3.657379,5.559255,-1.901876
test,"(32, 234)",71,1,178.0,2.0,0.9382022619247437,1.012777,0.129750,0.883028
test,"(72, 78)",13,1,391.0,42.0,0.18414321541786194,4.391553,2.540190,1.851363
test,"(7, 325)",199,1,9.0,6.0,0.3333333432674408,6.642675,3.632827,3.009847
test,"(14, 77)",413,1,66.0,10.0,0.27272728085517883,3.841914,2.795076,1.046838
test,"(13, 86)",200,1,210.0,15.0,0.25238096714019775,3.300194,2.179358,1.120835
test,"(269, 249)",312,1,60.0,6.0,0.28333333134651184,2.980015,1.383203,1.596812
test,"(36, 222)",71,1,41.0,1.0,1.0,2.511054,0.112354,2.398700
test,"(13, 66)",400,1,794.0,28.0,0.2745591998100281,1.993291,1.718436,0.274855
test,"(85, 327)",82,1,353.0,33.0,0.22662889957427979,2.280552,1.505841,0.774711
test,"(43, 78)",66,1,423.0,8.0,0.47754135727882385,3.013764,1.835737,1.178026
test,"(199, 17)",12,1,128.0,12.0,0.4609375,4.008664,0.885222,3.123442
test,"(235, 70)",71,1,116.0,6.0,0.732758641242981,4.492562,0.422510,4.070052
test,"(254, 120)",226,1,260.0,30.0,0.18076923489570618,1.042559,1.585537,-0.542979
test,"(134, 35)",192,1,676.0,36.0,0.417159765958786,1.474755,0.906905,0.567849
test,"(318, 76)",350,1,50.0,3.0,0.6000000238418579,6.622629,2.830606,3.792023
test,"(179, 250)",92,1,204.0,18.0,0.406862735748291,1.052096,0.875124,0.176972
test,"(70, 213)",87,1,11.0,3.0,0.8181818127632141,3.981366,0.375126,3.606240
test,"(75, 304)",12,1,21.0,2.0,0.8095238208770752,0.159492,0.192806,-0.033314
test,"(60, 304)",12,1,256.0,2.0,0.87109375,0.261808,0.148689,0.113119
test,"(67, 361)",205,1,59.0,1.0,1.0,2.635575,0.109479,2.526096
test,"(433, 481)",292,1,48.0,8.0,0.2708333432674408,3.338360,1.386567,1.951793
test,"(213, 78)",426,1,219.0,5.0,0.3561643958091736,5.056282,1.144920,3.911362
test,"(134, 23)",281,1,147.0,28.0,0.2380952388048172,1.388089,2.909920,-1.521831
test,"(134, 68)",218,1,722.0,31.0,0.2506925165653229,7.783656,4.560934,3.222722
test,"(196, 180)",331,1,256.0,26.0,0.33203125,5.485201,4.162677,1.322525
test,"(287, 83)",236,1,41.0,6.0,0.5853658318519592,7.011294,9.256727,-2.245433
test,"(134, 200)",417,1,129.0,7.0,0.45736435055732727,2.700902,0.880689,1.820212
test,"(26, 186)",419,1,592.0,40.0,0.2753378450870514,4.269099,4.297909,-0.028809
test,"(350, 250)",436,0,0.0,0.0,0.0,15.327109,10.323106,5.004003
test,"(175, 33)",83,1,50.0,7.0,0.6600000262260437,3.598248,3.120862,0.477386
test,"(311, 26)",186,1,204.0,10.0,0.46078431606292725,1.466561,0.820137,0.646424
test,"(236, 64)",268,1,3.0,2.0,0.6666666865348816,6.624976,8.701912,-2.076935
test,"(455, 81)",223,1,2.0,1.0,1.0,3.128532,0.529743,2.598789
test,"(82, 81)",66,1,34.0,4.0,0.7941176295280457,4.618193,0.360722,4.257472
test,"(180, 331)",314,1,28.0,6.0,0.4285714328289032,6.453428,1.010556,5.442872
test,"(236, 64)",62,1,3.0,2.0,0.6666666865348816,5.157624,4.754728,0.402896
test,"(259, 199)",81,1,405.0,83.0,0.14320987462997437,7.017283,3.732284,3.285000
test,"(13, 182)",261,1,375.0,23.0,0.23199999332427979,4.364646,2.233646,2.131000
test,"(68, 358)",64,1,32.0,7.0,0.5625,3.299562,2.328999,0.970563
test,"(432, 175)",255,1,40.0,2.0,0.574999988079071,3.522492,0.683057,2.839436
test,"(324, 67)",62,1,293.0,26.0,0.351535826921463,3.609263,2.120868,1.488395
test,"(240, 69)",72,1,106.0,10.0,0.7264150977134705,2.045870,1.980292,0.065578
test,"(133, 77)",402,1,12.0,3.0,0.8333333134651184,3.847093,0.354563,3.492530
test,"(76, 175)",244,1,578.0,64.0,0.22145329415798187,5.819173,1.605527,4.213646
test,"(1, 60)",193,1,401.0,31.0,0.21945136785507202,2.920232,2.560667,0.359566
test,"(67, 59)",59,1,32.0,3.0,0.6875,1.166888,1.274273,-0.107385
test,"(15, 19)",18,1,256.0,15.0,0.65234375,1.751894,0.502317,1.249577
test,"(15, 19)",18,1,256.0,15.0,0.65234375,1.626336,0.498490,1.127846
test,"(18, 23)",59,1,31.0,5.0,0.7096773982048035,2.020808,0.458358,1.562450
test,"(15, 19)",18,1,256.0,15.0,0.65234375,1.355184,0.488457,0.866727
test,"(15, 1)",224,1,59.0,16.0,0.2881355881690979,6.245737,2.657118,3.588619
test,"(224, 134)",8,1,586.0,68.0,0.11262798309326172,6.548653,2.608064,3.940589
test,"(59, 59)",84,1,320.0,18.0,0.22499999403953552,2.615565,1.647409,0.968156
test,"(15, 19)",19,1,256.0,15.0,0.65234375,1.753309,1.834023,-0.080714
test,"(19, 18)",23,1,191.0,18.0,0.15706805884838104,3.798372,2.142078,1.656294
test,"(79, 75)",88,1,358.0,12.0,0.3268156349658966,3.270525,1.214319,2.056205
test,"(193, 134)",8,1,864.0,79.0,0.08796296268701553,5.625579,2.531914,3.093665
test,"(8, 186)",320,1,783.0,44.0,0.17496807873249054,4.995217,3.808999,1.186218
test,"(78, 237)",67,1,255.0,3.0,0.7803921699523926,2.175485,0.339656,1.835829
test,"(87, 25)",196,1,122.0,28.0,0.15573769807815552,9.691657,3.448439,6.243218
test,"(76, 62)",74,1,137.0,19.0,0.20437955856323242,5.028255,3.325133,1.703121
test,"(133, 354)",179,1,88.0,4.0,0.9431818127632141,1.298739,0.132588,1.166151
test,"(173, 18)",13,1,9.0,4.0,0.4444444477558136,3.668404,1.088255,2.580149
test,"(18, 13)",35,1,66.0,20.0,0.19696970283985138,5.566931,3.969963,1.596968
test,"(340, 7)",1,1,233.0,32.0,0.4163089990615845,2.901505,0.961741,1.939765
test,"(188, 13)",176,1,572.0,39.0,0.32692307233810425,5.504301,1.957034,3.547267
test,"(26, 186)",207,1,592.0,40.0,0.2753378450870514,3.680330,1.368029,2.312301
test,"(134, 206)",86,1,236.0,12.0,0.4449152648448944,2.305027,1.491283,0.813745
test,"(336, 74)",197,1,194.0,11.0,0.8298969268798828,1.914771,0.269502,1.645270
test,"(15, 8)",352,1,203.0,28.0,0.1231527104973793,6.883626,5.066662,1.816965
test,"(32, 234)",71,1,178.0,2.0,0.9382022619247437,1.028305,0.130387,0.897918
test,"(180, 360)",222,1,43.0,9.0,0.302325576543808,2.566859,2.478009,0.088850
test,"(73, 82)",177,1,440.0,14.0,0.6568182110786438,4.268441,0.525389,3.743052
test,"(233, 70)",7,1,673.0,34.0,0.25557205080986023,3.581500,1.457168,2.124331
test,"(413, 72)",424,1,32.0,1.0,1.0,5.918218,0.128679,5.789539
test,"(15, 60)",30,1,281.0,35.0,0.13523131608963013,6.241073,2.726560,3.514513
test,"(25, 266)",72,1,61.0,17.0,0.37704917788505554,4.342959,3.819798,0.523162
test,"(389, 133)",133,1,894.0,13.0,0.7203579545021057,1.324727,1.367209,-0.042482
test,"(25, 199)",448,1,2122.0,114.0,0.12205466628074646,3.453423,3.947806,-0.494383
test,"(206, 66)",255,1,110.0,1.0,1.0,3.536425,0.108616,3.427809
test,"(186, 508)",77,1,54.0,8.0,0.25925925374031067,8.577976,2.234095,6.343882
test,"(49, 45)",32,1,34.0,8.0,0.38235294818878174,3.525403,1.103454,2.421949
test,"(46, 49)",35,1,247.0,24.0,0.2712550461292267,3.883007,1.566004,2.317003
test,"(303, 178)",68,1,54.0,2.0,0.7222222089767456,2.085049,0.427489,1.657560
test,"(1, 420)",278,1,4.0,1.0,1.0,4.393826,6.684219,-2.290393
test,"(11, 264)",399,1,254.0,34.0,0.22047244012355804,4.099535,4.434808,-0.335273
test,"(299, 134)",345,1,39.0,21.0,0.23076923191547394,7.603654,7.544424,0.059230
test,"(13, 80)",84,1,96.0,2.0,0.9791666865348816,0.533434,0.063257,0.470177
test,"(344, 224)",134,1,2.0,2.0,0.5,2.007581,1.532542,0.475040
test,"(79, 84)",134,1,53.0,17.0,0.2830188572406769,5.759659,7.362935,-1.603276
test,"(190, 13)",83,1,95.0,18.0,0.31578946113586426,2.924485,1.744204,1.180281
test,"(82, 134)",200,1,518.0,77.0,0.11776062101125717,5.223123,6.575080,-1.351957
test,"(218, 193)",297,1,571.0,29.0,0.2924693524837494,1.650465,2.469490,-0.819025
test,"(178, 7)",176,1,248.0,29.0,0.24596774578094482,5.118661,2.702775,2.415886
test,"(13, 76)",78,1,224.0,15.0,0.2455357164144516,2.437113,1.506879,0.930235
test,"(13, 83)",82,1,1034.0,21.0,0.1847195327281952,3.996032,1.798964,2.197068
test,"(78, 67)",84,1,495.0,27.0,0.3292929232120514,3.466059,1.207006,2.259053
test,"(207, 367)",199,1,659.0,2.0,0.9908952713012695,0.222837,0.028151,0.194686
test,"(82, 14)",83,1,550.0,57.0,0.1581818163394928,4.513396,2.804807,1.708589
test,"(73, 82)",14,1,440.0,14.0,0.6568182110786438,1.847820,1.555126,0.292694
test,"(78, 67)",84,1,495.0,27.0,0.3292929232120514,3.936209,1.210931,2.725278
test,"(67, 84)",188,1,264.0,8.0,0.6174242496490479,2.898610,0.581152,2.317458
test,"(84, 188)",207,1,216.0,26.0,0.17129629850387573,5.670884,1.882989,3.787894
test,"(84, 188)",82,1,216.0,26.0,0.17129629850387573,4.459768,2.505611,1.954157
test,"(76, 78)",67,1,437.0,21.0,0.20366132259368896,2.609002,2.166746,0.442256
test,"(85, 298)",68,1,366.0,4.0,0.9344262480735779,0.928229,0.127397,0.800831
test,"(35, 33)",62,1,78.0,7.0,0.8974359035491943,6.164510,0.220844,5.943666
test,"(361, 50)",176,1,81.0,2.0,0.9876543283462524,3.130271,0.120923,3.009348
test,"(52, 50)",36,1,57.0,8.0,0.4912280738353729,3.008525,0.818603,2.189922
test,"(68, 13)",340,1,613.0,39.0,0.31647634506225586,4.020928,2.270132,1.750796
test,"(128, 141)",226,1,238.0,18.0,0.5630252361297607,1.861213,0.620223,1.240990
test,"(226, 230)",127,1,32.0,17.0,0.21875,2.508099,1.655443,0.852656
test,"(203, 238)",414,1,311.0,37.0,0.2668810188770294,4.228948,5.537786,-1.308838
test,"(199, 84)",79,1,26.0,6.0,0.3461538553237915,2.722931,2.027040,0.695891
test,"(82, 480)",11,1,50.0,12.0,0.2800000011920929,4.715304,3.392545,1.322759
test,"(413, 25)",199,1,6.0,2.0,0.6666666865348816,2.738822,1.470748,1.268074
test,"(82, 25)",189,1,913.0,60.0,0.1489594727754593,2.818031,2.448169,0.369862
test,"(11, 193)",194,1,608.0,39.0,0.24013157188892365,4.143074,4.740991,-0.597917
test,"(78, 67)",84,1,495.0,27.0,0.3292929232120514,3.494910,1.207303,2.287607
test,"(40, 43)",36,1,317.0,13.0,0.8832807540893555,1.098454,0.184942,0.913513
test,"(393, 11)",134,1,19.0,8.0,0.5263158082962036,1.498966,0.667596,0.831370
test,"(80, 84)",64,1,561.0,13.0,0.3707664906978607,7.112138,3.126778,3.985360
test,"(199, 31)",14,1,309.0,4.0,0.6893203854560852,1.703212,0.449587,1.253625
test,"(87, 79)",72,1,77.0,8.0,0.4025973975658417,3.933924,1.134431,2.799493
test,"(272, 282)",63,1,193.0,7.0,0.9637305736541748,3.395649,0.139861,3.255788
test,"(365, 127)",123,1,329.0,8.0,0.31003040075302124,3.086239,1.783194,1.303045
test,"(24, 19)",32,1,3.0,2.0,0.6666666865348816,8.055296,9.133703,-1.078407
test,"(65, 12)",23,1,263.0,15.0,0.22813688218593597,3.900350,2.728044,1.172306
test,"(127, 123)",134,1,463.0,24.0,0.17926566302776337,5.804615,5.772451,0.032164
test,"(309, 328)",189,1,106.0,3.0,0.5943396091461182,2.890115,1.400669,1.489446
test,"(457, 442)",287,1,182.0,2.0,0.9615384340286255,0.853600,0.097287,0.756313
test,"(2, 36)",17,1,8.0,3.0,0.75,4.545620,6.636483,-2.090863
test,"(345, 25)",65,1,558.0,12.0,0.560931921005249,1.611041,0.646074,0.964968
test,"(14, 20)",304,1,315.0,25.0,0.3142857253551483,4.549340,2.972493,1.576847
test,"(185, 29)",264,1,248.0,22.0,0.125,2.426764,2.459895,-0.033132
test,"(82, 232)",82,1,389.0,47.0,0.3856041133403778,2.054557,0.995337,1.059221
test,"(133, 79)",17,1,103.0,8.0,0.737864077091217,5.991332,8.232621,-2.241289
test,"(17, 62)",184,1,14.0,7.0,0.2857142984867096,4.968225,6.000808,-1.032584
test,"(232, 82)",58,1,289.0,37.0,0.4463667869567871,2.759889,4.736324,-1.976435
test,"(206, 69)",72,1,149.0,2.0,0.9865771532058716,2.289640,0.111933,2.177707
test,"(82, 11)",133,1,676.0,62.0,0.21301774680614471,4.151274,4.789459,-0.638184
test,"(262, 82)",82,1,24.0,1.0,1.0,3.014427,0.131041,2.883385
test,"(224, 419)",303,1,50.0,12.0,0.20000000298023224,4.472827,4.971658,-0.498831
test,"(177, 13)",67,1,97.0,9.0,0.3711340129375458,4.253896,1.166606,3.087290
test,"(199, 31)",77,1,309.0,4.0,0.6893203854560852,4.352725,1.296323,3.056402
test,"(71, 389)",133,1,37.0,1.0,1.0,0.077866,0.011167,0.066699
test,"(315, 11)",134,1,61.0,10.0,0.4262295067310333,1.817467,0.893541,0.923926
test,"(319, 14)",84,1,19.0,8.0,0.3684210479259491,4.152594,2.791426,1.361167
test,"(383, 88)",25,1,58.0,23.0,0.1034482792019844,3.022166,2.342722,0.679444
test,"(7, 467)",13,1,195.0,11.0,0.3897435963153839,2.847162,2.067133,0.780029
test,"(66, 134)",340,1,90.0,11.0,0.7666666507720947,6.095849,0.380641,5.715208
test,"(241, 182)",274,1,305.0,3.0,0.9770491719245911,2.251241,0.118480,2.132761
test,"(182, 261)",34,1,201.0,28.0,0.1890547275543213,3.880342,2.708841,1.171502
test,"(189, 186)",311,1,766.0,36.0,0.20757180452346802,2.779647,2.195128,0.584519
test,"(298, 68)",13,1,448.0,34.0,0.3370535671710968,2.815717,1.169145,1.646571
test,"(508, 13)",196,1,131.0,21.0,0.28244274854660034,2.670718,1.347541,1.323177
test,"(13, 196)",218,1,798.0,29.0,0.19298245012760162,3.796152,2.025874,1.770278
test,"(323, 11)",186,1,195.0,25.0,0.25128206610679626,3.429356,2.449446,0.979910
test,"(68, 8)",134,1,385.0,20.0,0.5896103978157043,4.216557,2.682957,1.533600
test,"(84, 176)",88,1,351.0,2.0,0.9743589758872986,1.988935,0.117682,1.871253
test,"(420, 88)",77,1,551.0,1.0,1.0,1.830833,0.088944,1.741889
test,"(196, 218)",195,1,157.0,14.0,0.2738853394985199,2.429759,1.343803,1.085956
test,"(333, 7)",186,1,75.0,18.0,0.2266666740179062,6.385665,5.548845,0.836820
test,"(317, 196)",259,1,34.0,4.0,0.8529411554336548,3.260538,0.283479,2.977059
test,"(196, 25)",323,1,489.0,31.0,0.3108384311199188,0.671601,1.100934,-0.429333
test,"(192, 383)",88,1,31.0,1.0,1.0,1.862521,0.099944,1.762577
test,"(134, 504)",218,1,371.0,41.0,0.4312668442726135,3.940710,4.834932,-0.894223
test,"(11, 508)",13,1,54.0,13.0,0.29629629850387573,1.754254,1.607919,0.146335
test,"(26, 195)",207,1,684.0,39.0,0.17105263471603394,2.626128,1.889239,0.736890
test,"(195, 207)",388,1,543.0,13.0,0.41436463594436646,2.839522,1.242531,1.596992
test,"(7, 186)",134,1,60.0,10.0,0.550000011920929,1.832558,0.661717,1.170841
test,"(290, 200)",184,1,61.0,4.0,0.6721311211585999,3.068738,0.509359,2.559380
test,"(199, 504)",52,1,7.0,3.0,0.7142857313156128,5.730001,6.416582,-0.686580
test,"(176, 85)",298,1,253.0,1.0,1.0,1.220160,0.075702,1.144458
test,"(35, 47)",403,1,56.0,10.0,0.6785714030265808,5.111505,0.507998,4.603507
test,"(508, 25)",134,1,70.0,10.0,0.6000000238418579,2.539323,0.595740,1.943583
test,"(221, 134)",365,1,349.0,30.0,0.28080227971076965,3.516253,1.369697,2.146556
test,"(78, 188)",82,1,657.0,14.0,0.5190258622169495,2.284894,2.656281,-0.371387
test,"(32, 35)",44,1,103.0,11.0,0.5339806079864502,5.466495,0.742574,4.723921
test,"(52, 52)",40,1,55.0,1.0,1.0,3.324768,0.114428,3.210340
test,"(82, 259)",193,1,127.0,23.0,0.22834645211696625,2.605988,2.362471,0.243517
test,"(414, 212)",116,1,220.0,19.0,0.1818181872367859,2.888560,2.872419,0.016140
test,"(218, 193)",207,1,571.0,29.0,0.2924693524837494,2.280678,1.292919,0.987759
test,"(432, 72)",76,1,254.0,8.0,0.4645669162273407,4.267447,1.751313,2.516134
test,"(77, 66)",267,1,688.0,38.0,0.26889535784721375,6.645016,3.099167,3.545849
test,"(434, 199)",72,1,364.0,49.0,0.24725274741649628,4.397713,6.221039,-1.823326
test,"(189, 510)",11,1,21.0,1.0,1.0,4.778566,6.608846,-1.830280
test,"(182, 80)",11,1,169.0,20.0,0.39053255319595337,5.879345,3.537089,2.342256
test,"(190, 236)",7,1,448.0,39.0,0.4174107015132904,3.862550,2.279342,1.583208
test,"(73, 79)",68,1,5.0,2.0,0.6000000238418579,2.242497,0.863231,1.379266
test,"(259, 290)",200,1,31.0,1.0,1.0,5.153483,0.127484,5.026000
test,"(47, 403)",68,1,52.0,2.0,0.8461538553237915,5.918355,0.284095,5.634260
test,"(31, 49)",78,1,18.0,1.0,1.0,2.628891,0.135987,2.492904
test,"(26, 195)",207,1,684.0,39.0,0.17105263471603394,2.544728,1.885188,0.659540
test,"(391, 64)",70,1,45.0,3.0,0.6666666865348816,1.929967,0.503893,1.426074
test,"(31, 14)",83,1,214.0,5.0,0.322429895401001,4.724559,1.490640,3.233919
test,"(79, 82)",189,1,301.0,25.0,0.4451827108860016,6.548375,2.468453,4.079923
test,"(301, 192)",317,1,543.0,27.0,0.32044199109077454,4.469360,2.251664,2.217696
test,"(68, 313)",91,1,4.0,1.0,1.0,0.191510,0.130330,0.061180
test,"(179, 250)",11,1,204.0,18.0,0.406862735748291,2.985930,2.753104,0.232826
test,"(477, 250)",317,1,189.0,18.0,0.40740740299224854,6.142607,5.012822,1.129785
test,"(193, 272)",252,1,29.0,2.0,0.7241379022598267,0.159665,0.279131,-0.119466
test,"(12, 82)",411,1,961.0,17.0,0.6826222538948059,0.366861,0.380730,-0.013869
test,"(65, 295)",12,1,496.0,6.0,0.8830645084381104,0.321605,0.138310,0.183296
test,"(82, 411)",12,1,713.0,4.0,0.9929873943328857,0.120208,0.016081,0.104126
test,"(81, 179)",250,1,313.0,32.0,0.6517571806907654,2.249974,0.514650,1.735324
test,"(433, 193)",231,1,49.0,6.0,0.6326530575752258,5.796923,2.001444,3.795479
test,"(92, 193)",399,1,170.0,21.0,0.24117647111415863,3.237108,2.346335,0.890774
test,"(182, 67)",245,1,348.0,53.0,0.11781609058380127,11.835567,3.969069,7.866498
test,"(208, 175)",373,1,121.0,1.0,1.0,1.518275,0.087166,1.431109
test,"(25, 65)",295,1,462.0,5.0,0.6320346593856812,3.070330,1.172773,1.897557
test,"(8, 291)",331,1,1310.0,44.0,0.3946564793586731,2.482251,2.320595,0.161656
test,"(489, 12)",82,1,628.0,16.0,0.20859873294830322,1.937947,1.599392,0.338555
test,"(292, 78)",505,1,13.0,1.0,1.0,2.885869,0.157534,2.728335
test,"(481, 434)",199,1,23.0,3.0,0.782608687877655,0.873129,0.285735,0.587394
test,"(224, 292)",485,1,229.0,9.0,0.6943231225013733,2.339111,1.693302,0.645809
test,"(17, 194)",374,1,20.0,2.0,0.8999999761581421,1.155345,0.200688,0.954657
test,"(12, 87)",82,1,452.0,4.0,0.5508849620819092,2.084778,1.067809,1.016969
test,"(194, 465)",12,1,659.0,6.0,0.8330804109573364,0.125378,0.172922,-0.047544
test,"(229, 351)",6,1,508.0,42.0,0.2696850299835205,4.245576,3.159016,1.086561
test,"(127, 120)",212,1,421.0,37.0,0.1876484602689743,3.835182,3.367736,0.467446
test,"(376, 123)",203,1,31.0,10.0,0.29032257199287415,2.725466,2.479356,0.246110
test,"(110, 221)",251,1,175.0,11.0,0.6571428775787354,2.014566,0.493556,1.521010
test,"(51, 50)",12,1,20.0,12.0,0.15000000596046448,6.687540,8.560797,-1.873258
test,"(128, 141)",226,1,238.0,18.0,0.5630252361297607,2.067466,0.625626,1.441840
test,"(439, 212)",118,1,7.0,4.0,0.4285714328289032,1.865579,2.851714,-0.986135
test,"(120, 134)",129,1,98.0,24.0,0.15306122601032257,3.723452,4.926903,-1.203451
test,"(221, 13)",133,1,34.0,15.0,0.20588235557079315,4.293283,1.774180,2.519103
test,"(234, 84)",182,1,50.0,2.0,0.9399999976158142,3.613055,0.179305,3.433750
test,"(133, 133)",404,1,2512.0,71.0,0.19864650070667267,2.690270,3.091636,-0.401366
test,"(82, 13)",79,1,1646.0,100.0,0.11907655000686646,2.776360,2.165072,0.611287
test,"(13, 79)",190,1,945.0,28.0,0.16613756120204926,2.130528,1.821893,0.308635
test,"(278, 13)",70,1,11.0,3.0,0.8181818127632141,5.302317,6.561303,-1.258987
test,"(190, 71)",11,1,542.0,35.0,0.33763837814331055,3.352549,2.225532,1.127017
test,"(234, 69)",12,1,114.0,3.0,0.9122806787490845,6.532756,0.203966,6.328790
test,"(60, 352)",28,1,54.0,13.0,0.6481481194496155,0.903402,0.413414,0.489988
test,"(228, 11)",191,1,70.0,13.0,0.2571428716182709,4.246707,2.337838,1.908869
test,"(76, 7)",75,1,127.0,31.0,0.18110236525535583,4.324924,2.264852,2.060072
test,"(200, 428)",88,1,107.0,1.0,1.0,1.948361,0.094644,1.853717
test,"(60, 11)",337,1,485.0,48.0,0.09690721333026886,4.994889,4.543239,0.451650
test,"(222, 66)",62,1,154.0,19.0,0.15584415197372437,2.803875,3.440710,-0.636835
test,"(193, 134)",233,1,864.0,79.0,0.08796296268701553,4.071608,3.139780,0.931828
test,"(62, 76)",458,1,263.0,15.0,0.1863117814064026,4.124129,1.785252,2.338877
test,"(477, 321)",7,1,99.0,2.0,0.9494949579238892,2.805482,0.155838,2.649644
test,"(70, 79)",62,1,19.0,5.0,0.5263158082962036,2.799999,1.810937,0.989062
test,"(308, 134)",81,1,316.0,37.0,0.3670886158943176,4.207888,1.104259,3.103628
test,"(183, 78)",445,1,442.0,11.0,0.44570136070251465,3.810801,1.464113,2.346688
test,"(62, 233)",70,1,110.0,8.0,0.290909081697464,1.991098,1.895213,0.095885
test,"(72, 87)",180,1,188.0,28.0,0.26595744490623474,3.565152,4.054385,-0.489234
test,"(233, 70)",79,1,673.0,34.0,0.25557205080986023,5.946182,4.742371,1.203811
test,"(87, 13)",287,1,58.0,27.0,0.1034482792019844,5.086623,3.221088,1.865534
test,"(83, 200)",340,1,210.0,2.0,0.961904764175415,4.120986,0.145375,3.975611
test,"(72, 87)",180,1,188.0,28.0,0.26595744490623474,3.965119,4.109654,-0.144535
test,"(167, 127)",159,1,72.0,16.0,0.2638888955116272,2.994275,1.547869,1.446405
test,"(260, 502)",127,1,7.0,2.0,0.5714285969734192,6.417988,5.052859,1.365129
test,"(83, 15)",25,1,13.0,2.0,0.5384615659713745,3.350133,0.823568,2.526565
test,"(60, 25)",193,1,222.0,24.0,0.2567567527294159,3.235091,1.447461,1.787630
test,"(29, 23)",13,1,44.0,3.0,0.7045454382896423,4.610574,0.476037,4.134537
test,"(409, 128)",143,1,104.0,2.0,0.8846153616905212,2.861138,2.254468,0.606670
test,"(70, 64)",175,1,24.0,5.0,0.7916666865348816,2.151087,0.353402,1.797685
test,"(201, 128)",140,1,228.0,7.0,0.34210526943206787,1.696786,1.643279,0.053507
test,"(356, 193)",511,1,129.0,21.0,0.23255814611911774,1.830977,1.504742,0.326235
test,"(201, 212)",121,1,289.0,17.0,0.2560553550720215,2.839914,1.431487,1.408427
test,"(28, 278)",62,1,92.0,30.0,0.32608696818351746,3.942167,1.232664,2.709503
test,"(78, 70)",175,1,161.0,18.0,0.23602484166622162,3.292444,1.538196,1.754249
test,"(175, 47)",276,1,22.0,4.0,0.4545454680919647,5.306336,1.083106,4.223230
test,"(280, 188)",67,1,394.0,35.0,0.2893401086330414,3.125081,4.269571,-1.144490
test,"(196, 83)",71,1,252.0,1.0,1.0,1.768234,0.089308,1.678926
test,"(222, 68)",12,1,622.0,46.0,0.28938907384872437,4.108331,1.449568,2.658763
test,"(267, 79)",498,1,379.0,12.0,0.8364115953445435,0.769791,0.225604,0.544187
test,"(19, 15)",303,1,153.0,41.0,0.09150326997041702,5.143017,2.863049,2.279969
test,"(16, 309)",36,1,141.0,15.0,0.26950353384017944,10.052863,3.868426,6.184437
test,"(36, 247)",349,1,68.0,1.0,1.0,1.942335,0.098737,1.843598
test,"(347, 272)",252,1,58.0,2.0,0.6896551847457886,0.107933,0.328233,-0.220300
test,"(78, 66)",435,1,661.0,16.0,0.29349470138549805,2.789336,1.310644,1.478693
test,"(331, 36)",247,1,100.0,3.0,0.44999998807907104,5.240246,2.374354,2.865892
test,"(498, 66)",464,1,317.0,1.0,1.0,1.250285,0.076239,1.174046
test,"(67, 310)",322,1,16.0,4.0,0.5,1.198189,0.748052,0.450137
test,"(12, 65)",295,1,1221.0,22.0,0.29893529415130615,2.649309,1.679656,0.969653
test,"(252, 79)",246,1,133.0,7.0,0.8646616339683533,5.619214,3.001513,2.617700
test,"(454, 217)",92,1,259.0,22.0,0.15830115973949432,3.710220,2.321451,1.388769
test,"(365, 238)",229,1,28.0,4.0,0.4642857015132904,3.756800,0.915698,2.841102
test,"(478, 251)",201,1,145.0,10.0,0.35172414779663086,3.048768,1.330294,1.718473
test,"(195, 316)",85,1,16.0,4.0,0.5625,3.531075,0.716848,2.814227
test,"(47, 64)",88,1,75.0,3.0,0.9733333587646484,2.038670,0.124571,1.914099
test,"(29, 189)",195,1,180.0,4.0,0.550000011920929,0.789322,0.619735,0.169587
test,"(67, 401)",26,1,572.0,34.0,0.18356643617153168,0.839754,1.586005,-0.746251
test,"(51, 68)",64,1,276.0,6.0,0.6557971239089966,3.374616,2.132338,1.242278
test,"(64, 88)",454,1,617.0,46.0,0.4651539623737335,1.931802,0.835547,1.096255
test,"(7, 63)",14,1,303.0,39.0,0.2013201266527176,3.524544,1.682828,1.841715
test,"(233, 393)",47,1,622.0,48.0,0.3938906788825989,5.106393,5.463916,-0.357523
test,"(435, 180)",270,1,67.0,16.0,0.6567164063453674,2.308141,0.505667,1.802474
test,"(190, 435)",180,1,442.0,45.0,0.1719457060098648,2.591329,2.001303,0.590026
test,"(71, 11)",195,1,153.0,29.0,0.12418300658464432,5.597367,3.946023,1.651344
test,"(67, 217)",25,1,327.0,51.0,0.29663607478141785,2.485104,1.270366,1.214738
test,"(18, 6)",207,1,25.0,6.0,0.47999998927116394,3.608372,1.808757,1.799616
test,"(465, 50)",410,1,87.0,1.0,1.0,2.283495,0.102389,2.181106
test,"(178, 25)",199,1,393.0,34.0,0.4987277388572693,0.192852,0.618250,-0.425398
test,"(90, 194)",465,1,43.0,3.0,0.7906976938247681,0.572615,0.274954,0.297661
test,"(465, 54)",68,1,29.0,1.0,1.0,4.604327,0.128625,4.475702
test,"(188, 282)",90,1,261.0,15.0,0.7969348430633545,1.616989,0.302995,1.313994
test,"(322, 70)",415,1,209.0,1.0,1.0,0.707048,0.055318,0.651731
test,"(364, 6)",207,1,51.0,1.0,1.0,3.942008,0.117240,3.824768
test,"(67, 25)",199,1,268.0,51.0,0.13059701025485992,0.735241,1.696143,-0.960902
test,"(325, 292)",485,1,243.0,12.0,0.5925925970077515,1.944439,1.715439,0.229000
test,"(15, 364)",259,1,84.0,7.0,0.2857142984867096,1.742831,1.321979,0.420852
test,"(201, 229)",351,1,688.0,33.0,0.21656976640224457,0.772659,1.405676,-0.633017
test,"(70, 415)",67,1,210.0,1.0,1.0,0.370607,0.031692,0.338916
test,"(134, 202)",361,1,140.0,13.0,0.20714285969734192,6.072984,1.854352,4.218631
test,"(25, 199)",16,1,2122.0,114.0,0.12205466628074646,3.031683,2.593909,0.437774
test,"(110, 409)",221,1,137.0,14.0,0.5328466892242432,2.469593,2.476234,-0.006642
test,"(69, 374)",259,1,510.0,13.0,0.3803921639919281,4.789561,2.728207,2.061354
test,"(68, 361)",71,1,175.0,2.0,0.8799999952316284,1.488399,0.207423,1.280975
test,"(435, 25)",199,1,250.0,16.0,0.47200000286102295,0.485811,1.332976,-0.847166
test,"(83, 71)",25,1,681.0,51.0,0.11747430264949799,2.834057,2.190029,0.644028
test,"(345, 69)",233,1,143.0,1.0,1.0,5.110496,0.109761,5.000734
test,"(358, 68)",361,1,107.0,6.0,0.44859811663627625,4.031484,0.916807,3.114677
test,"(364, 259)",225,1,232.0,22.0,0.22413793206214905,4.924803,4.306096,0.618707
test,"(199, 2)",68,1,338.0,22.0,0.13609467446804047,4.711761,2.521842,2.189919
test,"(382, 281)",92,1,87.0,20.0,0.24137930572032928,3.225211,5.515657,-2.290447
test,"(253, 258)",88,1,80.0,1.0,1.0,2.434072,0.103140,2.330932
test,"(92, 29)",325,1,221.0,25.0,0.10407239943742752,2.557835,2.440758,0.117077
test,"(358, 68)",361,1,107.0,6.0,0.44859811663627625,4.102746,0.917112,3.185634
test,"(83, 25)",199,1,339.0,32.0,0.2566371560096741,0.418639,1.187734,-0.769095
test,"(199, 16)",281,1,174.0,15.0,0.25287356972694397,3.245986,2.235638,1.010348
test,"(207, 92)",29,1,286.0,17.0,0.35664334893226624,2.174441,1.103836,1.070604
test,"(78, 479)",33,1,335.0,41.0,0.16417910158634186,4.399271,1.880151,2.519120
test,"(408, 36)",441,1,140.0,2.0,0.9285714030265808,3.157947,0.179794,2.978153
test,"(290, 75)",435,1,31.0,3.0,0.6451612710952759,4.198428,1.421117,2.777311
test,"(357, 77)",243,1,118.0,1.0,1.0,2.269886,0.099936,2.169950
test,"(50, 398)",83,1,234.0,14.0,0.747863233089447,2.863339,0.382194,2.481145
test,"(47, 182)",85,1,79.0,5.0,0.7848101258277893,2.997456,2.077896,0.919559
test,"(7, 236)",185,1,118.0,5.0,0.7711864113807678,2.817685,2.449216,0.368469
test,"(342, 218)",186,1,155.0,13.0,0.3290322721004486,1.357066,1.599191,-0.242124
test,"(85, 190)",200,1,68.0,1.0,1.0,5.010882,0.115499,4.895383
test,"(190, 236)",230,1,448.0,39.0,0.4174107015132904,2.054236,0.938508,1.115729
test,"(25, 259)",134,1,54.0,11.0,0.5,3.030727,0.801824,2.228903
test,"(269, 358)",280,1,168.0,5.0,0.8809523582458496,2.163481,0.217143,1.946338
test,"(365, 229)",351,1,91.0,22.0,0.2527472674846649,0.883054,1.248037,-0.364983
test,"(112, 285)",118,1,60.0,7.0,0.4833333194255829,2.117984,0.810587,1.307397
test,"(309, 347)",208,1,120.0,4.0,0.5166666507720947,1.157646,0.702549,0.455098
test,"(12, 18)",309,1,567.0,37.0,0.20105819404125214,2.302455,1.984648,0.317807
test,"(316, 85)",190,1,76.0,6.0,0.3684210479259491,5.713919,1.374893,4.339027
test,"(179, 200)",83,1,144.0,2.0,0.9861111044883728,2.477300,0.113416,2.363885
test,"(300, 8)",60,1,115.0,4.0,0.939130425453186,1.508892,0.148296,1.360596
test,"(84, 173)",308,1,286.0,30.0,0.1818181872367859,7.593178,2.281532,5.311645
test,"(460, 510)",252,1,17.0,2.0,0.8823529481887817,0.397449,0.173285,0.224163
test,"(43, 7)",69,1,10.0,5.0,0.30000001192092896,3.248908,1.450908,1.797999
test,"(83, 361)",71,1,56.0,2.0,0.9821428656578064,0.610212,0.070078,0.540134
test,"(500, 201)",478,1,201.0,19.0,0.3383084535598755,3.039936,1.856734,1.183202
test,"(79, 272)",252,1,102.0,1.0,1.0,0.069994,0.007327,0.062667
test,"(84, 65)",76,1,393.0,40.0,0.24173027276992798,5.517879,1.527348,3.990531
test,"(331, 250)",7,1,8.0,3.0,0.5,4.771346,1.352529,3.418817
test,"(201, 1)",481,1,17.0,10.0,0.23529411852359772,3.349309,4.853425,-1.504116
test,"(68, 1)",481,1,42.0,15.0,0.1666666716337204,3.616078,2.927921,0.688157
test,"(92, 264)",302,1,140.0,16.0,0.20000000298023224,3.738202,3.477739,0.260462
test,"(309, 481)",208,1,91.0,6.0,0.6373626589775085,1.008656,0.488703,0.519953
test,"(298, 74)",282,1,488.0,29.0,0.7049180269241333,0.585768,0.367131,0.218637
test,"(484, 328)",212,1,34.0,4.0,0.5588235259056091,5.366953,1.789360,3.577593
test,"(29, 481)",208,1,166.0,5.0,0.40361446142196655,1.085795,0.921662,0.164133
test,"(485, 328)",510,1,20.0,3.0,0.44999998807907104,3.418668,1.422435,1.996233
test,"(86, 12)",88,1,664.0,27.0,0.22590361535549164,5.027751,2.711968,2.315784
test,"(17, 506)",12,1,66.0,3.0,0.8636363744735718,0.286377,0.143837,0.142540
test,"(84, 179)",455,1,636.0,26.0,0.6305031180381775,0.516686,0.464894,0.051792
test,"(208, 315)",82,1,17.0,3.0,0.6470588445663452,3.813621,2.529954,1.283667
test,"(60, 1)",302,1,61.0,13.0,0.39344263076782227,3.801055,1.050410,2.750645
test,"(175, 14)",197,1,39.0,7.0,0.7692307829856873,6.713299,0.391970,6.321329
test,"(206, 73)",68,1,29.0,7.0,0.5517241358757019,3.395040,0.681632,2.713408
test,"(244, 383)",88,1,1.0,1.0,1.0,2.878237,0.552023,2.326214
test,"(173, 64)",76,1,15.0,1.0,1.0,2.954235,0.147748,2.806486
test,"(183, 78)",242,1,442.0,11.0,0.44570136070251465,2.489926,0.895254,1.594672
test,"(235, 173)",134,1,73.0,13.0,0.5753424763679504,3.329264,5.209978,-1.880714
test,"(179, 217)",228,1,93.0,27.0,0.301075279712677,5.093590,5.324956,-0.231366
test,"(82, 290)",206,1,10.0,4.0,0.30000001192092896,4.774614,4.443054,0.331560
test,"(296, 179)",25,1,57.0,14.0,0.4385964870452881,4.060010,0.948569,3.111442
test,"(25, 189)",1,1,709.0,83.0,0.25528913736343384,5.896914,4.676619,1.220295
test,"(60, 433)",480,1,8.0,5.0,0.25,8.032567,8.343055,-0.310488
test,"(472, 40)",43,1,284.0,6.0,0.9507042169570923,1.850465,0.137997,1.712468
test,"(299, 225)",88,1,23.0,5.0,0.8260869383811951,1.523795,0.279067,1.244728
test,"(225, 88)",316,1,332.0,27.0,0.6265060305595398,7.124665,4.711285,2.413379
test,"(84, 440)",13,1,31.0,11.0,0.3870967626571655,5.040197,2.681229,2.358968
test,"(25, 133)",2,1,10.0,5.0,0.30000001192092896,2.262663,1.490859,0.771804
test,"(231, 261)",62,1,77.0,7.0,0.8311688303947449,3.968167,5.849879,-1.881713
test,"(237, 77)",293,1,277.0,3.0,0.5487364530563354,6.937089,8.841814,-1.904725
test,"(62, 81)",445,1,246.0,18.0,0.36178863048553467,4.313315,5.957003,-1.643688
test,"(50, 34)",32,1,127.0,11.0,0.33070865273475647,4.553592,2.085204,2.468389
test,"(81, 445)",423,1,190.0,1.0,1.0,0.439508,0.039115,0.400392
test,"(36, 35)",180,1,96.0,27.0,0.1770833283662796,4.686305,3.173693,1.512612
test,"(279, 62)",237,1,70.0,13.0,0.5857142806053162,6.062416,7.897951,-1.835535
test,"(62, 81)",445,1,246.0,18.0,0.36178863048553467,4.694913,6.136300,-1.441387
test,"(62, 50)",34,1,56.0,13.0,0.2142857164144516,4.722867,2.849401,1.873466
test,"(62, 54)",32,1,10.0,6.0,0.30000001192092896,3.990759,5.187610,-1.196850
test,"(52, 45)",45,1,53.0,7.0,0.3396226465702057,3.084564,4.580661,-1.496097
test,"(34, 32)",45,1,85.0,8.0,0.3176470696926117,2.620799,3.412699,-0.791900
test,"(255, 13)",1,1,330.0,39.0,0.3757575750350952,5.467425,7.276601,-1.809176
test,"(214, 69)",134,1,357.0,24.0,0.4481792747974396,2.182041,1.252139,0.929902
test,"(28, 496)",13,1,7.0,1.0,1.0,0.200067,0.020976,0.179091
test,"(88, 1)",60,1,27.0,9.0,0.29629629850387573,4.520699,3.575698,0.945000
test,"(66, 263)",134,1,118.0,15.0,0.37288135290145874,1.909711,0.998911,0.910799
test,"(384, 13)",85,1,129.0,30.0,0.20930232107639313,4.315808,4.411301,-0.095493
test,"(13, 179)",283,1,507.0,15.0,0.20512820780277252,5.200490,2.748363,2.452127
test,"(59, 58)",59,0,0.0,0.0,0.0,4.511049,6.680869,-2.169820
test,"(13, 83)",321,1,1034.0,21.0,0.1847195327281952,3.297076,2.200663,1.096412
test,"(65, 133)",132,1,13.0,3.0,0.4615384638309479,3.149765,5.256666,-2.106902
test,"(85, 202)",13,1,321.0,25.0,0.2429906576871872,3.384316,5.508042,-2.123726
test,"(321, 13)",179,1,28.0,15.0,0.1428571492433548,3.603336,3.959912,-0.356576
test,"(86, 438)",82,0,0.0,0.0,0.0,2.561615,2.744176,-0.182560
test,"(82, 11)",289,1,676.0,62.0,0.21301774680614471,3.896509,3.695429,0.201080
test,"(289, 72)",182,1,324.0,9.0,0.4969135820865631,4.163138,2.331073,1.832065
test,"(442, 206)",84,1,147.0,1.0,1.0,2.119400,0.096384,2.023016
test,"(175, 66)",75,1,83.0,2.0,0.9759036302566528,3.971969,0.135994,3.835975
test,"(267, 79)",498,1,379.0,12.0,0.8364115953445435,3.524117,0.281473,3.242644
test,"(336, 13)",134,0,0.0,0.0,0.0,4.280175,4.846864,-0.566689
test,"(133, 348)",132,1,472.0,2.0,0.5508474707603455,0.855003,0.805070,0.049933
test,"(279, 133)",348,1,22.0,10.0,0.3636363744735718,2.245741,3.685040,-1.439299
test,"(72, 184)",391,1,511.0,32.0,0.463796466588974,6.250406,8.533036,-2.282631
test,"(67, 401)",356,1,572.0,34.0,0.18356643617153168,3.966845,6.259673,-2.292828
test,"(133, 133)",348,1,2512.0,71.0,0.19864650070667267,2.929565,3.780345,-0.850780
test,"(133, 132)",132,1,60.0,7.0,0.4333333373069763,0.796124,0.804129,-0.008004
test,"(448, 175)",265,1,65.0,1.0,1.0,4.883447,0.115640,4.767807
test,"(132, 132)",200,1,229.0,30.0,0.18340611457824707,5.524278,5.146961,0.377317
test,"(428, 88)",62,1,261.0,26.0,0.30268198251724243,3.539381,3.760604,-0.221223
test,"(14, 75)",67,1,78.0,6.0,0.8333333134651184,5.714595,5.590394,0.124201
test,"(132, 2)",360,0,0.0,0.0,0.0,7.118505,8.228493,-1.109988
test,"(72, 293)",188,1,7.0,1.0,1.0,1.413874,0.155343,1.258531
test,"(200, 340)",268,1,339.0,27.0,0.6283186078071594,4.970403,6.801319,-1.830916
test,"(437, 70)",83,1,254.0,1.0,1.0,2.846657,0.101723,2.744933
test,"(58, 437)",70,1,18.0,1.0,1.0,2.218248,3.852958,-1.634710
test,"(132, 390)",81,0,0.0,0.0,0.0,6.736008,5.695441,1.040567
test,"(62, 70)",206,1,147.0,19.0,0.22448979318141937,5.949891,3.408753,2.541139
test,"(79, 58)",42,1,22.0,8.0,0.22727273404598236,9.712287,10.849254,-1.136967
test,"(132, 455)",134,1,29.0,1.0,1.0,2.311538,4.450454,-2.138915
test,"(67, 65)",79,1,100.0,18.0,0.3499999940395355,7.723446,8.685679,-0.962233
test,"(393, 398)",34,1,137.0,24.0,0.40875911712646484,4.708224,6.981176,-2.272952
test,"(85, 202)",84,1,321.0,25.0,0.2429906576871872,4.099419,1.513328,2.586091
test,"(58, 6)",78,1,162.0,41.0,0.1111111119389534,5.684425,7.897632,-2.213206
test,"(265, 25)",133,1,48.0,19.0,0.3333333432674408,2.729640,5.001137,-2.271497
test,"(185, 199)",8,0,0.0,0.0,0.0,5.511566,6.183386,-0.671820
test,"(6, 182)",66,1,20.0,8.0,0.4000000059604645,4.350155,1.099736,3.250420
test,"(4, 496)",13,1,3.0,1.0,1.0,0.117214,0.017335,0.099879
test,"(82, 339)",1,1,58.0,2.0,0.7068965435028076,5.452026,7.748248,-2.296222
test,"(86, 205)",71,1,72.0,2.0,0.8333333134651184,2.272532,0.283153,1.989379
test,"(81, 7)",83,1,61.0,19.0,0.19672131538391113,3.166336,3.497793,-0.331457
test,"(265, 134)",379,1,34.0,19.0,0.1764705926179886,4.554786,6.085593,-1.530808
test,"(368, 13)",133,0,0.0,0.0,0.0,4.226049,4.608217,-0.382168
test,"(348, 132)",455,1,472.0,35.0,0.4300847351551056,9.963729,4.284370,5.679359
test,"(9, 8)",336,1,15.0,5.0,0.4000000059604645,5.922058,7.692763,-1.770705
test,"(175, 265)",320,1,166.0,24.0,0.3012048304080963,7.160181,6.174198,0.985982
test,"(288, 236)",320,1,64.0,9.0,0.390625,7.156217,9.180691,-2.024474
test,"(25, 133)",132,1,10.0,5.0,0.30000001192092896,3.772236,5.447439,-1.675202
test,"(194, 72)",81,1,421.0,10.0,0.4275534451007843,2.488598,1.441667,1.046930
test,"(13, 81)",83,1,144.0,8.0,0.5069444179534912,4.442627,6.611357,-2.168730
test,"(183, 185)",6,1,75.0,20.0,0.23999999463558197,4.578896,5.416568,-0.837672
test,"(84, 248)",134,1,245.0,20.0,0.31020408868789673,3.330885,4.135233,-0.804348
test,"(293, 284)",1,0,0.0,0.0,0.0,7.894176,8.786142,-0.891966
test,"(85, 202)",427,1,321.0,25.0,0.2429906576871872,6.343016,5.590802,0.752214
test,"(307, 258)",81,0,0.0,0.0,0.0,1.465178,1.662101,-0.196923
test,"(74, 84)",79,1,58.0,6.0,0.8620689511299133,2.996383,0.255028,2.741355
test,"(13, 176)",81,1,212.0,2.0,0.9952830076217651,1.295450,0.082503,1.212947
test,"(317, 179)",81,1,2.0,2.0,0.5,2.448150,2.748027,-0.299877
test,"(25, 133)",132,1,10.0,5.0,0.30000001192092896,2.517110,4.597548,-2.080438
test,"(132, 132)",79,1,229.0,30.0,0.18340611457824707,8.909354,7.044173,1.865182
test,"(83, 321)",228,1,465.0,36.0,0.21935483813285828,7.967862,9.943243,-1.975381
test,"(255, 387)",13,1,55.0,7.0,0.41818180680274963,2.900958,4.875068,-1.974110
test,"(180, 297)",222,1,2.0,1.0,1.0,8.397468,10.352738,-1.955271
test,"(68, 25)",133,1,311.0,27.0,0.39228296279907227,3.815407,6.097689,-2.282281
test,"(132, 132)",182,1,229.0,30.0,0.18340611457824707,6.081847,3.049372,3.032475
test,"(81, 6)",60,1,17.0,6.0,0.29411765933036804,2.818812,3.954921,-1.136108
test,"(62, 70)",67,1,147.0,19.0,0.22448979318141937,7.419229,9.608661,-2.189432
test,"(6, 179)",283,1,16.0,2.0,0.625,6.294998,5.517056,0.777943
test,"(68, 47)",81,0,0.0,0.0,0.0,3.739954,4.798874,-1.058921
test,"(8, 90)",67,1,4.0,4.0,0.25,8.094446,6.459917,1.634529
test,"(300, 330)",390,1,94.0,3.0,0.957446813583374,0.989655,0.111034,0.878621
test,"(87, 330)",505,1,141.0,1.0,1.0,5.075530,0.109463,4.966067
test,"(133, 132)",132,1,60.0,7.0,0.4333333373069763,0.830410,0.807532,0.022877
test,"(82, 13)",287,1,1646.0,100.0,0.11907655000686646,4.478361,2.807611,1.670750
test,"(66, 7)",70,1,37.0,13.0,0.2702702581882477,7.276408,7.463097,-0.186688
test,"(199, 65)",84,1,260.0,15.0,0.642307698726654,3.501857,4.781168,-1.279311
test,"(132, 132)",69,1,229.0,30.0,0.18340611457824707,5.373720,4.588806,0.784914
test,"(81, 175)",265,1,56.0,2.0,0.9642857313156128,4.396609,6.112400,-1.715791
test,"(88, 334)",498,1,1.0,1.0,1.0,6.109193,6.077065,0.032128
test,"(6, 190)",78,0,0.0,0.0,0.0,4.691304,4.156410,0.534894
test,"(213, 83)",81,1,26.0,3.0,0.7307692170143127,3.429446,2.474129,0.955316
test,"(78, 237)",265,1,255.0,3.0,0.7803921699523926,5.429890,1.705387,3.724503
test,"(64, 76)",308,1,316.0,55.0,0.10759493708610535,6.683375,6.928557,-0.245181
test,"(308, 134)",50,1,316.0,37.0,0.3670886158943176,3.651638,5.314667,-1.663029
test,"(68, 53)",501,1,22.0,3.0,0.5,3.892900,0.829477,3.063423
test,"(83, 81)",58,1,408.0,22.0,0.34558823704719543,3.934259,4.907638,-0.973379
test,"(76, 298)",179,1,4.0,4.0,0.25,8.258228,9.420398,-1.162169
test,"(58, 6)",85,1,162.0,41.0,0.1111111119389534,5.484196,7.728514,-2.244318
test,"(79, 8)",11,1,66.0,17.0,0.3636363744735718,3.030586,2.809730,0.220856
test,"(132, 66)",241,1,11.0,6.0,0.3636363744735718,5.632595,4.461799,1.170797
test,"(132, 83)",71,1,79.0,4.0,0.797468364238739,3.133484,2.553127,0.580357
test,"(278, 379)",1,1,2.0,1.0,1.0,5.585277,3.857070,1.728207
test,"(379, 208)",70,1,1.0,1.0,1.0,6.626573,7.761921,-1.135348
test,"(68, 248)",217,1,641.0,47.0,0.17628705501556396,7.523139,4.716349,2.806790
test,"(180, 337)",60,1,340.0,35.0,0.520588219165802,1.909408,0.694223,1.215186
test,"(132, 132)",82,1,229.0,30.0,0.18340611457824707,4.495674,6.085233,-1.589559
test,"(62, 79)",66,1,771.0,35.0,0.29571983218193054,4.643447,4.640419,0.003027
test,"(66, 480)",133,1,15.0,4.0,0.800000011920929,0.907666,2.787364,-1.879698
test,"(78, 76)",76,1,318.0,41.0,0.12893082201480865,4.513467,2.194755,2.318712
test,"(62, 50)",56,1,56.0,13.0,0.2142857164144516,8.157027,2.947671,5.209356
test,"(46, 35)",46,1,90.0,7.0,0.855555534362793,4.303085,5.486263,-1.183177
test,"(299, 360)",200,1,17.0,5.0,0.29411765933036804,3.953572,1.982280,1.971292
test,"(133, 348)",132,1,472.0,2.0,0.5508474707603455,0.533620,0.769647,-0.236027
test,"(25, 133)",348,1,10.0,5.0,0.30000001192092896,2.406612,3.689904,-1.283292
test,"(62, 67)",83,1,562.0,17.0,0.35943061113357544,5.401690,2.983064,2.418626
test,"(182, 228)",358,1,6.0,2.0,0.6666666865348816,10.226250,11.180762,-0.954513
test,"(37, 237)",66,1,26.0,3.0,0.8846153616905212,3.896272,4.181205,-0.284933
test,"(37, 237)",66,1,26.0,3.0,0.8846153616905212,3.675855,4.148942,-0.473087
test,"(66, 234)",82,1,14.0,7.0,0.3571428656578064,3.585669,5.027756,-1.442087
test,"(82, 74)",319,1,89.0,7.0,0.6292135119438171,4.191245,0.577415,3.613829
test,"(218, 186)",269,1,1021.0,27.0,0.46523016691207886,2.078959,1.986993,0.091966
test,"(291, 189)",224,1,740.0,19.0,0.47162163257598877,3.607559,3.450585,0.156974
test,"(191, 64)",70,1,103.0,7.0,0.3883495032787323,1.792474,1.283787,0.508688
test,"(134, 5)",5,1,588.0,14.0,0.896258533000946,1.147350,0.168922,0.978427
test,"(25, 199)",127,1,2122.0,114.0,0.12205466628074646,2.372743,2.097964,0.274778
test,"(421, 195)",269,1,15.0,10.0,0.20000000298023224,1.533109,1.556442,-0.023333
test,"(420, 88)",77,1,551.0,1.0,1.0,1.250766,0.075265,1.175501
test,"(64, 76)",7,1,316.0,55.0,0.10759493708610535,3.221090,3.340992,-0.119902
test,"(374, 134)",73,1,26.0,3.0,0.8461538553237915,4.534683,0.303756,4.230928
test,"(123, 254)",120,1,169.0,7.0,0.4497041404247284,2.180247,1.110565,1.069682
test,"(86, 37)",178,1,15.0,1.0,1.0,3.334989,0.146998,3.187991
test,"(79, 498)",66,1,323.0,6.0,0.9814241528511047,0.981647,0.079165,0.902482
test,"(226, 251)",254,1,161.0,11.0,0.5403726696968079,2.629804,0.704410,1.925394
test,"(442, 287)",12,1,369.0,4.0,0.9214091897010803,0.362622,0.107302,0.255321
test,"(201, 251)",254,1,158.0,21.0,0.297468364238739,2.723987,1.273570,1.450417
test,"(462, 364)",60,1,267.0,6.0,0.8539325594902039,0.504010,0.182026,0.321983
test,"(303, 65)",12,1,215.0,3.0,0.9906976819038391,1.767361,0.098828,1.668533
test,"(12, 69)",342,1,478.0,16.0,0.7196652889251709,1.532448,0.402185,1.130262
test,"(221, 251)",230,1,569.0,41.0,0.15114235877990723,6.108863,5.524936,0.583927
test,"(221, 134)",260,1,349.0,30.0,0.28080227971076965,2.078949,1.840821,0.238128
test,"(109, 444)",128,1,84.0,8.0,0.4642857015132904,3.436628,3.162904,0.273724
test,"(444, 414)",497,1,145.0,20.0,0.317241370677948,1.945655,2.222970,-0.277316
test,"(201, 229)",203,1,688.0,33.0,0.21656976640224457,3.545321,3.092582,0.452739
test,"(282, 182)",473,1,7.0,4.0,0.2857142984867096,7.721135,1.814598,5.906537
test,"(492, 201)",27,1,66.0,17.0,0.3181818127632141,4.398131,3.033269,1.364863
test,"(399, 34)",75,1,587.0,4.0,0.5962521433830261,0.946858,0.553960,0.392898
test,"(280, 188)",50,1,394.0,35.0,0.2893401086330414,3.078886,1.329978,1.748908
test,"(84, 65)",76,1,393.0,40.0,0.24173027276992798,5.843776,1.527862,4.315914
test,"(202, 67)",12,1,78.0,1.0,1.0,2.959248,0.109057,2.850191
test,"(14, 83)",71,1,178.0,16.0,0.32022473216056824,2.303510,3.087029,-0.783519
test,"(325, 292)",83,1,243.0,12.0,0.5925925970077515,6.381622,5.313736,1.067885
test,"(76, 13)",68,1,447.0,52.0,0.08501118421554565,7.286837,3.963409,3.323428
test,"(12, 18)",281,1,567.0,37.0,0.20105819404125214,2.746473,1.841139,0.905333
test,"(481, 208)",355,1,193.0,25.0,0.46113988757133484,2.387337,2.347846,0.039491
test,"(235, 70)",71,1,116.0,6.0,0.732758641242981,5.375135,0.423512,4.951623
test,"(196, 8)",13,1,134.0,28.0,0.1492537260055542,4.747010,3.318254,1.428756
test,"(195, 134)",218,1,1145.0,73.0,0.1764192134141922,4.299510,2.538783,1.760727
test,"(65, 78)",479,1,428.0,8.0,0.7196261882781982,3.055892,0.428899,2.626992
test,"(26, 186)",331,1,592.0,40.0,0.2753378450870514,3.101532,3.448954,-0.347422
test,"(217, 34)",78,1,105.0,5.0,0.380952388048172,3.761199,1.881079,1.880120
test,"(84, 79)",51,1,579.0,64.0,0.196891188621521,6.160543,4.460166,1.700377
test,"(197, 377)",47,1,150.0,32.0,0.1066666692495346,9.245941,4.811544,4.434397
test,"(255, 359)",323,1,4.0,2.0,0.75,0.239877,0.387783,-0.147906
test,"(359, 323)",26,1,342.0,9.0,0.6637426614761353,0.287768,0.388479,-0.100711
test,"(258, 276)",82,1,205.0,12.0,0.37560975551605225,2.796908,1.054709,1.742199
test,"(189, 195)",134,1,681.0,43.0,0.30837005376815796,1.454183,1.216112,0.238071
test,"(13, 340)",317,1,669.0,28.0,0.3423019349575043,4.099840,2.477229,1.622611
test,"(88, 77)",66,1,689.0,4.0,0.9796807169914246,2.403281,0.116432,2.286849
test,"(197, 377)",7,1,150.0,32.0,0.1066666692495346,3.263606,2.492609,0.770997
test,"(79, 64)",88,1,202.0,4.0,0.48514851927757263,1.777247,0.794923,0.982324
test,"(88, 454)",427,1,287.0,25.0,0.17421603202819824,7.309233,5.500522,1.808711
test,"(231, 82)",180,1,706.0,15.0,0.3243626058101654,3.333413,2.015806,1.317607
test,"(448, 179)",317,1,103.0,12.0,0.34951457381248474,6.085008,2.150212,3.934796
test,"(67, 401)",26,1,572.0,34.0,0.18356643617153168,0.859980,1.590237,-0.730257
test,"(475, 82)",14,1,50.0,13.0,0.30000001192092896,2.654727,1.315903,1.338824
test,"(448, 179)",317,1,103.0,12.0,0.34951457381248474,6.082857,2.150207,3.932649
test,"(427, 290)",286,1,160.0,1.0,1.0,0.265906,0.026649,0.239258
test,"(475, 82)",14,1,50.0,13.0,0.30000001192092896,2.561265,1.313338,1.247927
test,"(420, 88)",77,1,551.0,1.0,1.0,1.626339,0.084977,1.541363
test,"(26, 134)",295,1,31.0,18.0,0.16129031777381897,5.582642,2.693834,2.888809
test,"(11, 195)",213,1,537.0,36.0,0.4711359441280365,2.732160,3.177007,-0.444847
test,"(58, 60)",29,1,543.0,17.0,0.2688766121864319,4.516867,1.756054,2.760813
test,"(82, 14)",79,1,550.0,57.0,0.1581818163394928,3.451683,2.189035,1.262648
test,"(63, 11)",186,1,114.0,17.0,0.28070175647735596,5.065862,5.011867,0.053995
test,"(189, 258)",276,1,9.0,4.0,0.3333333432674408,0.211656,1.035120,-0.823464
test,"(248, 232)",266,1,694.0,73.0,0.1541786789894104,6.155060,4.925782,1.229278
test,"(37, 286)",50,1,23.0,14.0,0.17391304671764374,9.754654,3.003078,6.751576
test,"(367, 199)",31,1,850.0,21.0,0.36352941393852234,2.740559,1.097439,1.643120
test,"(207, 367)",199,1,659.0,2.0,0.9908952713012695,0.099319,0.017388,0.081931
test,"(14, 83)",64,1,178.0,16.0,0.32022473216056824,3.029094,3.104677,-0.075583
test,"(12, 288)",179,1,7.0,1.0,1.0,3.509451,0.200571,3.308880
test,"(288, 179)",487,1,131.0,5.0,0.5877862572669983,3.001527,0.636084,2.365443
test,"(88, 389)",133,1,134.0,1.0,1.0,0.053009,0.006180,0.046830
test,"(72, 255)",14,1,249.0,36.0,0.4859437644481659,0.501499,0.689123,-0.187624
test,"(326, 13)",327,1,93.0,20.0,0.19354838132858276,3.029952,2.084707,0.945245
test,"(35, 319)",11,1,190.0,9.0,0.21052631735801697,4.053294,1.719842,2.333452
test,"(195, 134)",52,1,1145.0,73.0,0.1764192134141922,4.224799,4.180581,0.044218
test,"(92, 367)",199,1,58.0,2.0,0.982758641242981,0.070573,0.017816,0.052757
test,"(315, 11)",134,1,61.0,10.0,0.4262295067310333,2.117870,0.903895,1.213976
test,"(186, 451)",220,1,43.0,1.0,1.0,0.135659,0.014613,0.121045
test,"(487, 7)",47,1,118.0,21.0,0.1525423675775528,6.540545,2.148162,4.392383
test,"(82, 134)",353,1,518.0,77.0,0.11776062101125717,7.693504,3.754386,3.939118
test,"(134, 494)",427,1,248.0,16.0,0.5120967626571655,5.669550,3.755313,1.914237
test,"(20, 60)",58,1,20.0,9.0,0.3499999940395355,5.159292,2.792819,2.366473
test,"(500, 229)",254,1,47.0,7.0,0.4680851101875305,2.604299,0.858359,1.745940
test,"(212, 121)",221,1,535.0,10.0,0.3252336382865906,1.554355,1.149904,0.404451
test,"(254, 114)",238,1,81.0,9.0,0.4197530746459961,2.852428,1.292813,1.559615
test,"(508, 13)",475,1,131.0,21.0,0.28244274854660034,4.424119,1.629139,2.794979
test,"(33, 261)",318,1,52.0,2.0,0.8269230723381042,6.254153,0.311922,5.942232
test,"(257, 134)",0,1,65.0,7.0,0.3692307770252228,2.279959,1.332537,0.947423
test,"(0, 270)",508,1,127.0,22.0,0.3779527544975281,4.132980,3.979512,0.153468
test,"(388, 451)",220,1,21.0,1.0,1.0,0.426627,0.039217,0.387410
test,"(189, 186)",269,1,766.0,36.0,0.20757180452346802,1.832863,1.591319,0.241544
test,"(83, 71)",8,1,681.0,51.0,0.11747430264949799,3.963474,3.402048,0.561427
test,"(337, 372)",13,1,38.0,1.0,1.0,0.359931,0.037036,0.322896
test,"(81, 179)",301,1,313.0,32.0,0.6517571806907654,6.064433,8.345072,-2.280639
test,"(276, 46)",69,0,0.0,0.0,0.0,5.243526,4.601600,0.641927
test,"(326, 180)",418,1,40.0,13.0,0.375,1.120623,1.001926,0.118697
test,"(13, 179)",276,1,507.0,15.0,0.20512820780277252,0.558381,1.422138,-0.863756
test,"(221, 251)",376,1,569.0,41.0,0.15114235877990723,2.375094,3.302904,-0.927810
test,"(80, 279)",179,1,413.0,22.0,0.33171913027763367,4.055784,1.211401,2.844383
test,"(115, 213)",493,0,0.0,0.0,0.0,1.824158,2.780324,-0.956165
test,"(343, 311)",258,1,94.0,19.0,0.3085106313228607,4.555131,6.451273,-1.896143
test,"(301, 276)",257,1,314.0,24.0,0.41401273012161255,0.793088,0.842324,-0.049237
test,"(207, 8)",189,1,450.0,23.0,0.23999999463558197,1.225143,2.790991,-1.565849
test,"(245, 336)",301,1,117.0,6.0,0.8974359035491943,6.355555,3.641496,2.714059
test,"(257, 11)",245,1,271.0,43.0,0.14760147035121918,2.875618,3.011099,-0.135481
test,"(245, 213)",493,1,72.0,9.0,0.3888888955116272,0.414143,1.498267,-1.084124
test,"(315, 427)",290,1,8.0,1.0,1.0,0.876569,0.137427,0.739141
test,"(401, 207)",180,1,4.0,2.0,0.5,4.351478,4.735633,-0.384155
test,"(313, 249)",342,1,345.0,2.0,0.9507246613502502,1.301759,0.125916,1.175844
test,"(302, 14)",212,1,697.0,31.0,0.5882353186607361,1.816227,1.837910,-0.021684
test,"(203, 238)",439,1,311.0,37.0,0.2668810188770294,3.701762,1.409779,2.291982
test,"(7, 79)",493,1,525.0,42.0,0.13523809611797333,0.942308,2.875562,-1.933253
test,"(218, 245)",297,1,553.0,32.0,0.2151898741722107,2.602814,2.961169,-0.358355
test,"(134, 5)",5,1,588.0,14.0,0.896258533000946,0.367588,0.125487,0.242101
test,"(258, 276)",257,1,205.0,12.0,0.37560975551605225,0.697478,1.081885,-0.384407
test,"(72, 81)",179,1,560.0,26.0,0.5571428537368774,0.926634,0.614114,0.312520
test,"(186, 297)",230,1,563.0,28.0,0.7033748030662537,0.233809,0.318180,-0.084371
test,"(487, 193)",134,0,0.0,0.0,0.0,2.108968,2.073495,0.035473
test,"(340, 49)",64,1,18.0,4.0,0.5555555820465088,4.859095,0.765460,4.093635
test,"(289, 401)",13,1,338.0,29.0,0.20118343830108643,1.012626,1.486330,-0.473704
test,"(289, 401)",13,1,338.0,29.0,0.20118343830108643,0.831616,1.454961,-0.623345
test,"(13, 256)",76,1,277.0,10.0,0.34296029806137085,3.403386,1.455313,1.948073
test,"(76, 315)",77,1,19.0,1.0,1.0,6.690610,0.144872,6.545738
test,"(198, 53)",72,1,7.0,1.0,1.0,4.715005,0.208112,4.506893
test,"(260, 238)",409,1,34.0,8.0,0.47058823704719543,1.420317,2.213912,-0.793595
test,"(85, 299)",13,1,104.0,33.0,0.19230769574642181,3.931262,1.738414,2.192848
test,"(330, 259)",199,1,8.0,3.0,0.375,3.858501,1.715428,2.143074
test,"(66, 400)",13,1,384.0,33.0,0.3020833432674408,2.917691,1.922793,0.994898
test,"(270, 134)",315,1,117.0,22.0,0.24786324799060822,3.102835,2.369516,0.733319
test,"(69, 349)",265,1,255.0,5.0,0.7647058963775635,1.171826,0.325138,0.846688
test,"(265, 35)",319,1,18.0,1.0,1.0,1.869922,0.127512,1.742410
test,"(134, 80)",84,1,348.0,16.0,0.545976996421814,0.698347,0.594145,0.104202
test,"(13, 280)",54,1,91.0,1.0,1.0,3.779310,0.110404,3.668906
test,"(134, 5)",5,1,588.0,14.0,0.896258533000946,0.845859,0.155782,0.690076
test,"(45, 35)",434,1,92.0,21.0,0.17391304671764374,7.029553,1.896667,5.132887
test,"(35, 319)",13,1,190.0,9.0,0.21052631735801697,3.676032,1.653345,2.022687
test,"(480, 245)",134,1,76.0,1.0,1.0,1.619086,0.091926,1.527161
test,"(317, 66)",400,1,176.0,13.0,0.5568181872367859,3.238316,2.360246,0.878070
test,"(299, 25)",134,1,84.0,23.0,0.2738095223903656,1.885454,2.341729,-0.456274
test,"(291, 442)",206,0,0.0,0.0,0.0,2.497913,1.868471,0.629442
test,"(66, 134)",340,1,90.0,11.0,0.7666666507720947,5.881797,0.380562,5.501235
test,"(88, 180)",503,1,188.0,31.0,0.15425531566143036,4.697921,4.789298,-0.091378
test,"(259, 189)",508,1,159.0,28.0,0.18238992989063263,5.885048,4.296278,1.588771
test,"(134, 80)",84,1,348.0,16.0,0.545976996421814,0.954759,0.614735,0.340024
test,"(353, 12)",472,1,86.0,17.0,0.23255814611911774,10.353207,4.335356,6.017851
test,"(492, 6)",218,1,19.0,2.0,0.9473684430122375,1.318561,0.156625,1.161936
test,"(400, 29)",189,1,6.0,1.0,1.0,2.959550,4.707878,-1.748328
test,"(218, 343)",297,1,254.0,17.0,0.3897637724876404,2.255547,1.882428,0.373119
test,"(161, 476)",502,1,56.0,3.0,0.7142857313156128,1.257477,0.403714,0.853763
test,"(218, 186)",503,1,1021.0,27.0,0.46523016691207886,4.494914,5.751240,-1.256327
test,"(207, 388)",302,1,176.0,19.0,0.35227271914482117,1.496164,2.002662,-0.506498
test,"(178, 52)",471,1,6.0,2.0,0.6666666865348816,0.876598,2.412568,-1.535970
test,"(289, 401)",13,1,338.0,29.0,0.20118343830108643,1.194614,1.513414,-0.318801
test,"(269, 258)",276,1,59.0,7.0,0.49152541160583496,0.183027,0.639878,-0.456851
test,"(249, 68)",215,1,137.0,8.0,0.39416059851646423,3.357601,1.036276,2.321325
test,"(497, 221)",251,1,86.0,1.0,1.0,1.535884,0.088347,1.447537
test,"(342, 313)",91,1,5.0,2.0,0.6000000238418579,0.086588,0.869691,-0.783103
test,"(224, 367)",301,1,5.0,2.0,0.800000011920929,5.880632,4.865344,1.015288
test,"(207, 8)",325,1,450.0,23.0,0.23999999463558197,6.430823,5.917273,0.513550
test,"(213, 182)",85,1,293.0,12.0,0.46075084805488586,2.062083,0.850245,1.211838
test,"(353, 12)",134,1,86.0,17.0,0.23255814611911774,4.749407,1.896345,2.853062
test,"(88, 77)",66,1,689.0,4.0,0.9796807169914246,2.009756,0.111546,1.898210
test,"(290, 286)",72,1,264.0,1.0,1.0,0.454690,0.038730,0.415960
test,"(276, 8)",191,1,8.0,4.0,0.25,6.186039,1.950170,4.235870
test,"(318, 80)",279,1,78.0,2.0,0.8461538553237915,1.134974,0.235341,0.899633
test,"(180, 418)",503,1,569.0,23.0,0.29173988103866577,0.914445,1.177402,-0.262957
test,"(448, 426)",487,1,406.0,3.0,0.9802955389022827,0.075415,0.024873,0.050542
test,"(13, 79)",493,1,945.0,28.0,0.16613756120204926,0.602781,1.598452,-0.995671
test,"(189, 193)",191,1,480.0,33.0,0.19166666269302368,5.049446,3.880021,1.169425
test,"(203, 238)",439,1,311.0,37.0,0.2668810188770294,3.610766,1.408817,2.201949
test,"(418, 503)",13,1,244.0,1.0,1.0,0.092369,0.009069,0.083300
test,"(213, 78)",426,1,219.0,5.0,0.3561643958091736,5.533150,1.145679,4.387471
test,"(13, 179)",190,1,507.0,15.0,0.20512820780277252,3.974326,2.279199,1.695127
test,"(13, 66)",400,1,794.0,28.0,0.2745591998100281,1.773112,1.699898,0.073214
test,"(249, 402)",53,1,484.0,38.0,0.6508264541625977,7.564264,8.414165,-0.849901
test,"(13, 196)",11,1,798.0,29.0,0.19298245012760162,3.049879,1.719492,1.330388
test,"(221, 251)",338,1,569.0,41.0,0.15114235877990723,2.765061,2.160951,0.604110
test,"(257, 11)",212,1,271.0,43.0,0.14760147035121918,5.513162,6.532032,-1.018870
test,"(323, 11)",508,1,195.0,25.0,0.25128206610679626,3.740188,2.750203,0.989985
test,"(134, 494)",11,1,248.0,16.0,0.5120967626571655,2.893621,2.389674,0.503948
test,"(424, 82)",25,1,324.0,28.0,0.3055555522441864,2.321990,2.204375,0.117615
test,"(451, 220)",192,1,136.0,1.0,1.0,0.880344,0.063893,0.816451
test,"(41, 86)",83,1,38.0,1.0,1.0,7.295813,0.124849,7.170963
test,"(344, 82)",50,1,390.0,31.0,0.18974359333515167,5.840840,3.928841,1.911998
test,"(82, 50)",176,1,129.0,9.0,0.5891472697257996,3.054804,0.629167,2.425637
test,"(193, 266)",78,1,153.0,28.0,0.1568627506494522,1.952752,2.418242,-0.465490
test,"(68, 13)",425,1,613.0,39.0,0.31647634506225586,6.400778,7.458132,-1.057354
test,"(245, 269)",213,1,203.0,27.0,0.1625615805387497,2.616134,2.294698,0.321436
test,"(82, 13)",473,1,1646.0,100.0,0.11907655000686646,5.449564,5.996896,-0.547333
test,"(218, 133)",245,1,665.0,16.0,0.2586466073989868,2.271389,2.368581,-0.097192
test,"(245, 302)",14,1,55.0,3.0,0.800000011920929,0.566620,0.250726,0.315893
test,"(236, 190)",257,1,488.0,23.0,0.3463114798069,2.294653,1.133743,1.160910
test,"(248, 7)",82,1,167.0,25.0,0.5209580659866333,4.045854,5.136311,-1.090457
test,"(50, 78)",393,1,288.0,6.0,0.7361111044883728,4.701155,1.714102,2.987053
test,"(235, 65)",68,1,31.0,6.0,0.35483869910240173,6.597292,1.701058,4.896234
test,"(31, 44)",255,1,30.0,4.0,0.5666666626930237,1.387389,1.773169,-0.385780
test,"(189, 186)",297,1,766.0,36.0,0.20757180452346802,2.554570,1.671733,0.882837
test,"(7, 67)",401,1,278.0,28.0,0.44964027404785156,2.210768,0.874484,1.336284
test,"(82, 25)",194,1,913.0,60.0,0.1489594727754593,4.264647,3.811898,0.452749
test,"(280, 188)",41,1,394.0,35.0,0.2893401086330414,11.569678,7.444596,4.125083
test,"(177, 77)",68,1,105.0,2.0,0.9904761910438538,2.108973,0.107406,2.001567
test,"(414, 212)",115,1,220.0,19.0,0.1818181872367859,2.618021,2.408225,0.209797
test,"(414, 134)",73,1,172.0,30.0,0.22093023359775543,5.710762,5.588059,0.122703
test,"(343, 266)",78,1,17.0,7.0,0.29411765933036804,2.021069,1.355353,0.665716
test,"(78, 393)",398,1,217.0,17.0,0.6313363909721375,2.693428,0.547494,2.145934
test,"(393, 398)",13,1,137.0,24.0,0.40875911712646484,4.376250,0.989171,3.387079
test,"(344, 257)",25,1,196.0,16.0,0.3163265287876129,1.426079,1.150271,0.275808
test,"(78, 393)",398,1,217.0,17.0,0.6313363909721375,2.384274,0.543266,1.841009
test,"(50, 78)",393,1,288.0,6.0,0.7361111044883728,3.860687,1.707479,2.153208
test,"(257, 11)",266,1,271.0,43.0,0.14760147035121918,4.003995,4.891349,-0.887353
test,"(92, 63)",8,1,332.0,16.0,0.27710843086242676,3.844263,3.061466,0.782797
test,"(134, 494)",8,1,248.0,16.0,0.5120967626571655,1.513425,0.718553,0.794871
test,"(68, 85)",327,1,263.0,10.0,0.5247148275375366,2.654765,0.736153,1.918611
test,"(244, 228)",335,1,6.0,2.0,0.6666666865348816,0.245082,1.208223,-0.963142
test,"(335, 231)",77,1,9.0,5.0,0.3333333432674408,4.930685,5.196345,-0.265660
test,"(186, 511)",7,1,499.0,3.0,0.9218437075614929,0.269530,0.096011,0.173519
test,"(190, 71)",92,1,542.0,35.0,0.33763837814331055,6.346506,4.047194,2.299313
test,"(289, 401)",13,1,338.0,29.0,0.20118343830108643,1.637943,1.563925,0.074017
test,"(437, 7)",82,1,519.0,60.0,0.09441233426332474,3.957486,2.433486,1.524000
test,"(69, 92)",262,1,273.0,38.0,0.12820513546466827,7.230409,9.220096,-1.989687
test,"(202, 433)",356,1,9.0,5.0,0.4444444477558136,5.745096,2.034284,3.710812
test,"(175, 202)",13,1,108.0,29.0,0.3333333432674408,4.287389,5.159150,-0.871761
test,"(88, 62)",319,1,302.0,28.0,0.3178808093070984,3.943007,4.321866,-0.378859
test,"(71, 198)",71,1,89.0,10.0,0.49438202381134033,1.207077,0.705556,0.501521
test,"(7, 1)",49,1,720.0,89.0,0.11388888955116272,5.015833,6.819607,-1.803774
test,"(410, 62)",378,1,56.0,9.0,0.4285714328289032,8.477364,7.634929,0.842435
test,"(189, 440)",483,1,10.0,3.0,0.6000000238418579,1.580164,0.665787,0.914377
test,"(410, 6)",60,1,17.0,2.0,0.529411792755127,2.302294,0.795922,1.506372
test,"(1, 440)",196,1,20.0,2.0,0.6000000238418579,2.580695,1.061892,1.518804
test,"(196, 84)",202,1,351.0,1.0,1.0,1.807633,0.089241,1.718392
test,"(196, 84)",202,1,351.0,1.0,1.0,1.598289,0.085073,1.513216
test,"(175, 202)",62,1,108.0,29.0,0.3333333432674408,1.977434,1.108079,0.869355
test,"(202, 62)",256,1,478.0,44.0,0.12133891135454178,3.595530,3.018519,0.577011
test,"(202, 62)",79,1,478.0,44.0,0.12133891135454178,2.234219,2.542968,-0.308749
test,"(64, 378)",13,1,149.0,27.0,0.20805369317531586,3.808057,1.660699,2.147358
test,"(252, 284)",134,1,69.0,1.0,1.0,1.054177,0.074658,0.979519
test,"(134, 237)",79,1,262.0,20.0,0.4007633626461029,2.741013,3.517300,-0.776286
test,"(62, 69)",81,1,599.0,31.0,0.2804674506187439,3.961163,1.368555,2.592608
test,"(71, 13)",73,1,261.0,35.0,0.17241379618644714,5.163165,2.155254,3.007911
test,"(52, 51)",47,1,99.0,16.0,0.46464645862579346,6.475164,2.853540,3.621624
test,"(13, 79)",190,1,945.0,28.0,0.16613756120204926,2.282533,1.832304,0.450229
test,"(361, 77)",202,1,320.0,23.0,0.4281249940395355,3.329816,1.444422,1.885394
test,"(81, 84)",66,1,440.0,28.0,0.4954545497894287,3.783731,2.184418,1.599313
test,"(58, 1)",295,1,371.0,53.0,0.09164420515298843,10.014163,12.046974,-2.032811
test,"(278, 83)",182,1,54.0,14.0,0.2777777910232544,6.338867,3.854082,2.484786
test,"(432, 79)",66,1,3.0,1.0,1.0,5.323889,0.389844,4.934046
test,"(60, 11)",224,1,485.0,48.0,0.09690721333026886,3.113343,2.397834,0.715509
test,"(193, 507)",193,1,29.0,7.0,0.48275861144065857,1.345254,0.790853,0.554402
test,"(13, 16)",69,1,206.0,20.0,0.4417475759983063,4.238599,0.920891,3.317708
test,"(186, 511)",7,1,499.0,3.0,0.9218437075614929,0.315187,0.099770,0.215417
test,"(256, 242)",440,1,464.0,17.0,0.35775861144065857,1.844246,1.080017,0.764229
test,"(40, 49)",11,1,41.0,12.0,0.2195121943950653,4.915456,2.134131,2.781325
test,"(23, 15)",352,1,134.0,34.0,0.09701492637395859,5.314770,3.959895,1.354875
test,"(318, 482)",59,1,15.0,11.0,0.2666666805744171,7.346574,4.180282,3.166292
test,"(85, 59)",77,0,0.0,0.0,0.0,1.045073,1.062217,-0.017144
test,"(356, 193)",194,1,129.0,21.0,0.23255814611911774,4.344955,2.089032,2.255924
test,"(173, 7)",224,1,145.0,22.0,0.33103448152542114,7.833539,7.440996,0.392544
test,"(175, 202)",231,1,108.0,29.0,0.3333333432674408,5.344324,7.320769,-1.976445
test,"(196, 84)",202,1,351.0,1.0,1.0,2.391034,0.097200,2.293834
test,"(202, 62)",256,1,478.0,44.0,0.12133891135454178,4.037879,3.038798,0.999080
test,"(62, 82)",410,1,979.0,34.0,0.3534218668937683,2.602578,1.123159,1.479418
test,"(194, 13)",86,1,66.0,11.0,0.6060606241226196,5.024308,0.621842,4.402466
test,"(86, 235)",173,1,65.0,2.0,0.9692307710647583,3.193614,0.142073,3.051540
test,"(202, 62)",82,1,478.0,44.0,0.12133891135454178,3.499529,2.972704,0.526825
test,"(78, 67)",134,1,495.0,27.0,0.3292929232120514,3.129886,4.529595,-1.399709
test,"(208, 396)",289,1,17.0,6.0,0.47058823704719543,5.896392,8.059662,-2.163270
test,"(356, 186)",511,1,433.0,28.0,0.6096997857093811,1.264948,0.547541,0.717407
test,"(14, 14)",472,1,553.0,41.0,0.49005424976348877,2.405191,0.796473,1.608719
test,"(14, 79)",493,1,213.0,19.0,0.26760563254356384,2.415671,1.946966,0.468706
test,"(205, 88)",389,1,688.0,64.0,0.20494185388088226,3.345247,1.751365,1.593882
test,"(43, 6)",207,1,22.0,5.0,0.3636363744735718,3.359837,1.687109,1.672728
test,"(25, 199)",34,1,2122.0,114.0,0.12205466628074646,6.188345,5.189133,0.999212
test,"(34, 32)",35,1,85.0,8.0,0.3176470696926117,3.261293,1.854466,1.406828
test,"(35, 192)",26,1,538.0,27.0,0.26579925417900085,3.816852,2.564520,1.252332
test,"(83, 82)",133,1,482.0,37.0,0.2282157689332962,4.411767,1.580501,2.831265
test,"(68, 207)",367,1,103.0,2.0,0.9514563083648682,0.911300,0.114444,0.796856
test,"(14, 79)",75,1,213.0,19.0,0.26760563254356384,3.497815,4.211189,-0.713375
test,"(79, 440)",82,1,14.0,1.0,1.0,0.783773,0.097995,0.685778
test,"(45, 68)",179,1,33.0,5.0,0.4545454680919647,2.631580,1.565342,1.066238
test,"(90, 134)",178,1,123.0,22.0,0.49593496322631836,5.129526,5.710765,-0.581239
test,"(398, 296)",67,1,12.0,1.0,1.0,2.820260,0.159892,2.660368
test,"(349, 265)",82,1,574.0,33.0,0.2874564528465271,1.917625,3.598517,-1.680892
test,"(287, 7)",218,1,8.0,3.0,0.75,4.033073,0.505243,3.527830
test,"(79, 75)",298,1,358.0,12.0,0.3268156349658966,1.607897,2.407872,-0.799975
test,"(50, 78)",241,1,288.0,6.0,0.7361111044883728,2.723810,0.404402,2.319408
test,"(269, 266)",78,1,58.0,15.0,0.17241379618644714,1.836466,1.761506,0.074960
test,"(495, 25)",189,1,227.0,4.0,0.8193832635879517,1.978699,0.289112,1.689587
test,"(84, 498)",259,1,79.0,10.0,0.3417721390724182,5.102265,3.621647,1.480618
test,"(368, 7)",467,1,101.0,26.0,0.11881188303232193,3.247976,2.238321,1.009656
test,"(193, 240)",82,1,177.0,7.0,0.7966101765632629,0.956611,0.272534,0.684078
test,"(475, 372)",13,1,2.0,1.0,1.0,0.162163,0.140930,0.021233
test,"(218, 186)",207,1,1021.0,27.0,0.46523016691207886,1.227913,0.799711,0.428202
test,"(241, 330)",230,1,308.0,30.0,0.26298701763153076,7.512527,5.483669,2.028859
test,"(180, 418)",213,1,569.0,23.0,0.29173988103866577,4.343116,2.476844,1.866272
test,"(19, 35)",259,1,42.0,4.0,0.8333333134651184,4.490020,2.382471,2.107549
test,"(213, 493)",326,1,209.0,2.0,0.8325358629226685,0.122449,0.174419,-0.051970
test,"(43, 207)",207,1,2.0,1.0,1.0,3.661952,0.557788,3.104164
test,"(134, 38)",197,1,219.0,21.0,0.27397260069847107,2.899712,2.235677,0.664035
test,"(510, 25)",363,1,126.0,10.0,0.7301587462425232,4.448615,3.067567,1.381048
test,"(254, 120)",127,1,260.0,30.0,0.18076923489570618,2.361048,1.789407,0.571641
test,"(418, 183)",344,1,97.0,12.0,0.3505154550075531,3.559537,3.270141,0.289396
test,"(134, 5)",5,1,588.0,14.0,0.896258533000946,1.552027,0.181512,1.370515
test,"(257, 25)",213,1,569.0,23.0,0.6063268780708313,4.584071,3.875915,0.708156
test,"(302, 14)",134,1,697.0,31.0,0.5882353186607361,2.174786,0.612939,1.561847
test,"(6, 218)",302,1,653.0,19.0,0.30781009793281555,7.979425,5.388365,2.591060
test,"(88, 77)",64,1,689.0,4.0,0.9796807169914246,5.171350,5.648263,-0.476912
test,"(419, 262)",299,1,9.0,4.0,0.4444444477558136,7.545705,1.453079,6.092626
test,"(25, 199)",261,1,2122.0,114.0,0.12205466628074646,4.126053,5.142744,-1.016691
test,"(14, 472)",40,1,295.0,10.0,0.9118643999099731,0.340954,0.108280,0.232673
test,"(226, 230)",40,1,32.0,17.0,0.21875,7.087851,7.791106,-0.703255
test,"(251, 203)",260,1,307.0,20.0,0.267100989818573,3.295361,1.403332,1.892030
test,"(112, 251)",338,1,32.0,3.0,0.4375,2.393379,1.819168,0.574211
test,"(129, 135)",155,1,386.0,8.0,0.7694300413131714,0.260345,0.250767,0.009578
test,"(497, 251)",226,1,227.0,9.0,0.33039647340774536,2.662039,1.626419,1.035620
test,"(134, 129)",141,1,471.0,9.0,0.6496815085411072,0.839583,1.431030,-0.591447
test,"(129, 135)",155,1,386.0,8.0,0.7694300413131714,0.192552,0.243843,-0.051291
test,"(144, 376)",120,1,19.0,3.0,0.8947368264198303,2.461231,3.438332,-0.977101
test,"(120, 226)",134,1,174.0,18.0,0.6149425506591797,3.072352,2.970283,0.102069
test,"(77, 420)",249,1,8.0,2.0,0.75,4.029781,0.513979,3.515802
test,"(66, 293)",62,1,104.0,10.0,0.5384615659713745,3.336375,2.709835,0.626540
test,"(19, 8)",343,1,157.0,23.0,0.2165605127811432,4.248736,2.333647,1.915089
test,"(254, 118)",186,1,219.0,27.0,0.22374428808689117,9.544353,10.757080,-1.212727
test,"(192, 7)",75,1,434.0,54.0,0.24884793162345886,4.384623,3.956035,0.428588
test,"(8, 297)",228,1,62.0,16.0,0.16129031777381897,4.575571,1.952063,2.623508
test,"(175, 255)",62,1,180.0,33.0,0.17777778208255768,3.040131,4.075123,-1.034993
test,"(285, 110)",238,1,207.0,13.0,0.2415459007024765,3.504067,2.246285,1.257782
test,"(11, 258)",81,1,103.0,13.0,0.3009708821773529,2.165083,1.430702,0.734381
test,"(492, 226)",221,1,281.0,10.0,0.5266903638839722,2.018737,0.718835,1.299901
test,"(88, 7)",83,1,343.0,66.0,0.16034986078739166,3.345048,3.146760,0.198288
test,"(88, 62)",83,1,302.0,28.0,0.3178808093070984,3.160015,2.469511,0.690504
test,"(260, 376)",112,1,59.0,4.0,0.47457626461982727,2.611261,4.211512,-1.600251
test,"(254, 109)",365,1,290.0,17.0,0.33448275923728943,3.853174,3.739920,0.113254
test,"(45, 284)",134,1,4.0,1.0,1.0,0.843140,0.191215,0.651925
test,"(352, 204)",169,0,0.0,0.0,0.0,8.323776,2.963055,5.360721
test,"(62, 43)",32,1,35.0,5.0,0.2857142984867096,3.289537,1.410733,1.878804
test,"(121, 201)",134,1,158.0,13.0,0.29113924503326416,1.946623,1.307867,0.638756
test,"(240, 69)",361,1,106.0,10.0,0.7264150977134705,4.590374,0.430600,4.159774
test,"(6, 210)",6,1,94.0,1.0,1.0,1.660232,0.087662,1.572570
test,"(69, 70)",308,1,11.0,4.0,0.3636363744735718,4.662697,6.687921,-2.025224
test,"(238, 264)",419,0,0.0,0.0,0.0,4.798562,5.432353,-0.633791
test,"(69, 70)",180,1,11.0,4.0,0.3636363744735718,3.263868,3.583763,-0.319895
test,"(458, 75)",7,1,295.0,33.0,0.26101693511009216,5.076815,3.042728,2.034087
test,"(172, 134)",74,1,98.0,32.0,0.16326530277729034,5.283696,2.663596,2.620101
test,"(12, 50)",40,1,2.0,2.0,0.5,4.437168,5.368791,-0.931623
test,"(62, 248)",87,1,39.0,1.0,1.0,2.561840,0.115127,2.446713
test,"(60, 305)",172,1,4.0,2.0,0.75,2.051133,2.126274,-0.075141
test,"(118, 128)",148,1,37.0,3.0,0.6486486196517944,1.861998,1.314219,0.547779
test,"(338, 119)",338,1,237.0,18.0,0.40506330132484436,3.849827,2.863092,0.986735
test,"(205, 82)",8,1,142.0,23.0,0.2112676054239273,2.968153,2.701849,0.266304
test,"(45, 456)",460,0,0.0,0.0,0.0,8.187817,6.540568,1.647248
test,"(70, 79)",180,1,19.0,5.0,0.5263158082962036,3.821348,2.771834,1.049514
test,"(134, 233)",70,1,349.0,9.0,0.5845271944999695,1.223033,0.583792,0.639240
test,"(87, 180)",191,1,137.0,33.0,0.1386861354112625,2.995833,3.295802,-0.299969
test,"(36, 51)",32,1,79.0,23.0,0.20253165066242218,5.169985,5.553999,-0.384014
test,"(28, 15)",8,1,58.0,6.0,0.4137931168079376,2.866525,0.994087,1.872438
test,"(213, 182)",67,1,293.0,12.0,0.46075084805488586,3.212444,1.669109,1.543335
test,"(249, 62)",319,1,135.0,16.0,0.34074074029922485,4.375715,5.291410,-0.915694
test,"(202, 8)",224,1,65.0,24.0,0.1538461595773697,3.173052,3.523881,-0.350829
test,"(222, 66)",62,1,154.0,19.0,0.15584415197372437,2.502512,3.376338,-0.873827
test,"(75, 62)",69,1,126.0,12.0,0.380952388048172,3.124939,2.153429,0.971511
test,"(456, 213)",79,1,15.0,7.0,0.2666666805744171,5.712001,1.994083,3.717918
test,"(81, 192)",212,1,81.0,16.0,0.3580246865749359,8.734222,10.085723,-1.351501
test,"(128, 140)",238,1,393.0,42.0,0.19083969295024872,3.484056,3.409498,0.074558
test,"(110, 476)",226,1,114.0,12.0,0.5701754093170166,0.896706,0.564414,0.332292
test,"(238, 229)",338,1,84.0,13.0,0.5476190447807312,2.346561,0.688874,1.657687
test,"(186, 511)",7,1,499.0,3.0,0.9218437075614929,0.269494,0.096008,0.173486
test,"(25, 358)",205,1,39.0,5.0,0.4871794879436493,4.446761,6.167924,-1.721163
test,"(358, 205)",189,1,14.0,3.0,0.5714285969734192,8.424570,10.123709,-1.699139
test,"(1, 172)",212,1,90.0,12.0,0.31111112236976624,3.020340,1.299065,1.721276
test,"(221, 251)",221,1,569.0,41.0,0.15114235877990723,2.795400,2.346564,0.448836
test,"(1, 134)",452,1,394.0,42.0,0.2690355181694031,6.872752,2.435316,4.437436
test,"(229, 134)",251,1,132.0,32.0,0.2651515007019043,3.896513,3.673649,0.222864
test,"(193, 511)",7,1,124.0,2.0,0.9354838728904724,0.211573,0.075212,0.136361
test,"(120, 492)",221,1,133.0,13.0,0.1654135286808014,2.729831,3.715825,-0.985994
test,"(69, 1)",134,1,674.0,52.0,0.4243323504924774,2.437876,0.931738,1.506138
test,"(69, 1)",172,1,674.0,52.0,0.4243323504924774,3.365997,2.090811,1.275186
test,"(440, 483)",82,1,94.0,14.0,0.3085106313228607,1.468574,1.169649,0.298925
test,"(13, 79)",88,1,945.0,28.0,0.16613756120204926,3.038104,2.016105,1.021999
test,"(88, 84)",185,1,33.0,2.0,0.939393937587738,7.014028,0.192051,6.821977
test,"(32, 43)",134,1,115.0,24.0,0.20000000298023224,3.905064,1.968161,1.936902
test,"(134, 280)",240,1,250.0,41.0,0.21199999749660492,8.792820,3.488078,5.304742
test,"(188, 341)",82,1,179.0,18.0,0.40223464369773865,2.209372,2.234143,-0.024771
test,"(334, 69)",191,1,223.0,30.0,0.3273542523384094,3.362751,1.217995,2.144756
test,"(2, 225)",88,1,10.0,2.0,0.8999999761581421,2.213726,0.258312,1.955414
test,"(404, 191)",235,1,32.0,3.0,0.59375,6.744792,4.863562,1.881230
test,"(79, 190)",71,1,485.0,8.0,0.6701030731201172,1.320341,0.461977,0.858364
test,"(491, 71)",75,1,19.0,10.0,0.4736842215061188,5.339254,4.272332,1.066923
test,"(185, 28)",51,1,1.0,1.0,1.0,4.074111,3.003048,1.071063
test,"(81, 279)",186,1,357.0,26.0,0.299719899892807,4.470338,3.426724,1.043614
test,"(368, 62)",69,1,7.0,4.0,0.4285714328289032,3.202158,1.707276,1.494882
test,"(293, 13)",44,1,73.0,17.0,0.2054794579744339,5.819400,7.343941,-1.524542
test,"(62, 69)",349,1,599.0,31.0,0.2804674506187439,3.462349,3.282969,0.179380
test,"(69, 349)",265,1,255.0,5.0,0.7647058963775635,2.233775,0.353594,1.880181
test,"(7, 1)",256,1,720.0,89.0,0.11388888955116272,7.447798,8.338082,-0.890284
test,"(75, 435)",405,1,54.0,5.0,0.48148149251937866,11.629902,12.663516,-1.033614
test,"(255, 356)",186,1,3.0,2.0,0.6666666865348816,1.371033,0.588458,0.782575
test,"(134, 491)",71,1,11.0,2.0,0.9090909361839294,5.242137,0.177446,5.064691
test,"(7, 491)",71,1,4.0,1.0,1.0,4.907032,0.171892,4.735140
test,"(50, 430)",68,1,12.0,2.0,0.8333333134651184,5.540266,2.091589,3.448676
test,"(134, 219)",78,1,11.0,3.0,0.5454545617103577,4.416887,0.836745,3.580142
test,"(133, 133)",214,1,2512.0,71.0,0.19864650070667267,2.425066,2.646340,-0.221275
test,"(13, 219)",78,1,5.0,1.0,1.0,4.905446,0.264649,4.640797
test,"(13, 77)",223,1,320.0,13.0,0.528124988079071,2.469721,0.726616,1.743106
test,"(82, 175)",179,1,71.0,6.0,0.7464788556098938,3.457805,0.404626,3.053179
test,"(373, 427)",193,1,1.0,1.0,1.0,1.980692,0.972415,1.008277
test,"(193, 134)",491,1,864.0,79.0,0.08796296268701553,8.201198,8.083564,0.117633
test,"(268, 193)",134,1,129.0,28.0,0.1782945692539215,2.096819,1.681945,0.414874
test,"(193, 134)",491,1,864.0,79.0,0.08796296268701553,8.498127,8.106668,0.391459
test,"(235, 491)",71,1,4.0,2.0,0.75,5.011899,0.318722,4.693177
test,"(192, 274)",17,0,0.0,0.0,0.0,6.388800,7.925411,-1.536611
test,"(51, 235)",491,1,15.0,3.0,0.4000000059604645,15.493938,7.709048,7.784890
test,"(82, 84)",441,1,321.0,10.0,0.3333333432674408,5.878155,4.650645,1.227510
test,"(182, 274)",62,1,371.0,34.0,0.32614555954933167,3.381476,2.827611,0.553865
test,"(230, 85)",83,1,26.0,9.0,0.5769230723381042,6.097405,6.839676,-0.742271
test,"(452, 396)",8,1,1.0,1.0,1.0,2.311717,2.543785,-0.232068
test,"(13, 346)",82,1,4.0,1.0,1.0,0.718926,0.182268,0.536658
test,"(25, 186)",375,1,230.0,29.0,0.313043475151062,3.675394,3.880157,-0.204764
test,"(234, 293)",188,0,0.0,0.0,0.0,1.119421,1.216966,-0.097545
test,"(62, 62)",69,1,416.0,31.0,0.13942307233810425,3.023817,2.033463,0.990355
test,"(175, 356)",193,1,2.0,1.0,1.0,2.047535,3.049518,-1.001983
test,"(242, 178)",370,1,5.0,2.0,0.6000000238418579,12.827477,1.491350,11.336127
test,"(175, 373)",25,1,142.0,18.0,0.19014084339141846,4.847019,6.958556,-2.111537
test,"(378, 8)",264,1,15.0,7.0,0.3333333432674408,4.103754,4.899630,-0.795877
test,"(391, 36)",45,1,27.0,3.0,0.6666666865348816,3.224913,0.540567,2.684346
test,"(71, 134)",379,1,86.0,37.0,0.11627907305955887,4.291859,2.311501,1.980359
test,"(183, 78)",242,1,442.0,11.0,0.44570136070251465,2.357015,0.892373,1.464642
test,"(191, 344)",191,1,72.0,13.0,0.25,3.141152,2.012818,1.128334
test,"(303, 222)",71,1,9.0,1.0,1.0,2.223932,0.168109,2.055824
test,"(32, 45)",363,1,105.0,14.0,0.4952380955219269,5.866313,2.639172,3.227141
test,"(79, 75)",190,1,358.0,12.0,0.3268156349658966,3.434388,2.776624,0.657764
test,"(178, 76)",62,1,580.0,50.0,0.12586206197738647,3.049288,4.665329,-1.616041
test,"(67, 282)",66,1,84.0,14.0,0.3928571343421936,3.797229,3.969860,-0.172631
test,"(72, 188)",62,1,560.0,59.0,0.1428571492433548,3.283555,2.015598,1.267957
test,"(69, 47)",40,1,2.0,1.0,1.0,3.001949,3.663449,-0.661499
test,"(134, 243)",184,1,507.0,9.0,0.8047337532043457,1.203900,0.280973,0.922927
test,"(66, 75)",84,1,407.0,12.0,0.4004913866519928,2.829462,1.006828,1.822634
test,"(72, 440)",28,1,49.0,6.0,0.7346938848495483,7.643069,9.735830,-2.092761
test,"(25, 134)",42,1,1784.0,97.0,0.08464125543832779,5.280496,4.394171,0.886324
test,"(88, 34)",72,1,187.0,7.0,0.5935828685760498,6.301388,5.054083,1.247305
test,"(191, 205)",188,1,179.0,1.0,1.0,2.462198,0.099656,2.362542
test,"(195, 189)",186,1,78.0,6.0,0.4743589758872986,2.282511,2.009837,0.272674
test,"(259, 186)",191,1,195.0,26.0,0.13333334028720856,3.579019,4.644658,-1.065640
test,"(337, 83)",459,1,45.0,12.0,0.2222222238779068,3.188858,2.005370,1.183487
test,"(311, 191)",459,1,25.0,8.0,0.3199999928474426,2.334947,2.719323,-0.384376
test,"(16, 19)",92,1,130.0,24.0,0.4692307710647583,3.940323,0.856542,3.083781
test,"(65, 324)",67,1,236.0,5.0,0.9745762944221497,1.554894,0.107387,1.447508
test,"(433, 193)",272,1,49.0,6.0,0.6326530575752258,3.771275,2.311897,1.459378
test,"(18, 281)",134,1,128.0,31.0,0.1953125,2.120190,1.672505,0.447686
test,"(199, 65)",295,1,260.0,15.0,0.642307698726654,2.903548,2.039598,0.863951
test,"(282, 17)",13,1,127.0,7.0,0.3858267664909363,4.091257,1.370511,2.720746
test,"(253, 29)",224,1,1481.0,23.0,0.18568535149097443,2.223479,2.442281,-0.218802
test,"(83, 459)",82,1,312.0,30.0,0.29807692766189575,1.082153,1.149468,-0.067315
test,"(233, 86)",12,1,305.0,26.0,0.5081967115402222,2.078475,0.740137,1.338339
test,"(12, 64)",234,1,135.0,6.0,0.8518518805503845,1.108122,0.228138,0.879983
test,"(72, 12)",182,1,20.0,8.0,0.25,5.123300,1.905850,3.217450
test,"(6, 92)",347,1,282.0,31.0,0.28014183044433594,1.892825,3.001731,-1.108906
test,"(64, 72)",12,1,136.0,21.0,0.27941176295280457,6.984881,3.029838,3.955043
test,"(12, 76)",84,1,499.0,14.0,0.8316633105278015,1.443225,0.258817,1.184408
test,"(76, 84)",387,1,429.0,3.0,0.9673659801483154,2.078077,0.125712,1.952365
test,"(7, 353)",65,1,264.0,8.0,0.5795454382896423,6.317066,1.735946,4.581120
test,"(70, 8)",60,1,74.0,26.0,0.10810811072587967,1.656299,2.167581,-0.511282
test,"(304, 397)",85,1,291.0,6.0,0.32302406430244446,1.821215,1.766937,0.054278
test,"(506, 12)",87,1,576.0,9.0,0.3125,3.048656,1.254931,1.793726
test,"(75, 309)",325,1,40.0,9.0,0.375,2.714223,1.080497,1.633726
test,"(322, 217)",12,1,332.0,10.0,0.7620481848716736,0.875525,0.317577,0.557948
test,"(69, 233)",86,1,327.0,3.0,0.5137614607810974,1.295717,0.823650,0.472067
test,"(45, 50)",13,1,88.0,19.0,0.35227271914482117,6.582957,5.577236,1.005721
test,"(200, 7)",353,1,283.0,14.0,0.9328621625900269,1.913464,0.159465,1.753999
test,"(193, 208)",253,1,266.0,22.0,0.6804511547088623,0.727029,0.380508,0.346521
test,"(345, 25)",227,1,558.0,12.0,0.560931921005249,2.631559,1.330753,1.300806
test,"(40, 43)",36,1,317.0,13.0,0.8832807540893555,1.457337,0.197111,1.260226
test,"(88, 133)",449,1,98.0,9.0,0.5918367505073547,6.185745,1.838230,4.347515
test,"(155, 363)",178,1,2.0,2.0,0.5,8.252439,2.153703,6.098736
test,"(227, 133)",133,1,1.0,1.0,1.0,1.040574,1.582312,-0.541738
test,"(225, 322)",197,1,212.0,15.0,0.49056604504585266,4.582092,3.000986,1.581105
test,"(343, 375)",69,1,177.0,5.0,0.9604519605636597,1.323976,0.110546,1.213430
test,"(62, 7)",184,1,48.0,8.0,0.7291666865348816,3.058398,0.431180,2.627218
test,"(134, 287)",72,1,243.0,2.0,0.7695473432540894,2.262445,0.354829,1.907616
test,"(197, 176)",192,1,211.0,7.0,0.44549763202667236,4.693776,0.917506,3.776270
test,"(182, 67)",289,1,348.0,53.0,0.11781609058380127,6.950584,8.817089,-1.866504
test,"(197, 176)",192,1,211.0,7.0,0.44549763202667236,3.988688,0.915163,3.073525
test,"(176, 219)",13,1,21.0,5.0,0.523809552192688,2.493517,4.392243,-1.898726
test,"(205, 71)",191,1,441.0,52.0,0.17006802558898926,7.118786,3.281139,3.837647
test,"(13, 84)",471,1,98.0,7.0,0.6836734414100647,4.131919,0.493024,3.638895
test,"(62, 7)",184,1,48.0,8.0,0.7291666865348816,2.695090,0.428019,2.267071
test,"(11, 225)",322,1,254.0,29.0,0.16141732037067413,2.074040,3.474704,-1.400664
test,"(227, 25)",193,1,30.0,10.0,0.23333333432674408,2.737601,4.115983,-1.378382
test,"(134, 24)",11,1,49.0,10.0,0.2857142984867096,4.044982,3.474184,0.570798
test,"(504, 7)",184,1,24.0,10.0,0.4166666567325592,2.874173,2.331333,0.542840
test,"(84, 173)",82,1,286.0,30.0,0.1818181872367859,1.839744,1.950775,-0.111030
test,"(82, 28)",378,1,147.0,36.0,0.1428571492433548,7.844779,6.394549,1.450231
test,"(224, 262)",82,1,22.0,8.0,0.40909090638160706,2.970006,2.216874,0.753132
test,"(134, 44)",64,1,500.0,37.0,0.21799999475479126,4.031149,3.311765,0.719384
test,"(311, 382)",281,1,2.0,2.0,0.5,3.782538,2.922922,0.859616
test,"(15, 11)",134,1,337.0,53.0,0.22255192697048187,1.787686,1.449797,0.337890
test,"(281, 15)",11,1,183.0,29.0,0.2568306028842926,2.285012,2.171628,0.113384
test,"(243, 134)",18,1,25.0,15.0,0.20000000298023224,3.156331,2.945342,0.210989
test,"(464, 180)",337,1,16.0,10.0,0.1875,3.974926,3.443714,0.531212
test,"(16, 23)",15,1,78.0,18.0,0.5128205418586731,3.353784,2.532829,0.820955
test,"(20, 17)",22,1,13.0,6.0,0.4615384638309479,4.357321,5.505024,-1.147703
test,"(134, 87)",79,1,145.0,23.0,0.30344828963279724,5.912463,5.991597,-0.079134
test,"(178, 43)",68,0,0.0,0.0,0.0,2.567654,3.175629,-0.607975
test,"(31, 40)",82,1,168.0,1.0,1.0,1.612683,0.087334,1.525350
test,"(133, 133)",300,1,2512.0,71.0,0.19864650070667267,3.338041,1.763802,1.574239
test,"(510, 359)",391,1,2.0,1.0,1.0,3.449159,0.560417,2.888742
test,"(258, 190)",435,1,157.0,7.0,0.675159215927124,0.978458,0.439238,0.539220
test,"(388, 134)",31,1,249.0,12.0,0.9156626462936401,0.627136,0.132915,0.494221
test,"(92, 133)",133,1,751.0,21.0,0.9094540476799011,0.504543,0.124717,0.379825
test,"(76, 410)",17,1,39.0,4.0,0.6666666865348816,8.593104,3.541776,5.051329
test,"(182, 385)",389,1,164.0,3.0,0.7317073345184326,1.234257,0.378571,0.855686
test,"(408, 54)",509,1,55.0,1.0,1.0,0.243107,0.031890,0.211217
test,"(178, 68)",14,1,453.0,49.0,0.3002207577228546,2.647103,1.928993,0.718110
test,"(68, 7)",7,1,490.0,45.0,0.18571428954601288,4.058013,1.849777,2.208236
test,"(291, 266)",13,1,101.0,5.0,0.9306930899620056,4.527382,0.181783,4.345598
test,"(195, 207)",26,1,543.0,13.0,0.41436463594436646,1.966690,0.948672,1.018018
test,"(11, 231)",69,1,142.0,26.0,0.35915493965148926,2.096640,2.814259,-0.717619
test,"(365, 134)",254,1,31.0,13.0,0.22580644488334656,3.947886,2.679251,1.268635
test,"(32, 248)",405,1,349.0,4.0,0.7621776461601257,0.901925,0.321176,0.580750
test,"(252, 69)",374,1,489.0,8.0,0.8670756816864014,0.325722,0.160416,0.165307
test,"(79, 47)",206,1,33.0,2.0,0.9696969985961914,1.677836,0.135040,1.542796
test,"(252, 86)",12,1,335.0,6.0,0.9761193990707397,0.611360,0.069647,0.541713
test,"(325, 399)",34,1,35.0,4.0,0.7714285850524902,0.419066,0.245307,0.173759
test,"(134, 8)",434,1,377.0,30.0,0.1989389955997467,3.758703,1.969801,1.788902
test,"(86, 288)",173,1,405.0,2.0,0.9950617551803589,0.153913,0.019228,0.134685
test,"(302, 29)",193,1,630.0,21.0,0.13809524476528168,3.486939,2.634910,0.852029
test,"(121, 221)",134,1,174.0,11.0,0.4367816150188446,2.298711,1.757953,0.540757
test,"(16, 489)",12,1,12.0,2.0,0.8333333134651184,0.179180,0.141902,0.037278
test,"(12, 15)",213,1,355.0,28.0,0.20845070481300354,4.240138,4.030254,0.209884
test,"(399, 35)",428,1,19.0,4.0,0.5789473652839661,8.955472,2.819764,6.135708
test,"(282, 76)",175,1,22.0,6.0,0.5454545617103577,2.569359,2.158811,0.410548
test,"(214, 87)",25,1,127.0,25.0,0.16535432636737823,3.482961,1.938625,1.544336
test,"(272, 282)",63,1,193.0,7.0,0.9637305736541748,2.508551,0.134371,2.374180
test,"(228, 82)",32,1,645.0,63.0,0.15968991816043854,5.104430,1.939142,3.165287
test,"(248, 405)",469,1,278.0,29.0,0.18705035746097565,4.790779,2.322696,2.468083
test,"(133, 69)",286,1,302.0,10.0,0.6754966974258423,1.637292,0.468069,1.169223
test,"(69, 233)",190,1,327.0,3.0,0.5137614607810974,2.623219,0.758951,1.864268
test,"(440, 483)",58,1,94.0,14.0,0.3085106313228607,4.607958,2.629373,1.978585
test,"(186, 231)",82,1,65.0,19.0,0.32307693362236023,1.352163,0.996380,0.355784
test,"(70, 83)",71,1,325.0,11.0,0.7938461303710938,2.684271,0.327484,2.356787
test,"(198, 71)",25,1,284.0,33.0,0.38732394576072693,3.299864,3.551492,-0.251627
test,"(68, 92)",356,1,47.0,21.0,0.21276596188545227,2.375165,1.612332,0.762833
test,"(193, 511)",7,1,124.0,2.0,0.9354838728904724,0.273856,0.080494,0.193362
test,"(134, 17)",25,1,515.0,55.0,0.12038835138082504,4.036560,2.827988,1.208572
test,"(15, 8)",343,1,203.0,28.0,0.1231527104973793,3.316260,2.739617,0.576643
test,"(64, 242)",188,1,273.0,19.0,0.5018315315246582,3.155667,0.774650,2.381017
test,"(60, 11)",193,1,485.0,48.0,0.09690721333026886,2.651622,2.420888,0.230735
test,"(64, 175)",1,1,261.0,34.0,0.3371647596359253,4.089954,4.618546,-0.528592
test,"(60, 11)",193,1,485.0,48.0,0.09690721333026886,2.631859,2.419304,0.212555
test,"(179, 81)",84,1,420.0,26.0,0.37142857909202576,2.670524,1.072786,1.597738
test,"(437, 7)",77,1,519.0,60.0,0.09441233426332474,3.289747,4.249461,-0.959714
test,"(77, 79)",13,1,248.0,7.0,0.9516128897666931,3.649401,0.153626,3.495775
test,"(230, 193)",134,1,55.0,4.0,0.8181818127632141,2.121478,2.116479,0.004999
test,"(79, 66)",62,1,70.0,6.0,0.5285714268684387,2.830635,1.888245,0.942389
test,"(242, 188)",62,1,284.0,29.0,0.21830986440181732,2.614103,1.707590,0.906512
test,"(62, 82)",410,1,979.0,34.0,0.3534218668937683,2.807871,1.127395,1.680475
test,"(35, 36)",62,1,206.0,20.0,0.3203883469104767,2.277577,3.478328,-1.200751
test,"(197, 256)",214,1,309.0,4.0,0.5857605338096619,1.420358,0.596641,0.823717
test,"(13, 79)",190,1,945.0,28.0,0.16613756120204926,2.659964,1.852548,0.807416
test,"(178, 361)",175,1,101.0,9.0,0.7128713130950928,3.548750,0.444274,3.104476
test,"(387, 8)",186,1,52.0,11.0,0.48076921701431274,2.156398,3.802648,-1.646250
test,"(13, 17)",69,1,175.0,18.0,0.36571428179740906,3.865155,1.112516,2.752639
test,"(50, 410)",6,1,132.0,10.0,0.689393937587738,4.324648,6.137317,-1.812669
test,"(313, 189)",6,1,9.0,2.0,0.8888888955116272,4.479254,0.314241,4.165013
test,"(134, 178)",361,1,226.0,36.0,0.25221237540245056,4.757533,1.482915,3.274618
test,"(1, 60)",8,1,401.0,31.0,0.21945136785507202,2.313401,2.224227,0.089174
test,"(1, 60)",11,1,401.0,31.0,0.21945136785507202,2.585732,1.570303,1.015428
test,"(231, 82)",196,1,706.0,15.0,0.3243626058101654,3.850716,1.449704,2.401012
test,"(202, 62)",437,1,478.0,44.0,0.12133891135454178,4.543429,6.274356,-1.730926
test,"(79, 322)",299,1,160.0,8.0,0.35624998807907104,5.010780,1.297416,3.713364
test,"(77, 81)",7,1,79.0,10.0,0.5443037748336792,5.133070,3.614925,1.518145
test,"(23, 356)",420,1,77.0,14.0,0.4025973975658417,8.302142,2.017295,6.284847
test,"(252, 284)",134,1,69.0,1.0,1.0,1.035622,0.073955,0.961667
test,"(19, 15)",352,1,153.0,41.0,0.09150326997041702,5.886346,4.064671,1.821675
test,"(13, 86)",235,1,210.0,15.0,0.25238096714019775,4.987341,1.490001,3.497340
test,"(301, 190)",435,1,251.0,4.0,0.9203187227249146,1.982417,0.173573,1.808844
test,"(69, 92)",289,1,273.0,38.0,0.12820513546466827,3.615182,2.871733,0.743449
test,"(224, 194)",1,1,124.0,19.0,0.24193547666072845,2.400887,2.281434,0.119452
test,"(59, 77)",356,1,424.0,40.0,0.24056604504585266,5.096162,2.526096,2.570066
test,"(43, 47)",34,1,5.0,3.0,0.4000000059604645,3.447820,1.438735,2.009086
test,"(25, 189)",6,1,709.0,83.0,0.25528913736343384,3.253130,4.717380,-1.464250
test,"(7, 69)",1,1,1118.0,36.0,0.5635062456130981,1.305835,0.625090,0.680746
test,"(7, 1)",59,1,720.0,89.0,0.11388888955116272,2.746560,2.812798,-0.066238
test,"(23, 352)",278,1,4.0,2.0,0.75,2.589864,0.637224,1.952640
test,"(343, 134)",173,1,126.0,35.0,0.3492063581943512,6.040978,3.429690,2.611288
test,"(134, 173)",179,1,295.0,8.0,0.39661017060279846,3.206406,1.340298,1.866107
test,"(205, 71)",62,1,441.0,52.0,0.17006802558898926,2.327008,3.754323,-1.427314
test,"(189, 68)",92,1,25.0,3.0,0.800000011920929,5.861145,0.365823,5.495322
test,"(71, 180)",442,1,132.0,23.0,0.3787878751754761,6.352287,7.532712,-1.180425
test,"(62, 247)",175,1,84.0,4.0,0.380952388048172,2.873645,1.068485,1.805160
test,"(69, 81)",223,1,342.0,6.0,0.8684210777282715,0.877259,0.196057,0.681202
test,"(134, 315)",43,1,603.0,27.0,0.4842454493045807,4.826131,7.052274,-2.226143
test,"(78, 65)",73,1,97.0,11.0,0.5979381203651428,4.569659,0.627960,3.941699
test,"(9, 74)",86,1,24.0,1.0,1.0,5.863263,0.136489,5.726773
test,"(259, 472)",202,1,2.0,1.0,1.0,3.584599,0.534597,3.050002
test,"(300, 330)",505,1,94.0,3.0,0.957446813583374,3.052914,3.560826,-0.507912
test,"(160, 134)",53,1,1.0,1.0,1.0,5.155378,5.547945,-0.392566
test,"(202, 339)",176,1,42.0,5.0,0.4761904776096344,2.820199,0.854187,1.966011
test,"(193, 367)",134,1,29.0,7.0,0.3448275923728943,2.615269,4.608775,-1.993505
test,"(496, 13)",340,1,741.0,52.0,0.37516868114471436,4.008554,5.345588,-1.337034
test,"(81, 279)",193,1,357.0,26.0,0.299719899892807,3.666292,3.960468,-0.294176
test,"(134, 353)",12,1,107.0,2.0,0.6261682510375977,5.813564,0.581760,5.231804
test,"(26, 195)",134,1,684.0,39.0,0.17105263471603394,1.594304,1.703637,-0.109333
test,"(336, 70)",70,1,33.0,1.0,1.0,4.164571,0.125260,4.039312
test,"(410, 32)",75,1,10.0,1.0,1.0,4.100843,0.179268,3.921576
test,"(183, 464)",199,1,58.0,7.0,0.5862069129943848,8.839955,0.655469,8.184486
test,"(389, 186)",183,1,62.0,18.0,0.20967741310596466,3.225721,2.050440,1.175281
test,"(143, 127)",109,1,10.0,1.0,1.0,3.623006,0.177337,3.445668
test,"(269, 408)",54,1,11.0,6.0,0.3636363744735718,4.683713,3.905766,0.777947
test,"(134, 5)",5,1,588.0,14.0,0.896258533000946,0.578823,0.140547,0.438276
test,"(248, 13)",74,1,124.0,21.0,0.3306451737880707,5.885890,2.802932,3.082958
test,"(189, 92)",8,1,153.0,19.0,0.13071896135807037,3.490489,2.241427,1.249061
test,"(225, 464)",55,1,75.0,14.0,0.3333333432674408,14.199867,12.080648,2.119219
test,"(64, 483)",51,1,341.0,26.0,0.27272728085517883,5.941785,8.195802,-2.254017
test,"(245, 134)",87,1,442.0,44.0,0.3438914120197296,5.753080,7.363012,-1.609932
test,"(11, 245)",134,1,327.0,40.0,0.2110091745853424,2.030821,1.548545,0.482275
test,"(269, 249)",402,1,60.0,6.0,0.28333333134651184,1.191742,1.309747,-0.118005
test,"(11, 245)",510,1,327.0,40.0,0.2110091745853424,6.833988,7.003082,-0.169094
test,"(249, 402)",54,1,484.0,38.0,0.6508264541625977,7.325320,4.798671,2.526649
test,"(54, 509)",257,1,402.0,34.0,0.14676617085933685,1.769498,2.358621,-0.589123
test,"(180, 270)",134,1,677.0,38.0,0.5450516939163208,2.376655,2.251749,0.124906
test,"(25, 231)",247,1,51.0,17.0,0.19607843458652496,9.703609,8.879002,0.824606
test,"(247, 87)",57,1,394.0,36.0,0.2842639684677124,11.354651,12.891204,-1.536553
test,"(299, 25)",194,1,84.0,23.0,0.2738095223903656,3.812609,1.411898,2.400710
test,"(76, 410)",54,1,39.0,4.0,0.6666666865348816,5.426469,0.536048,4.890421
test,"(186, 331)",7,1,170.0,21.0,0.25882354378700256,5.417439,2.600648,2.816790
test,"(7, 86)",8,1,129.0,20.0,0.23255814611911774,3.306095,1.564950,1.741145
test,"(71, 11)",358,1,153.0,29.0,0.12418300658464432,4.438540,2.873773,1.564766
test,"(7, 218)",186,1,584.0,25.0,0.23458904027938843,0.821424,1.346206,-0.524781
test,"(54, 509)",257,1,402.0,34.0,0.14676617085933685,1.960800,2.390507,-0.429707
test,"(180, 134)",340,1,1339.0,86.0,0.08513816446065903,6.484643,3.778004,2.706638
test,"(251, 229)",201,1,68.0,19.0,0.1617647111415863,3.070540,2.196975,0.873566
test,"(154, 127)",165,1,16.0,4.0,0.6875,3.080682,0.526693,2.553989
test,"(127, 159)",127,1,160.0,18.0,0.643750011920929,1.086210,0.427453,0.658757
test,"(15, 133)",43,1,18.0,7.0,0.3888888955116272,5.502213,7.075338,-1.573125
test,"(284, 134)",21,1,631.0,45.0,0.15213945508003235,4.685879,1.987185,2.698694
test,"(16, 92)",134,1,29.0,12.0,0.17241379618644714,2.901284,2.880464,0.020820
test,"(35, 92)",134,1,4.0,1.0,1.0,2.777454,4.315405,-1.537951
test,"(134, 382)",13,1,2.0,1.0,1.0,3.629420,0.532958,3.096461
test,"(189, 6)",127,1,201.0,35.0,0.3781094551086426,6.686461,2.090246,4.596215
test,"(110, 221)",229,1,175.0,11.0,0.6571428775787354,2.362313,1.767617,0.594695
test,"(203, 238)",12,1,311.0,37.0,0.2668810188770294,11.829573,8.816563,3.013010
test,"(229, 201)",338,1,181.0,36.0,0.1712707132101059,3.916596,3.475771,0.440826
test,"(120, 212)",95,1,96.0,15.0,0.2291666716337204,4.999599,6.348998,-1.349399
test,"(409, 230)",500,1,18.0,7.0,0.3888888955116272,5.126124,6.517790,-1.391666
test,"(86, 82)",180,1,87.0,18.0,0.14942528307437897,2.743176,2.136588,0.606588
test,"(12, 17)",8,1,931.0,38.0,0.1890440434217453,3.647290,5.099038,-1.451748
test,"(11, 183)",78,1,302.0,42.0,0.1192052960395813,2.715260,2.226688,0.488572
test,"(351, 134)",124,1,205.0,24.0,0.35121950507164,5.986094,4.579305,1.406790
test,"(111, 376)",109,1,5.0,2.0,0.6000000238418579,3.234416,3.947318,-0.712903
test,"(230, 1)",127,1,84.0,25.0,0.2738095223903656,2.681278,2.899376,-0.218098
test,"(117, 439)",201,1,43.0,3.0,0.6279069781303406,1.793716,1.248340,0.545376
test,"(223, 25)",27,1,249.0,22.0,0.41767069697380066,5.567179,3.614826,1.952353
test,"(127, 164)",127,1,322.0,11.0,0.3571428656578064,1.750836,1.270967,0.479869
test,"(127, 165)",127,1,292.0,16.0,0.4726027250289917,1.270326,0.760927,0.509399
test,"(69, 1)",172,1,674.0,52.0,0.4243323504924774,3.368652,2.090885,1.277767
test,"(212, 120)",338,1,232.0,14.0,0.34913793206214905,4.386592,5.085083,-0.698491
test,"(155, 25)",356,1,14.0,2.0,0.8571428656578064,4.670037,0.322296,4.347741
test,"(25, 356)",186,1,46.0,6.0,0.6739130616188049,1.186919,0.426714,0.760206
test,"(226, 414)",497,1,286.0,38.0,0.19930070638656616,2.081052,2.397007,-0.315955
test,"(201, 221)",229,1,47.0,2.0,0.978723406791687,2.800176,0.131864,2.668312
test,"(112, 203)",278,1,55.0,10.0,0.5454545617103577,4.403218,6.690341,-2.287123
test,"(155, 134)",128,1,105.0,38.0,0.11428571492433548,2.959491,3.129723,-0.170232
test,"(92, 134)",128,1,232.0,48.0,0.1681034415960312,3.287126,5.309123,-2.021997
test,"(238, 238)",409,1,12.0,5.0,0.5,1.168686,0.754869,0.413816
test,"(187, 76)",62,1,76.0,9.0,0.5,3.235971,5.192030,-1.956059
test,"(186, 207)",133,1,870.0,14.0,0.25287356972694397,2.326927,2.938707,-0.611779
test,"(134, 62)",62,1,548.0,48.0,0.18248175084590912,3.741711,1.788924,1.952787
test,"(127, 158)",127,1,106.0,7.0,0.7264150977134705,4.169433,1.826710,2.342723
test,"(235, 505)",313,1,302.0,33.0,0.23178808391094208,5.067883,3.435640,1.632243
test,"(68, 46)",441,1,11.0,3.0,0.4545454680919647,3.896826,1.046167,2.850659
test,"(203, 251)",127,1,408.0,33.0,0.18382352590560913,4.810901,1.901104,2.909797
test,"(205, 180)",420,1,47.0,12.0,0.42553192377090454,5.121994,0.988094,4.133900
test,"(83, 371)",268,1,199.0,7.0,0.80402010679245,0.414688,0.218318,0.196371
test,"(25, 259)",134,1,54.0,11.0,0.5,3.129649,0.802839,2.326811
test,"(81, 178)",218,1,699.0,49.0,0.23032903671264648,3.888027,3.611260,0.276766
test,"(424, 268)",92,1,9.0,2.0,0.8888888955116272,4.669510,0.313555,4.355955
test,"(295, 12)",256,1,438.0,12.0,0.5365296602249146,2.236145,0.708105,1.528040
test,"(175, 12)",86,1,116.0,10.0,0.3534482717514038,2.490631,1.128770,1.361861
test,"(83, 205)",188,1,97.0,2.0,0.9793814420700073,3.395413,0.128636,3.266777
test,"(227, 12)",76,1,1258.0,27.0,0.3298887014389038,2.902817,1.196442,1.706374
test,"(284, 14)",92,1,530.0,5.0,0.3849056661128998,2.194235,1.031512,1.162724
test,"(227, 397)",24,1,360.0,6.0,0.3722222149372101,2.389191,1.910055,0.479136
test,"(12, 76)",84,1,499.0,14.0,0.8316633105278015,1.340021,0.255496,1.084525
test,"(252, 355)",222,1,81.0,1.0,1.0,2.401367,0.103488,2.297879
test,"(85, 501)",92,1,272.0,30.0,0.31985294818878174,4.415615,2.810019,1.605596
test,"(399, 34)",75,1,587.0,4.0,0.5962521433830261,0.845270,0.546767,0.298503
test,"(321, 7)",83,1,113.0,7.0,0.8318583965301514,3.902575,3.526197,0.376378
test,"(310, 322)",217,1,357.0,15.0,0.918767511844635,0.508476,0.115038,0.393438
test,"(21, 15)",442,1,163.0,37.0,0.19018404185771942,4.168079,4.638048,-0.469969
test,"(173, 14)",17,1,353.0,8.0,0.5212464332580566,3.153141,2.709349,0.443791
test,"(117, 238)",305,1,35.0,15.0,0.1428571492433548,6.446766,3.426367,3.020399
test,"(12, 233)",66,1,32.0,6.0,0.375,4.338225,1.121685,3.216540
test,"(175, 35)",192,1,22.0,3.0,0.5454545617103577,3.201355,1.446717,1.754638
test,"(331, 32)",82,1,70.0,4.0,0.8285714387893677,5.256042,2.676630,2.579413
test,"(12, 66)",479,1,303.0,13.0,0.7029703259468079,2.428844,0.446269,1.982576
test,"(12, 20)",281,1,522.0,18.0,0.7471264600753784,0.573325,0.312366,0.260959
test,"(1, 305)",181,1,202.0,6.0,0.30693069100379944,1.491094,1.438789,0.052306
test,"(75, 293)",243,1,264.0,3.0,0.9848484992980957,0.535493,0.057395,0.478098
test,"(265, 1)",305,1,19.0,6.0,0.4736842215061188,0.876671,0.818138,0.058533
test,"(86, 509)",309,1,203.0,20.0,0.2610837519168854,5.312369,2.883803,2.428567
test,"(66, 13)",75,1,371.0,44.0,0.10512129217386246,3.184538,3.230277,-0.045739
test,"(72, 81)",179,1,560.0,26.0,0.5571428537368774,1.333077,0.638852,0.694225
test,"(305, 172)",292,1,574.0,37.0,0.23693379759788513,0.901933,1.801373,-0.899441
test,"(296, 75)",244,1,223.0,2.0,0.8071748614311218,3.246449,0.318204,2.928246
test,"(179, 455)",88,1,401.0,1.0,1.0,0.586414,0.046190,0.540224
test,"(70, 12)",66,1,613.0,21.0,0.26101142168045044,5.039520,1.687708,3.351813
test,"(229, 127)",120,1,115.0,5.0,0.40869563817977905,1.959890,1.505615,0.454275
test,"(82, 84)",65,1,321.0,10.0,0.3333333432674408,2.309440,1.174452,1.134988
test,"(67, 25)",78,1,268.0,51.0,0.13059701025485992,7.589301,2.456783,5.132517
test,"(36, 25)",134,1,288.0,36.0,0.3298611044883728,2.084969,1.144904,0.940065
test,"(134, 48)",84,1,65.0,8.0,0.7846153974533081,1.225319,0.244850,0.980469
test,"(207, 367)",199,1,659.0,2.0,0.9908952713012695,0.087154,0.016261,0.070893
test,"(66, 196)",68,1,48.0,2.0,0.9791666865348816,2.089931,0.124889,1.965042
test,"(186, 303)",175,1,47.0,17.0,0.21276596188545227,2.465323,2.331512,0.133812
test,"(92, 133)",133,1,751.0,21.0,0.9094540476799011,1.136698,0.157290,0.979407
test,"(408, 318)",69,1,56.0,1.0,1.0,1.440031,0.090624,1.349407
test,"(34, 75)",298,1,434.0,5.0,0.8894008994102478,1.532485,0.197219,1.335266
test,"(84, 184)",36,1,133.0,26.0,0.1654135286808014,5.997250,2.331003,3.666247
test,"(291, 189)",193,1,740.0,19.0,0.47162163257598877,2.327615,2.352465,-0.024851
test,"(13, 355)",75,1,52.0,2.0,0.9615384340286255,2.845675,0.149157,2.696518
test,"(134, 428)",86,1,119.0,4.0,0.5966386795043945,3.048900,0.615689,2.433211
test,"(68, 88)",282,1,687.0,44.0,0.22270742058753967,4.779006,1.814571,2.964435
test,"(328, 292)",355,1,161.0,10.0,0.695652186870575,2.988232,2.446155,0.542077
test,"(66, 26)",193,1,3.0,2.0,0.6666666865348816,3.051371,3.461003,-0.409631
test,"(75, 190)",405,1,208.0,9.0,0.504807710647583,3.525273,0.787665,2.737608
test,"(74, 176)",134,1,82.0,23.0,0.1463414579629898,5.010212,3.585252,1.424960
test,"(15, 364)",60,1,84.0,7.0,0.2857142984867096,0.517091,1.092800,-0.575709
test,"(364, 60)",134,1,574.0,22.0,0.48083624243736267,3.301130,3.975714,-0.674584
test,"(71, 12)",64,1,105.0,16.0,0.41904762387275696,5.083418,6.556197,-1.472779
test,"(328, 134)",206,1,160.0,41.0,0.125,5.720103,3.666584,2.053519
test,"(299, 11)",328,1,73.0,19.0,0.12328767031431198,3.578938,3.451105,0.127833
test,"(21, 8)",259,1,56.0,15.0,0.1964285671710968,3.322208,5.258374,-1.936166
test,"(134, 63)",17,1,320.0,50.0,0.21562500298023224,3.053899,5.351755,-2.297856
test,"(25, 134)",296,1,1784.0,97.0,0.08464125543832779,5.202489,6.719590,-1.517101
test,"(133, 264)",189,1,73.0,16.0,0.2876712381839752,2.999146,1.908649,1.090498
test,"(4, 382)",281,1,5.0,2.0,0.6000000238418579,3.057234,1.385088,1.672146
test,"(69, 282)",187,1,33.0,14.0,0.1818181872367859,8.246130,3.368524,4.877606
test,"(282, 319)",70,1,1.0,1.0,1.0,3.940654,1.465018,2.475635
test,"(13, 438)",301,1,125.0,14.0,0.2240000069141388,6.066364,7.967914,-1.901550
test,"(173, 13)",438,1,8.0,3.0,0.75,4.911423,6.135661,-1.224238
test,"(199, 227)",12,1,100.0,8.0,0.6800000071525574,0.277035,0.340997,-0.063962
test,"(68, 39)",178,1,10.0,4.0,0.4000000059604645,6.356231,2.179900,4.176331
test,"(396, 11)",266,1,163.0,34.0,0.15950919687747955,4.008665,5.563683,-1.555018
test,"(68, 8)",291,1,385.0,20.0,0.5896103978157043,1.553851,0.589779,0.964072
test,"(172, 272)",282,1,50.0,2.0,0.8799999952316284,2.377100,2.245014,0.132086
test,"(469, 199)",227,1,358.0,42.0,0.2821229100227356,2.691375,2.601927,0.089448
test,"(199, 227)",12,1,100.0,8.0,0.6800000071525574,0.377516,0.351240,0.026275
test,"(70, 12)",206,1,613.0,21.0,0.26101142168045044,5.446188,3.546494,1.899695
test,"(67, 72)",386,1,642.0,16.0,0.37071651220321655,2.409313,2.007330,0.401983
test,"(6, 92)",63,1,282.0,31.0,0.28014183044433594,3.394561,1.356480,2.038082
test,"(173, 13)",354,1,8.0,3.0,0.75,4.868105,5.693663,-0.825558
test,"(253, 29)",133,1,1481.0,23.0,0.18568535149097443,2.374937,1.732583,0.642354
test,"(12, 65)",75,1,1221.0,22.0,0.29893529415130615,2.883193,1.291755,1.591439
test,"(16, 19)",92,1,130.0,24.0,0.4692307710647583,3.182694,0.851367,2.331327
test,"(206, 79)",82,1,247.0,25.0,0.3198380470275879,4.215509,1.242051,2.973458
test,"(68, 7)",218,1,490.0,45.0,0.18571428954601288,3.477067,2.104162,1.372905
test,"(68, 65)",389,1,251.0,18.0,0.35458168387413025,7.668104,6.954891,0.713213
test,"(71, 83)",83,1,454.0,50.0,0.2070484608411789,3.355816,1.896006,1.459810
test,"(83, 293)",180,1,179.0,20.0,0.3519552946090698,3.003027,2.993881,0.009146
test,"(218, 224)",207,1,185.0,20.0,0.3405405282974243,2.295746,1.151837,1.143909
test,"(134, 36)",81,1,257.0,27.0,0.17120622098445892,3.634045,2.253988,1.380057
test,"(222, 205)",88,1,168.0,1.0,1.0,0.974554,0.067695,0.906860
test,"(264, 399)",34,1,66.0,4.0,0.8181818127632141,0.664712,0.223530,0.441183
test,"(134, 88)",25,1,125.0,22.0,0.2639999985694885,3.028345,2.070218,0.958127
test,"(1, 224)",484,1,136.0,23.0,0.18382352590560913,3.491804,1.802670,1.689134
test,"(282, 177)",34,1,41.0,5.0,0.7804877758026123,5.999331,0.374922,5.624410
test,"(462, 309)",460,1,12.0,6.0,0.25,3.132795,3.883385,-0.750590
test,"(153, 128)",140,1,8.0,1.0,1.0,3.562476,0.179192,3.383284
test,"(397, 462)",364,1,228.0,1.0,1.0,0.649835,0.051106,0.598729
test,"(12, 17)",13,1,931.0,38.0,0.1890440434217453,3.824419,2.791760,1.032659
test,"(304, 12)",67,1,1230.0,20.0,0.43252032995224,4.867402,3.545482,1.321920
test,"(6, 218)",207,1,653.0,19.0,0.30781009793281555,4.921514,5.231096,-0.309582
test,"(189, 14)",9,1,204.0,1.0,1.0,3.691417,0.106116,3.585301
test,"(82, 282)",71,1,39.0,17.0,0.1538461595773697,3.010782,4.086252,-1.075470
test,"(84, 179)",455,1,636.0,26.0,0.6305031180381775,0.707513,0.481527,0.225986
test,"(357, 219)",282,1,264.0,20.0,0.625,0.301421,0.443281,-0.141860
test,"(292, 253)",29,1,1291.0,1.0,1.0,0.045133,0.004680,0.040453
test,"(393, 266)",410,1,6.0,2.0,0.8333333134651184,0.654414,0.338171,0.316243
test,"(17, 451)",12,1,4.0,1.0,1.0,4.210976,0.286790,3.924186
test,"(79, 222)",205,1,229.0,5.0,0.7336244583129883,1.673119,0.389477,1.283642
test,"(485, 460)",272,1,19.0,3.0,0.4736842215061188,3.127860,4.842047,-1.714188
test,"(111, 203)",212,1,166.0,18.0,0.2530120611190796,2.931519,1.450717,1.480802
test,"(133, 404)",189,1,1049.0,23.0,0.6234509348869324,0.494088,0.461115,0.032973
test,"(49, 78)",84,1,188.0,9.0,0.7180851101875305,4.632992,1.990040,2.642952
test,"(7, 218)",195,1,584.0,25.0,0.23458904027938843,2.014159,1.921636,0.092523
test,"(37, 178)",76,1,150.0,11.0,0.5933333039283752,1.859942,0.596595,1.263347
test,"(8, 189)",245,1,1053.0,24.0,0.2735042870044708,1.346869,1.298685,0.048184
test,"(254, 110)",201,1,712.0,51.0,0.16853933036327362,2.315900,1.795624,0.520276
test,"(399, 50)",84,1,82.0,4.0,0.46341463923454285,2.884843,0.877254,2.007589
test,"(12, 19)",23,1,677.0,27.0,0.3810930550098419,3.361159,5.448355,-2.087196
test,"(391, 459)",36,1,117.0,15.0,0.1794871836900711,6.285433,2.738083,3.547350
test,"(180, 337)",186,1,340.0,35.0,0.520588219165802,6.484784,3.766217,2.718567
test,"(432, 293)",243,1,196.0,1.0,1.0,1.552981,0.084948,1.468033
test,"(285, 111)",259,1,102.0,10.0,0.813725471496582,4.810689,3.855910,0.954779
test,"(25, 199)",131,1,2122.0,114.0,0.12205466628074646,2.684977,3.853551,-1.168574
test,"(259, 228)",354,1,76.0,1.0,1.0,2.299999,0.103441,2.196558
test,"(399, 34)",233,1,587.0,4.0,0.5962521433830261,4.885203,2.423450,2.461753
test,"(180, 408)",301,1,606.0,15.0,0.5808581113815308,0.542702,0.533802,0.008900
test,"(44, 175)",84,1,93.0,9.0,0.5376344323158264,5.414275,2.395616,3.018659
test,"(387, 180)",289,1,38.0,15.0,0.1315789520740509,5.010963,3.284275,1.726687
test,"(35, 279)",35,1,23.0,1.0,1.0,4.730807,0.135356,4.595451
test,"(182, 85)",327,1,323.0,22.0,0.16408668458461761,3.125143,2.048529,1.076613
test,"(235, 505)",25,1,302.0,33.0,0.23178808391094208,2.499347,1.504236,0.995111
test,"(69, 175)",299,1,179.0,5.0,0.8938547372817993,2.676583,0.212464,2.464119
test,"(12, 15)",134,1,355.0,28.0,0.20845070481300354,2.918449,2.084342,0.834107
test,"(362, 12)",65,1,677.0,17.0,0.43279173970222473,1.735593,0.898105,0.837488
test,"(224, 484)",264,1,52.0,2.0,0.9038461446762085,2.637072,2.499695,0.137377
test,"(241, 12)",18,1,62.0,7.0,0.33870968222618103,2.909792,1.197673,1.712119
test,"(305, 172)",360,1,574.0,37.0,0.23693379759788513,4.622447,4.344786,0.277660
test,"(213, 87)",12,1,230.0,8.0,0.960869550704956,1.685758,0.124473,1.561285
test,"(12, 19)",213,1,677.0,27.0,0.3810930550098419,3.758882,2.114248,1.644634
test,"(67, 305)",172,1,12.0,4.0,0.5833333134651184,1.655023,0.581952,1.073072
test,"(66, 464)",310,1,323.0,9.0,0.8544891476631165,0.971812,0.209540,0.762272
test,"(253, 272)",252,1,1204.0,2.0,0.9493355751037598,0.080915,0.054352,0.026562
test,"(92, 305)",171,1,206.0,6.0,0.3252427279949188,1.098447,1.112614,-0.014166
test,"(305, 171)",172,1,548.0,9.0,0.4032846689224243,0.841904,0.894150,-0.052246
test,"(92, 27)",14,1,123.0,1.0,1.0,0.195684,0.021965,0.173719
test,"(196, 442)",81,1,48.0,2.0,0.8958333134651184,4.133947,0.228332,3.905616
test,"(304, 12)",227,1,1230.0,20.0,0.43252032995224,2.878815,0.929397,1.949418
test,"(227, 12)",450,1,1258.0,27.0,0.3298887014389038,2.948426,1.463690,1.484736
test,"(7, 68)",8,1,447.0,16.0,0.5123042464256287,4.687571,0.773672,3.913898
test,"(88, 12)",16,1,1182.0,29.0,0.20473773777484894,3.319868,1.855567,1.464301
test,"(19, 213)",88,1,91.0,7.0,0.7582417726516724,1.548404,0.352958,1.195446
test,"(79, 498)",66,1,323.0,6.0,0.9814241528511047,0.754976,0.068900,0.686076
test,"(305, 181)",212,1,380.0,28.0,0.25526314973831177,3.889376,3.280495,0.608881
test,"(272, 252)",86,1,2224.0,26.0,0.254046767950058,2.053145,1.912074,0.141071
test,"(12, 20)",281,1,522.0,18.0,0.7471264600753784,0.646181,0.317794,0.328387
test,"(67, 267)",79,1,56.0,3.0,0.9642857313156128,0.639323,0.077423,0.561901
test,"(291, 331)",35,1,273.0,22.0,0.22344322502613068,3.934605,3.199922,0.734683
test,"(127, 164)",127,1,322.0,11.0,0.3571428656578064,1.861849,1.277491,0.584358
test,"(256, 75)",178,1,702.0,26.0,0.5470085740089417,2.883583,0.696931,2.186652
test,"(178, 304)",12,1,58.0,2.0,0.8965517282485962,0.158294,0.109623,0.048671
test,"(85, 217)",92,1,112.0,15.0,0.1964285671710968,4.900626,2.946319,1.954307
test,"(134, 296)",345,1,549.0,6.0,0.8706739544868469,0.104561,0.133948,-0.029387
test,"(397, 15)",13,1,115.0,3.0,0.643478274345398,2.875820,0.543855,2.331965
test,"(305, 172)",189,1,574.0,37.0,0.23693379759788513,2.550905,2.487289,0.063616
test,"(80, 84)",72,1,561.0,13.0,0.3707664906978607,3.736442,1.810864,1.925578
test,"(14, 287)",72,1,144.0,2.0,0.9583333134651184,1.709817,0.130444,1.579373
test,"(68, 65)",296,1,251.0,18.0,0.35458168387413025,6.904451,2.399069,4.505382
test,"(199, 77)",78,1,106.0,12.0,0.4245283007621765,4.928431,2.331928,2.596503
test,"(78, 217)",32,1,17.0,8.0,0.529411792755127,6.317255,4.269837,2.047418
test,"(134, 13)",83,1,293.0,35.0,0.15017065405845642,3.812625,2.940661,0.871964
test,"(134, 32)",47,1,542.0,45.0,0.11623616516590118,3.658507,2.584667,1.073840
test,"(195, 231)",70,1,145.0,15.0,0.35172414779663086,3.118900,2.860884,0.258015
test,"(187, 25)",199,1,16.0,8.0,0.25,2.601609,1.410950,1.190659
test,"(26, 195)",267,1,684.0,39.0,0.17105263471603394,4.745593,3.775127,0.970466
test,"(217, 25)",225,1,188.0,18.0,0.521276593208313,5.061651,2.599276,2.462375
test,"(11, 245)",336,1,327.0,40.0,0.2110091745853424,4.265303,4.840791,-0.575488
test,"(349, 11)",213,1,55.0,11.0,0.2545454502105713,3.605226,1.501275,2.103951
test,"(62, 33)",32,1,85.0,6.0,0.6235294342041016,3.650190,0.583779,3.066410
test,"(14, 233)",70,1,33.0,2.0,0.6969696879386902,1.003178,0.425609,0.577570
test,"(13, 214)",69,1,275.0,14.0,0.27272728085517883,1.571783,3.569186,-1.997402
test,"(230, 8)",291,1,204.0,3.0,0.9607843160629272,1.603517,0.124697,1.478820
test,"(193, 297)",230,1,398.0,32.0,0.41206029057502747,0.773369,0.816558,-0.043189
test,"(71, 178)",339,1,80.0,9.0,0.75,3.403096,0.399195,3.003901
test,"(72, 188)",67,1,560.0,59.0,0.1428571492433548,2.228411,2.536615,-0.308203
test,"(236, 44)",68,1,43.0,2.0,0.5116279125213623,1.944726,0.774722,1.170004
test,"(29, 90)",236,1,40.0,20.0,0.15000000596046448,8.587702,5.058118,3.529584
test,"(24, 23)",16,1,41.0,6.0,0.4390243887901306,5.613532,1.971826,3.641705
test,"(452, 225)",13,1,17.0,7.0,0.47058823704719543,5.120233,0.953038,4.167195
test,"(133, 92)",133,1,829.0,10.0,0.7647768259048462,0.825533,0.311431,0.514101
test,"(483, 194)",237,1,66.0,1.0,1.0,3.238005,0.111556,3.126449
test,"(58, 60)",29,1,543.0,17.0,0.2688766121864319,4.186105,1.753578,2.432527
test,"(402, 47)",493,1,43.0,3.0,0.4883720874786377,1.975127,1.372608,0.602518
test,"(269, 337)",82,1,371.0,51.0,0.14016172289848328,2.577568,1.996435,0.581133
test,"(78, 241)",66,1,458.0,12.0,0.6724891066551208,3.863710,1.505137,2.358574
test,"(27, 494)",58,1,14.0,2.0,0.7857142686843872,4.349760,1.917291,2.432469
test,"(29, 7)",58,1,237.0,18.0,0.37974682450294495,3.553651,1.762923,1.790728
test,"(301, 192)",7,1,543.0,27.0,0.32044199109077454,1.264901,1.136523,0.128378
test,"(223, 25)",199,1,249.0,22.0,0.41767069697380066,1.079411,0.875488,0.203923
test,"(26, 186)",311,1,592.0,40.0,0.2753378450870514,2.516592,2.752818,-0.236226
test,"(134, 372)",13,1,235.0,1.0,1.0,0.584683,0.046319,0.538364
test,"(507, 337)",79,1,130.0,32.0,0.23846153914928436,3.203679,4.095855,-0.892176
test,"(493, 175)",255,1,124.0,1.0,1.0,1.313511,0.081552,1.231959
test,"(326, 257)",60,1,261.0,25.0,0.15325669944286346,3.223242,3.567652,-0.344410
test,"(68, 188)",248,1,364.0,10.0,0.5192307829856873,2.809747,0.749480,2.060267
test,"(193, 269)",134,1,373.0,37.0,0.2252010703086853,1.827366,1.478647,0.348720
test,"(326, 257)",359,1,261.0,25.0,0.15325669944286346,3.169541,3.040302,0.129239
test,"(177, 184)",30,1,217.0,22.0,0.3179723620414734,3.749065,1.249671,2.499394
test,"(30, 13)",67,1,485.0,46.0,0.12783505022525787,4.677753,2.153138,2.524615
test,"(218, 388)",302,1,312.0,10.0,0.6314102411270142,3.335972,2.832222,0.503750
test,"(248, 405)",7,1,278.0,29.0,0.18705035746097565,4.384400,4.178887,0.205513
test,"(255, 75)",369,1,15.0,1.0,1.0,10.756545,0.156559,10.599986
test,"(405, 47)",493,1,63.0,1.0,1.0,1.374799,0.088275,1.286524
test,"(180, 249)",402,1,459.0,15.0,0.37690630555152893,0.880407,0.960436,-0.080029
test,"(375, 82)",66,1,186.0,5.0,0.8763440847396851,3.116744,0.235755,2.880989
test,"(183, 366)",67,1,414.0,27.0,0.49275362491607666,0.743635,0.688349,0.055285
test,"(25, 199)",259,1,2122.0,114.0,0.12205466628074646,4.169700,3.499558,0.670142
test,"(203, 238)",439,1,311.0,37.0,0.2668810188770294,3.931170,1.411853,2.519316
test,"(176, 81)",178,1,614.0,14.0,0.7638436555862427,1.417532,0.339639,1.077892
test,"(13, 504)",313,1,133.0,13.0,0.43609023094177246,1.938965,0.899266,1.039699
test,"(260, 351)",134,1,96.0,7.0,0.4479166567325592,2.492666,0.885980,1.606686
test,"(245, 213)",182,1,72.0,9.0,0.3888888955116272,2.286063,1.704675,0.581388
test,"(218, 195)",207,1,770.0,13.0,0.4259740114212036,2.531956,1.348610,1.183345
test,"(351, 497)",365,1,48.0,8.0,0.2291666716337204,3.626179,2.096798,1.529380
test,"(25, 360)",222,1,17.0,7.0,0.4117647111415863,3.152544,1.647746,1.504799
test,"(178, 25)",230,1,393.0,34.0,0.4987277388572693,3.145002,3.062112,0.082890
test,"(26, 343)",269,1,184.0,18.0,0.33152174949645996,1.287880,1.102352,0.185527
test,"(118, 229)",376,1,127.0,19.0,0.29133859276771545,2.887461,1.325754,1.561707
test,"(276, 29)",8,1,6.0,3.0,0.5,3.590358,3.162800,0.427558
test,"(270, 258)",276,1,6.0,2.0,0.5,0.520276,0.834987,-0.314710
test,"(34, 78)",242,1,351.0,11.0,0.4216524362564087,3.777576,1.183325,2.594251
test,"(30, 13)",67,1,485.0,46.0,0.12783505022525787,4.468903,2.151280,2.317623
test,"(276, 13)",196,1,89.0,12.0,0.31460675597190857,2.783800,1.873585,0.910215
test,"(266, 84)",66,1,178.0,7.0,0.37078651785850525,2.719077,1.486747,1.232330
test,"(266, 13)",196,1,138.0,32.0,0.10144927352666855,2.730485,2.822440,-0.091955
test,"(180, 266)",86,1,140.0,29.0,0.24285714328289032,4.591161,4.103516,0.487644
test,"(128, 148)",229,1,133.0,6.0,0.6090225577354431,2.751604,0.570760,2.180844
test,"(72, 35)",68,1,4.0,1.0,1.0,1.670679,0.261045,1.409634
test,"(82, 66)",235,1,525.0,23.0,0.46095237135887146,2.910129,0.867032,2.043097
test,"(69, 175)",299,1,179.0,5.0,0.8938547372817993,2.118342,0.206123,1.912218
test,"(241, 330)",7,1,308.0,30.0,0.26298701763153076,2.933381,2.725665,0.207717
test,"(127, 164)",221,1,322.0,11.0,0.3571428656578064,1.481909,1.054961,0.426948
test,"(7, 90)",249,1,702.0,49.0,0.15099714696407318,2.789200,2.592459,0.196741
test,"(6, 207)",218,1,209.0,11.0,0.45933014154434204,1.031478,1.792756,-0.761277
test,"(336, 477)",13,1,207.0,5.0,0.8405796885490417,1.529630,0.250205,1.279425
test,"(11, 375)",82,1,80.0,13.0,0.3125,3.493712,2.083488,1.410224
test,"(226, 221)",372,1,297.0,35.0,0.23569023609161377,5.786444,2.993192,2.793252
test,"(184, 30)",13,1,69.0,1.0,1.0,0.662982,0.052303,0.610679
test,"(78, 74)",8,1,305.0,47.0,0.4098360538482666,3.299129,3.343059,-0.043931
test,"(220, 192)",50,1,229.0,32.0,0.20960699021816254,7.097700,4.343731,2.753968
test,"(343, 418)",336,1,34.0,6.0,0.3529411852359772,5.195054,1.510121,3.684933
test,"(79, 272)",252,1,102.0,1.0,1.0,0.053567,0.005773,0.047794
test,"(75, 489)",12,1,202.0,2.0,0.9504950642585754,0.060999,0.049658,0.011340
test,"(65, 295)",12,1,496.0,6.0,0.8830645084381104,0.105245,0.118400,-0.013154
test,"(25, 65)",295,1,462.0,5.0,0.6320346593856812,2.768163,1.167497,1.600666
test,"(68, 8)",291,1,385.0,20.0,0.5896103978157043,1.682920,0.594407,1.088513
test,"(282, 268)",291,1,265.0,1.0,1.0,0.227798,0.022690,0.205108
test,"(254, 118)",201,1,219.0,27.0,0.22374428808689117,2.111262,2.164753,-0.053491
test,"(27, 14)",253,1,543.0,15.0,0.2504604160785675,2.075182,1.702127,0.373055
test,"(230, 481)",208,1,28.0,2.0,0.9642857313156128,0.954422,0.112172,0.842250
test,"(79, 13)",196,1,621.0,57.0,0.20772947371006012,2.589487,3.170267,-0.580781
test,"(12, 24)",281,1,287.0,14.0,0.46689894795417786,0.705356,0.749511,-0.044155
test,"(272, 252)",227,1,2224.0,26.0,0.254046767950058,2.627141,1.439034,1.188107
test,"(18, 281)",309,1,128.0,31.0,0.1953125,1.731570,1.613593,0.117976
test,"(292, 253)",29,1,1291.0,1.0,1.0,0.291694,0.025889,0.265805
test,"(253, 29)",133,1,1481.0,23.0,0.18568535149097443,2.389674,1.733353,0.656322
test,"(361, 71)",83,1,311.0,5.0,0.9421221613883972,2.059761,0.151603,1.908157
test,"(276, 82)",352,1,167.0,29.0,0.20359280705451965,9.123396,6.353079,2.770317
test,"(194, 374)",12,1,659.0,13.0,0.48558422923088074,1.787142,1.286208,0.500934
test,"(29, 347)",292,1,263.0,6.0,0.39923954010009766,1.749192,1.179154,0.570038
test,"(253, 29)",328,1,1481.0,23.0,0.18568535149097443,2.795115,2.841600,-0.046485
test,"(110, 476)",226,1,114.0,12.0,0.5701754093170166,0.443300,0.524091,-0.080791
test,"(83, 200)",340,1,210.0,2.0,0.961904764175415,2.562899,0.138363,2.424536
test,"(272, 252)",65,1,2224.0,26.0,0.254046767950058,4.121956,3.371586,0.750370
test,"(110, 285)",118,1,52.0,4.0,0.48076921701431274,2.120479,0.826624,1.293855
test,"(282, 385)",405,1,12.0,1.0,1.0,0.330819,0.055430,0.275389
test,"(505, 25)",134,1,77.0,14.0,0.4025973975658417,1.813528,2.363436,-0.549907
test,"(309, 481)",208,1,91.0,6.0,0.6373626589775085,0.934110,0.484112,0.449999
test,"(32, 67)",67,1,184.0,6.0,0.592391312122345,4.772371,1.185832,3.586539
test,"(254, 109)",285,1,290.0,17.0,0.33448275923728943,3.196904,1.957814,1.239090
test,"(437, 70)",83,1,254.0,1.0,1.0,3.410046,0.104495,3.305552
test,"(272, 252)",69,1,2224.0,26.0,0.254046767950058,1.441372,1.539668,-0.098297
test,"(172, 208)",175,1,216.0,26.0,0.31481480598449707,5.289299,2.585667,2.703632
test,"(12, 82)",411,1,961.0,17.0,0.6826222538948059,0.072176,0.346571,-0.274396
test,"(85, 501)",207,1,272.0,30.0,0.31985294818878174,3.436329,1.741046,1.695283
test,"(25, 183)",207,1,148.0,21.0,0.15540540218353271,12.962123,4.874079,8.088044
test,"(506, 489)",12,1,97.0,2.0,0.9793814420700073,0.066290,0.020969,0.045321
test,"(12, 82)",411,1,961.0,17.0,0.6826222538948059,0.110220,0.351495,-0.241275
test,"(12, 23)",281,1,392.0,29.0,0.21683673560619354,1.029873,1.457252,-0.427379
test,"(196, 11)",382,1,318.0,46.0,0.11320754885673523,5.703593,5.986819,-0.283226
test,"(60, 1)",305,1,61.0,13.0,0.39344263076782227,0.702238,1.817171,-1.114933
test,"(12, 17)",213,1,931.0,38.0,0.1890440434217453,3.454120,2.070216,1.383903
test,"(226, 212)",121,1,194.0,15.0,0.1855670064687729,2.551891,1.726583,0.825308
test,"(296, 75)",244,1,223.0,2.0,0.8071748614311218,3.232622,0.318129,2.914493
test,"(230, 90)",134,1,139.0,40.0,0.26618704199790955,2.974500,1.368135,1.606364
test,"(481, 292)",253,1,119.0,7.0,0.6386554837226868,0.434548,0.415518,0.019030
test,"(7, 82)",25,1,371.0,32.0,0.32614555954933167,5.265236,4.311252,0.953984
test,"(82, 13)",196,1,1646.0,100.0,0.11907655000686646,2.466050,3.693914,-1.227864
test,"(8, 8)",305,1,691.0,42.0,0.14616498351097107,4.853020,5.568701,-0.715681
test,"(305, 181)",302,1,380.0,28.0,0.25526314973831177,3.926871,4.049684,-0.122813
test,"(181, 208)",175,1,136.0,23.0,0.375,3.874558,3.370603,0.503956
test,"(241, 330)",13,1,308.0,30.0,0.26298701763153076,2.993503,1.774210,1.219293
test,"(67, 442)",287,1,24.0,4.0,0.75,1.795332,0.343241,1.452091
test,"(12, 16)",506,1,1082.0,42.0,0.13031423091888428,3.107059,2.884085,0.222973
test,"(134, 296)",345,1,549.0,6.0,0.8706739544868469,0.107324,0.134232,-0.026907
test,"(134, 484)",305,1,13.0,1.0,1.0,0.690867,0.100623,0.590244
test,"(305, 171)",134,1,548.0,9.0,0.4032846689224243,4.740444,2.127332,2.613112
test,"(29, 305)",171,1,372.0,10.0,0.3360215127468109,0.560129,1.118131,-0.558002
test,"(172, 272)",252,1,50.0,2.0,0.8799999952316284,0.074027,0.109637,-0.035610
test,"(12, 82)",411,1,961.0,17.0,0.6826222538948059,0.112017,0.351724,-0.239707
test,"(79, 246)",482,1,77.0,5.0,0.8181818127632141,11.891960,2.596206,9.295754
test,"(134, 315)",207,1,603.0,27.0,0.4842454493045807,4.954433,3.870661,1.083773
test,"(245, 134)",73,1,442.0,44.0,0.3438914120197296,4.239228,4.930394,-0.691165
test,"(297, 230)",0,1,954.0,66.0,0.39308175444602966,1.855741,0.985458,0.870283
test,"(110, 201)",229,1,234.0,20.0,0.4145299196243286,1.474247,0.899495,0.574752
test,"(389, 133)",404,1,894.0,13.0,0.7203579545021057,2.121209,0.414624,1.706585
test,"(134, 315)",11,1,603.0,27.0,0.4842454493045807,4.144879,2.411779,1.733100
test,"(232, 391)",247,1,18.0,6.0,0.5555555820465088,7.986685,4.358387,3.628299
test,"(37, 68)",299,1,6.0,2.0,0.6666666865348816,5.904551,1.665754,4.238797
test,"(128, 139)",376,1,288.0,24.0,0.3159722089767456,1.028304,1.093426,-0.065123
test,"(226, 478)",251,1,84.0,9.0,0.3333333432674408,1.921826,1.140806,0.781020
test,"(462, 304)",12,1,31.0,2.0,0.9032257795333862,0.219384,0.104772,0.114612
test,"(226, 212)",116,1,194.0,15.0,0.1855670064687729,3.283494,1.876163,1.407331
test,"(134, 42)",32,1,93.0,11.0,0.46236559748649597,3.929504,2.902162,1.027342
test,"(363, 324)",386,1,77.0,4.0,0.7662337422370911,1.242837,0.333293,0.909544
test,"(195, 134)",44,1,1145.0,73.0,0.1764192134141922,3.573348,3.941179,-0.367831
test,"(79, 493)",326,1,271.0,2.0,0.8856088519096375,0.114810,0.118909,-0.004099
test,"(189, 195)",134,1,681.0,43.0,0.30837005376815796,1.535030,1.222252,0.312778
test,"(189, 249)",342,1,62.0,4.0,0.8387096524238586,2.091825,2.190635,-0.098809
test,"(52, 43)",43,1,55.0,4.0,0.7818182110786438,3.643235,0.362518,3.280717
test,"(285, 115)",238,1,159.0,21.0,0.3459119498729706,4.074901,2.761516,1.313384
test,"(249, 223)",25,1,302.0,21.0,0.695364236831665,0.663890,0.381056,0.282834
test,"(313, 249)",342,1,345.0,2.0,0.9507246613502502,1.084456,0.118454,0.966002
test,"(35, 40)",50,1,70.0,6.0,0.4714285731315613,3.287678,1.597853,1.689825
test,"(36, 49)",25,1,322.0,30.0,0.19565217196941376,3.013514,3.886880,-0.873366
test,"(330, 12)",83,1,15.0,5.0,0.6000000238418579,4.921800,5.698236,-0.776436
test,"(75, 64)",247,1,306.0,16.0,0.4575163424015045,5.352327,2.480111,2.872216
test,"(72, 179)",62,1,617.0,52.0,0.15559157729148865,2.510107,4.194116,-1.684008
test,"(176, 11)",134,1,104.0,30.0,0.21153846383094788,1.413376,1.409944,0.003432
test,"(87, 330)",505,1,141.0,1.0,1.0,3.795789,0.107655,3.688134
test,"(357, 11)",134,1,4.0,1.0,1.0,1.573706,0.244473,1.329233
test,"(87, 72)",78,1,87.0,4.0,0.6091954112052917,3.527804,0.607097,2.920707
test,"(367, 199)",79,1,850.0,21.0,0.36352941393852234,5.150146,4.133430,1.016715
test,"(44, 255)",333,1,630.0,1.0,1.0,0.760862,0.055626,0.705236
test,"(207, 367)",199,1,659.0,2.0,0.9908952713012695,0.084662,0.016028,0.068633
test,"(303, 458)",75,1,208.0,23.0,0.6634615659713745,0.843037,0.411922,0.431114
test,"(298, 68)",11,1,448.0,34.0,0.3370535671710968,4.960443,2.917999,2.042445
test,"(134, 318)",448,1,344.0,23.0,0.21511627733707428,0.768939,1.365174,-0.596235
test,"(426, 487)",25,1,398.0,11.0,0.4246231019496918,1.821152,2.330079,-0.508928
test,"(7, 32)",72,1,12.0,6.0,0.3333333432674408,5.361019,2.351681,3.009338
test,"(219, 318)",448,1,3.0,1.0,1.0,0.550844,0.199534,0.351310
test,"(340, 27)",179,1,30.0,1.0,1.0,4.361957,0.127519,4.234438
test,"(175, 179)",81,1,125.0,13.0,0.5600000023841858,3.653995,1.869821,1.784174
test,"(66, 134)",340,1,90.0,11.0,0.7666666507720947,6.084554,0.380637,5.703917
test,"(63, 32)",40,1,32.0,4.0,0.5,3.376694,0.833230,2.543465
test,"(189, 134)",475,1,667.0,50.0,0.2353823035955429,2.231381,2.437779,-0.206398
test,"(82, 25)",134,1,913.0,60.0,0.1489594727754593,1.373969,1.804413,-0.430444
test,"(302, 14)",134,1,697.0,31.0,0.5882353186607361,2.014439,0.609297,1.405142
test,"(188, 67)",219,1,483.0,38.0,0.3188405930995941,4.619590,1.246997,3.372593
test,"(25, 134)",474,1,1784.0,97.0,0.08464125543832779,3.883363,3.045678,0.837686
test,"(25, 134)",474,1,1784.0,97.0,0.08464125543832779,3.730518,3.038557,0.691961
test,"(227, 25)",472,1,30.0,10.0,0.23333333432674408,5.455709,1.667967,3.787743
test,"(83, 71)",92,1,681.0,51.0,0.11747430264949799,5.167554,3.413125,1.754429
test,"(63, 218)",193,1,208.0,11.0,0.2788461446762085,2.252736,1.337282,0.915454
test,"(66, 400)",82,1,384.0,33.0,0.3020833432674408,1.135496,1.135749,-0.000253
test,"(299, 289)",72,1,7.0,4.0,0.4285714328289032,1.896579,1.002856,0.893724
test,"(134, 45)",413,1,486.0,29.0,0.37654322385787964,2.638488,2.354428,0.284060
test,"(233, 70)",70,1,673.0,34.0,0.25557205080986023,1.413831,1.705233,-0.291401
test,"(88, 33)",84,1,35.0,4.0,0.7714285850524902,5.948159,0.388439,5.559721
test,"(455, 88)",7,1,470.0,14.0,0.8297872543334961,3.342067,2.607487,0.734579
test,"(248, 84)",182,1,39.0,3.0,0.9230769276618958,2.774223,0.197282,2.576941
test,"(182, 67)",363,1,348.0,53.0,0.11781609058380127,8.403760,7.267465,1.136294
test,"(33, 464)",25,1,99.0,20.0,0.1515151560306549,4.613132,4.900955,-0.287823
test,"(400, 82)",25,1,354.0,44.0,0.12994350492954254,3.024735,2.730955,0.293781
test,"(92, 63)",11,1,332.0,16.0,0.27710843086242676,3.426800,1.879336,1.547464
test,"(25, 183)",13,1,148.0,21.0,0.15540540218353271,4.653736,2.119074,2.534662
test,"(25, 183)",13,1,148.0,21.0,0.15540540218353271,4.516548,2.117909,2.398639
test,"(77, 299)",51,1,290.0,30.0,0.3896551728248596,4.488153,1.039180,3.448974
test,"(87, 25)",183,1,122.0,28.0,0.15573769807815552,3.925809,4.349368,-0.423559
test,"(131, 166)",155,1,257.0,19.0,0.27626457810401917,3.672566,2.413582,1.258984
test,"(82, 13)",437,1,1646.0,100.0,0.11907655000686646,4.632967,2.734207,1.898760
test,"(74, 77)",312,1,87.0,1.0,1.0,3.351756,0.109811,3.241945
test,"(63, 218)",193,1,208.0,11.0,0.2788461446762085,1.686103,1.307220,0.378882
test,"(65, 84)",70,1,201.0,10.0,0.2885572016239166,3.589391,1.745509,1.843882
test,"(134, 474)",41,1,402.0,56.0,0.17910447716712952,5.927549,3.915816,2.011733
test,"(40, 35)",32,1,163.0,37.0,0.23312883079051971,3.488232,5.140855,-1.652623
test,"(40, 183)",185,1,2.0,2.0,0.5,5.312626,2.067805,3.244821
test,"(134, 504)",180,1,371.0,41.0,0.4312668442726135,3.915287,4.322663,-0.407376
test,"(503, 13)",64,1,697.0,42.0,0.15494978427886963,7.184426,4.971018,2.213408
test,"(475, 133)",170,1,1.0,1.0,1.0,3.812561,1.377947,2.434614
test,"(66, 134)",340,1,90.0,11.0,0.7666666507720947,5.657409,0.380460,5.276949
test,"(134, 504)",25,1,371.0,41.0,0.4312668442726135,3.534249,2.614718,0.919531
test,"(504, 25)",199,1,42.0,7.0,0.261904776096344,3.650228,1.426550,2.223677
test,"(72, 188)",11,1,560.0,59.0,0.1428571492433548,3.661184,2.940438,0.720745
test,"(188, 313)",91,1,18.0,2.0,0.5555555820465088,0.237922,0.562533,-0.324611
test,"(267, 82)",84,1,20.0,2.0,0.8500000238418579,5.655601,2.276388,3.379213
test,"(316, 194)",237,1,8.0,5.0,0.375,2.874208,2.741405,0.132803
test,"(69, 72)",188,1,604.0,5.0,0.45860928297042847,2.430403,0.865570,1.564833
test,"(266, 74)",349,1,25.0,2.0,0.9599999785423279,15.449698,4.708169,10.741529
test,"(134, 478)",251,1,71.0,9.0,0.4647887349128723,2.259068,1.708910,0.550158
test,"(251, 365)",439,1,236.0,15.0,0.5127118825912476,3.630185,3.459663,0.170523
test,"(14, 212)",94,1,125.0,27.0,0.14399999380111694,2.548927,2.297019,0.251907
test,"(264, 134)",206,1,396.0,55.0,0.12121212482452393,4.922616,4.021512,0.901104
test,"(7, 63)",49,1,303.0,39.0,0.2013201266527176,6.739668,7.022570,-0.282902
test,"(238, 127)",111,1,24.0,4.0,0.4583333432674408,3.817975,0.944983,2.872992
test,"(159, 6)",218,1,3.0,2.0,0.6666666865348816,1.852598,0.773468,1.079130
test,"(193, 207)",186,1,441.0,20.0,0.27210885286331177,3.330954,2.375087,0.955867
test,"(66, 183)",324,1,32.0,6.0,0.53125,2.625804,2.956264,-0.330460
test,"(7, 83)",200,1,488.0,36.0,0.26229506731033325,4.088002,4.391489,-0.303487
test,"(67, 32)",83,1,304.0,4.0,0.9769737124443054,2.504076,0.120543,2.383533
test,"(207, 8)",224,1,450.0,23.0,0.23999999463558197,3.508098,4.546775,-1.038677
test,"(218, 133)",193,1,665.0,16.0,0.2586466073989868,1.552053,1.370796,0.181257
test,"(88, 11)",134,1,216.0,46.0,0.19907407462596893,1.566336,1.498571,0.067764
test,"(134, 197)",67,1,349.0,11.0,0.32091689109802246,1.941338,1.943973,-0.002635
test,"(13, 75)",477,1,231.0,12.0,0.523809552192688,3.798764,0.751322,3.047441
test,"(426, 487)",13,1,398.0,11.0,0.4246231019496918,1.632302,0.903764,0.728538
test,"(475, 257)",416,1,408.0,26.0,0.29901960492134094,7.435586,4.920119,2.515467
test,"(248, 220)",205,1,63.0,2.0,0.9841269850730896,2.790376,0.124052,2.666323
test,"(205, 88)",180,1,688.0,64.0,0.20494185388088226,3.335970,3.272656,0.063315
test,"(460, 469)",199,1,14.0,2.0,0.6428571343421936,2.216986,0.539885,1.677101
test,"(269, 191)",423,1,71.0,14.0,0.26760563254356384,1.204954,2.484579,-1.279624
test,"(134, 63)",64,1,320.0,50.0,0.21562500298023224,5.488795,6.758824,-1.270029
test,"(78, 275)",67,1,17.0,1.0,1.0,3.694236,0.136463,3.557773
test,"(179, 377)",1,1,19.0,8.0,0.21052631735801697,9.262030,4.397070,4.864959
test,"(350, 46)",77,1,107.0,1.0,1.0,2.743184,0.104577,2.638607
test,"(206, 86)",249,1,287.0,27.0,0.31010451912879944,6.337211,1.279054,5.058157
test,"(423, 78)",234,1,65.0,1.0,1.0,4.583071,0.115594,4.467476
test,"(284, 14)",186,1,530.0,5.0,0.3849056661128998,7.116019,2.586767,4.529252
test,"(359, 323)",8,1,342.0,9.0,0.6637426614761353,3.045538,3.781717,-0.736179
test,"(503, 13)",256,1,697.0,42.0,0.15494978427886963,3.961605,5.901271,-1.939666
test,"(92, 25)",224,1,82.0,17.0,0.26829269528388977,4.030499,5.154449,-1.123950
test,"(502, 376)",112,1,171.0,3.0,0.988304078578949,2.028350,0.104675,1.923675
test,"(82, 13)",256,1,1646.0,100.0,0.11907655000686646,4.584812,5.307958,-0.723146
test,"(232, 82)",92,1,289.0,37.0,0.4463667869567871,4.269838,4.422843,-0.153004
test,"(32, 248)",232,1,349.0,4.0,0.7621776461601257,3.358957,2.951357,0.407600
test,"(127, 114)",221,1,155.0,12.0,0.34193548560142517,1.995591,1.096711,0.898881
test,"(121, 201)",134,1,158.0,13.0,0.29113924503326416,2.383133,1.326718,1.056415
test,"(291, 183)",71,1,58.0,11.0,0.4655172526836395,4.921652,5.157560,-0.235908
test,"(194, 465)",297,1,659.0,6.0,0.8330804109573364,9.901479,7.961681,1.939798
test,"(88, 189)",328,1,287.0,18.0,0.5052264928817749,4.972756,4.826163,0.146593
test,"(6, 218)",264,1,653.0,19.0,0.30781009793281555,3.921309,4.399756,-0.478447
test,"(312, 77)",7,1,195.0,34.0,0.16923077404499054,3.429720,2.630495,0.799226
test,"(78, 66)",13,1,661.0,16.0,0.29349470138549805,2.912889,3.349999,-0.437111
test,"(414, 134)",478,1,172.0,30.0,0.22093023359775543,4.255556,3.104263,1.151294
test,"(264, 302)",14,1,41.0,2.0,0.5853658318519592,0.608218,0.549728,0.058491
test,"(11, 183)",78,1,302.0,42.0,0.1192052960395813,2.371198,2.201806,0.169392
test,"(92, 25)",134,1,82.0,17.0,0.26829269528388977,1.691135,1.642158,0.048977
test,"(251, 226)",251,1,258.0,19.0,0.1472868174314499,3.266569,2.434681,0.831887
test,"(313, 199)",246,1,173.0,47.0,0.07514450699090958,6.282406,4.044578,2.237828
test,"(79, 197)",64,1,652.0,34.0,0.5245398879051208,5.629031,5.322177,0.306854
test,"(218, 133)",224,1,665.0,16.0,0.2586466073989868,2.349051,2.766328,-0.417277
test,"(52, 82)",217,1,6.0,1.0,1.0,6.409809,0.238241,6.171569
test,"(85, 298)",68,1,366.0,4.0,0.9344262480735779,1.232041,0.139230,1.092811
test,"(361, 25)",290,1,5.0,3.0,0.6000000238418579,4.877223,3.023308,1.853916
test,"(81, 75)",92,1,146.0,20.0,0.2054794579744339,5.805777,2.235267,3.570510
test,"(112, 127)",115,1,65.0,7.0,0.3692307770252228,2.021983,2.560393,-0.538410
test,"(149, 0)",133,1,2.0,2.0,0.5,6.219933,2.161009,4.058924
test,"(127, 165)",127,1,292.0,16.0,0.4726027250289917,1.375323,0.766933,0.608390
test,"(206, 242)",83,1,106.0,2.0,0.9905660152435303,2.601528,0.112157,2.489370
test,"(184, 180)",418,1,81.0,17.0,0.3580246865749359,1.744775,1.077755,0.667020
test,"(75, 250)",11,1,11.0,6.0,0.3636363744735718,2.444140,1.968873,0.475267
test,"(30, 13)",354,1,485.0,46.0,0.12783505022525787,3.876492,3.600240,0.276252
test,"(68, 79)",134,1,67.0,25.0,0.16417910158634186,5.202929,3.073017,2.129912
test,"(127, 115)",127,1,374.0,28.0,0.15240642428398132,2.084692,2.037472,0.047219
test,"(201, 128)",144,1,228.0,7.0,0.34210526943206787,1.551385,2.268741,-0.717356
test,"(176, 192)",49,1,173.0,17.0,0.4450867176055908,8.151500,3.408595,4.742904
test,"(81, 84)",248,1,440.0,28.0,0.4954545497894287,3.360853,0.800021,2.560832
test,"(256, 242)",188,1,464.0,17.0,0.35775861144065857,2.775084,2.211355,0.563729
test,"(13, 448)",179,1,75.0,5.0,0.7200000286102295,3.564162,0.435367,3.128795
test,"(249, 312)",11,1,88.0,15.0,0.2613636255264282,3.823432,2.041989,1.781443
test,"(492, 229)",13,1,42.0,19.0,0.3333333432674408,5.168389,4.738727,0.429662
test,"(127, 110)",285,1,475.0,31.0,0.18526315689086914,3.447074,4.128175,-0.681101
test,"(229, 221)",212,1,225.0,18.0,0.2933333218097687,1.426891,1.228059,0.198832
test,"(114, 221)",13,1,121.0,17.0,0.25619834661483765,4.329782,4.432610,-0.102828
test,"(433, 63)",264,1,19.0,6.0,0.4736842215061188,6.426062,4.328820,2.097242
test,"(240, 173)",274,1,141.0,1.0,1.0,2.646631,0.102264,2.544367
test,"(343, 302)",9,1,118.0,2.0,0.6186440587043762,2.438060,1.055949,1.382111
test,"(63, 245)",212,1,14.0,5.0,0.3571428656578064,4.216474,2.495122,1.721352
test,"(245, 134)",474,1,442.0,44.0,0.3438914120197296,4.196336,5.312339,-1.116003
test,"(484, 396)",264,1,131.0,10.0,0.4580152630805969,4.867521,3.757111,1.110411
test,"(201, 229)",254,1,688.0,33.0,0.21656976640224457,2.762911,2.080814,0.682097
test,"(7, 259)",199,1,10.0,3.0,0.6000000238418579,4.056525,0.685274,3.371252
test,"(114, 201)",229,1,14.0,5.0,0.3571428656578064,1.378253,1.033917,0.344336
test,"(409, 127)",117,1,314.0,8.0,0.5828025341033936,2.234869,0.627800,1.607068
test,"(110, 238)",376,1,84.0,11.0,0.261904776096344,3.123937,2.315686,0.808251
test,"(66, 134)",340,1,90.0,11.0,0.7666666507720947,5.320426,0.380255,4.940171
test,"(189, 134)",196,1,667.0,50.0,0.2353823035955429,3.791691,1.541130,2.250561
test,"(51, 459)",301,1,243.0,20.0,0.3086419701576233,4.144456,2.750142,1.394313
test,"(13, 34)",46,1,86.0,14.0,0.20930232107639313,4.811824,1.696064,3.115760
test,"(36, 35)",8,1,96.0,27.0,0.1770833283662796,4.733203,2.426226,2.306978
test,"(68, 35)",64,1,2.0,1.0,1.0,4.909063,0.569130,4.339933
test,"(127, 164)",127,1,322.0,11.0,0.3571428656578064,1.817558,1.274970,0.542588
test,"(123, 221)",212,1,55.0,4.0,0.7636363506317139,2.259596,4.040983,-1.781387
test,"(13, 212)",165,1,135.0,24.0,0.17777778208255768,4.230034,2.826770,1.403265
test,"(251, 365)",127,1,236.0,15.0,0.5127118825912476,0.984574,0.678190,0.306384
test,"(134, 260)",444,1,594.0,29.0,0.22053872048854828,2.163095,2.272139,-0.109044
test,"(25, 245)",134,1,26.0,6.0,0.7307692170143127,1.451053,2.423998,-0.972945
test,"(179, 283)",455,1,233.0,18.0,0.19742488861083984,3.540963,1.975877,1.565087
test,"(313, 91)",262,1,629.0,37.0,0.4101748764514923,5.495904,4.162187,1.333717
test,"(50, 68)",200,1,408.0,11.0,0.561274528503418,3.892063,1.412966,2.479097
test,"(236, 51)",176,1,64.0,5.0,0.390625,5.236538,1.073427,4.163111
test,"(51, 176)",76,1,27.0,1.0,1.0,5.780257,0.132885,5.647372
test,"(13, 188)",69,1,18.0,3.0,0.8333333134651184,5.374853,0.335811,5.039041
test,"(193, 302)",14,1,129.0,3.0,0.8682170510292053,0.739174,0.186592,0.552581
test,"(193, 269)",134,1,373.0,37.0,0.2252010703086853,1.438587,1.445668,-0.007082
test,"(25, 134)",475,1,1784.0,97.0,0.08464125543832779,2.937324,3.264031,-0.326707
test,"(82, 13)",79,1,1646.0,100.0,0.11907655000686646,2.780738,2.165309,0.615429
test,"(13, 256)",445,1,277.0,10.0,0.34296029806137085,0.665122,1.493201,-0.828079
test,"(349, 82)",25,1,39.0,12.0,0.3333333432674408,2.047672,1.548685,0.498987
test,"(82, 34)",78,1,59.0,7.0,0.4406779706478119,3.209713,0.929390,2.280322
test,"(224, 249)",223,1,59.0,12.0,0.4237288236618042,1.665138,0.910095,0.755043
test,"(66, 400)",6,1,384.0,33.0,0.3020833432674408,5.096197,4.511285,0.584912
test,"(6, 313)",199,1,186.0,5.0,0.8333333134651184,1.657965,0.264864,1.393101
test,"(473, 39)",78,1,15.0,2.0,0.9333333373069763,3.075689,0.218172,2.857516
test,"(258, 64)",188,1,5.0,3.0,0.6000000238418579,4.071550,0.863520,3.208031
test,"(200, 77)",217,1,98.0,5.0,0.5306122303009033,5.489493,1.630857,3.858636
test,"(492, 201)",25,1,66.0,17.0,0.3181818127632141,4.988806,3.381675,1.607131
test,"(13, 66)",400,1,794.0,28.0,0.2745591998100281,2.573544,1.752452,0.821092
test,"(214, 69)",175,1,357.0,24.0,0.4481792747974396,3.734977,0.904549,2.830428
test,"(434, 475)",257,1,16.0,1.0,1.0,0.503976,0.062639,0.441337
test,"(435, 134)",40,1,18.0,6.0,0.6666666865348816,4.224498,4.137793,0.086705
test,"(248, 317)",83,1,43.0,7.0,0.4651162922382355,4.890677,4.819443,0.071235
test,"(83, 459)",13,1,312.0,30.0,0.29807692766189575,1.995544,1.324545,0.671000
test,"(34, 480)",264,1,5.0,2.0,0.800000011920929,5.224309,2.981295,2.243014
test,"(20, 8)",264,1,118.0,16.0,0.16101695597171783,3.705038,4.291926,-0.586888
test,"(79, 435)",71,1,71.0,13.0,0.5211267471313477,6.133385,0.758209,5.375175
test,"(328, 225)",78,1,57.0,13.0,0.21052631735801697,2.156701,2.491596,-0.334895
test,"(63, 127)",94,1,26.0,9.0,0.19230769574642181,2.598757,2.786762,-0.188004
test,"(192, 7)",77,1,434.0,54.0,0.24884793162345886,4.437494,2.429644,2.007849
test,"(46, 81)",36,1,306.0,10.0,0.48366013169288635,6.739072,3.988879,2.750193
test,"(25, 199)",77,1,2122.0,114.0,0.12205466628074646,3.989435,3.668177,0.321258
test,"(255, 265)",67,1,3.0,1.0,1.0,6.512646,0.391947,6.120699
test,"(414, 127)",114,1,87.0,7.0,0.4597701132297516,3.421606,4.028601,-0.606996
test,"(43, 36)",25,1,436.0,22.0,0.6215596199035645,2.701442,0.567950,2.133492
test,"(290, 206)",79,1,36.0,9.0,0.4444444477558136,2.265748,0.890922,1.374826
test,"(257, 25)",323,1,569.0,23.0,0.6063268780708313,0.300863,0.477229,-0.176366
test,"(186, 269)",337,1,399.0,37.0,0.2030075192451477,1.845530,2.028568,-0.183038
test,"(194, 72)",81,1,421.0,10.0,0.4275534451007843,3.921033,1.468753,2.452281
test,"(259, 193)",213,1,160.0,21.0,0.14374999701976776,2.776214,2.552844,0.223369
test,"(213, 71)",177,1,88.0,7.0,0.47727271914482117,3.892215,0.854993,3.037222
test,"(224, 269)",432,1,90.0,20.0,0.2777777910232544,5.586524,5.391005,0.195520
test,"(218, 224)",297,1,185.0,20.0,0.3405405282974243,2.346977,2.624532,-0.277555
test,"(484, 396)",8,1,131.0,10.0,0.4580152630805969,2.450962,1.674854,0.776108
test,"(493, 326)",257,1,649.0,40.0,0.40215715765953064,0.820580,0.886250,-0.065670
test,"(188, 13)",176,1,572.0,39.0,0.32692307233810425,4.546872,1.952421,2.594451
test,"(69, 72)",81,1,604.0,5.0,0.45860928297042847,2.455505,1.179773,1.275732
test,"(205, 72)",202,1,143.0,2.0,0.7622377872467041,4.687521,1.558865,3.128656
test,"(196, 313)",91,1,6.0,2.0,0.8333333134651184,0.072743,0.203590,-0.130846
test,"(218, 224)",311,1,185.0,20.0,0.3405405282974243,2.258048,2.073628,0.184419
test,"(264, 266)",78,1,30.0,14.0,0.2666666805744171,2.334440,2.044805,0.289635
test,"(257, 25)",419,1,569.0,23.0,0.6063268780708313,7.607965,7.664203,-0.056237
test,"(82, 75)",298,1,58.0,11.0,0.5517241358757019,2.233648,0.685287,1.548362
test,"(302, 14)",134,1,697.0,31.0,0.5882353186607361,2.802772,0.622768,2.180003
test,"(22, 15)",134,1,50.0,19.0,0.14000000059604645,2.934399,3.319553,-0.385154
test,"(20, 85)",71,1,1.0,1.0,1.0,5.575375,1.485901,4.089474
test,"(197, 362)",12,1,2.0,1.0,1.0,0.729016,0.226042,0.502974
test,"(244, 309)",328,1,8.0,3.0,0.5,3.353398,1.301260,2.052138
test,"(252, 69)",374,1,489.0,8.0,0.8670756816864014,0.320279,0.159953,0.160326
test,"(272, 252)",227,1,2224.0,26.0,0.254046767950058,1.785172,1.399562,0.385611
test,"(66, 464)",194,1,323.0,9.0,0.8544891476631165,2.721179,3.336023,-0.614844
test,"(281, 1)",302,1,106.0,13.0,0.2075471729040146,3.947238,2.009789,1.937449
test,"(16, 334)",345,1,42.0,2.0,0.9047619104385376,0.451169,0.143999,0.307170
test,"(282, 69)",178,1,55.0,6.0,0.5636363625526428,3.640205,0.690364,2.949841
test,"(255, 13)",247,1,330.0,39.0,0.3757575750350952,4.156845,3.003179,1.153667
test,"(47, 403)",255,1,52.0,2.0,0.8461538553237915,11.119028,2.066888,9.052140
test,"(17, 304)",397,1,62.0,3.0,0.5967742204666138,1.752634,1.062854,0.689779
test,"(309, 127)",158,1,255.0,23.0,0.125490203499794,3.925140,2.504348,1.420793
test,"(285, 118)",229,1,230.0,16.0,0.395652174949646,2.758990,1.010692,1.748298
test,"(69, 342)",213,1,402.0,36.0,0.21641790866851807,2.424360,1.580271,0.844089
test,"(244, 25)",227,1,81.0,14.0,0.43209877610206604,3.557889,0.953920,2.603969
test,"(15, 194)",78,1,62.0,5.0,0.725806474685669,4.334166,1.786641,2.547525
test,"(185, 426)",232,1,438.0,1.0,1.0,0.104387,0.010635,0.093752
test,"(362, 362)",12,1,403.0,2.0,0.9354838728904724,0.775608,0.118605,0.657003
test,"(305, 181)",360,1,380.0,28.0,0.25526314973831177,4.938598,3.473570,1.465028
test,"(200, 340)",13,1,339.0,27.0,0.6283186078071594,1.100763,0.502073,0.598690
test,"(127, 95)",338,1,117.0,16.0,0.43589743971824646,4.254499,1.828901,2.425598
test,"(334, 234)",75,1,188.0,15.0,0.686170220375061,1.951749,0.457460,1.494288
test,"(75, 244)",252,1,180.0,13.0,0.5,1.072564,0.725533,0.347031
test,"(244, 252)",10,1,90.0,13.0,0.699999988079071,9.086350,3.422756,5.663594
test,"(399, 34)",357,1,587.0,4.0,0.5962521433830261,2.514838,1.317325,1.197513
test,"(292, 253)",29,1,1291.0,1.0,1.0,0.120856,0.011708,0.109148
test,"(60, 194)",465,1,311.0,3.0,0.8778135180473328,0.387144,0.154590,0.232554
test,"(65, 75)",322,1,433.0,10.0,0.6766743659973145,1.069212,0.442648,0.626564
test,"(75, 178)",304,1,384.0,35.0,0.1510416716337204,2.602408,1.949938,0.652469
test,"(305, 171)",172,1,548.0,9.0,0.4032846689224243,0.777654,0.887182,-0.109528
test,"(75, 178)",82,1,384.0,35.0,0.1510416716337204,3.100636,1.957665,1.142971
test,"(68, 310)",185,1,18.0,3.0,0.8333333134651184,0.670389,0.227444,0.442944
test,"(243, 272)",252,1,77.0,1.0,1.0,0.066822,0.007206,0.059617
test,"(82, 287)",79,1,72.0,1.0,1.0,2.700922,0.105714,2.595208
test,"(272, 252)",82,1,2224.0,26.0,0.254046767950058,4.869878,5.145541,-0.275663
test,"(86, 12)",16,1,664.0,27.0,0.22590361535549164,2.699088,2.552228,0.146860
test,"(334, 79)",222,1,198.0,2.0,0.6868686676025391,4.188023,1.272635,2.915388
test,"(305, 171)",181,1,548.0,9.0,0.4032846689224243,2.167067,1.679190,0.487877
test,"(172, 302)",29,1,21.0,2.0,0.9047619104385376,0.492287,0.145046,0.347242
test,"(20, 281)",213,1,439.0,38.0,0.39179953932762146,3.743329,5.186490,-1.443161
test,"(171, 181)",208,1,161.0,25.0,0.24223601818084717,1.069973,1.296617,-0.226645
test,"(324, 67)",304,1,293.0,26.0,0.351535826921463,2.466859,1.129502,1.337358
test,"(292, 253)",29,1,1291.0,1.0,1.0,0.105113,0.010287,0.094826
test,"(265, 452)",212,1,1.0,1.0,1.0,3.232396,1.331589,1.900807
test,"(309, 328)",208,1,106.0,3.0,0.5943396091461182,1.257168,0.579899,0.677269
test,"(208, 485)",305,1,347.0,16.0,0.2046109437942505,2.271682,1.633208,0.638474
test,"(479, 362)",362,1,47.0,1.0,1.0,0.463372,0.047841,0.415532
test,"(134, 296)",345,1,549.0,6.0,0.8706739544868469,0.106417,0.134139,-0.027722
test,"(322, 267)",79,1,194.0,1.0,1.0,0.394736,0.035073,0.359664
test,"(68, 76)",60,1,469.0,22.0,0.26439231634140015,4.309172,2.033011,2.276161
test,"(12, 65)",75,1,1221.0,22.0,0.29893529415130615,2.846477,1.290993,1.555484
test,"(71, 261)",312,1,287.0,1.0,1.0,0.385153,0.034542,0.350611
test,"(200, 83)",298,1,634.0,65.0,0.25867506861686707,3.679085,1.440799,2.238286
test,"(51, 36)",180,1,221.0,23.0,0.3212669789791107,5.128036,4.255038,0.872998
test,"(133, 133)",31,1,2512.0,71.0,0.19864650070667267,3.085933,3.344078,-0.258145
test,"(34, 324)",386,1,400.0,9.0,0.5325000286102295,0.817876,0.644985,0.172891
test,"(25, 199)",227,1,2122.0,114.0,0.12205466628074646,4.158217,4.656188,-0.497971
test,"(7, 90)",186,1,702.0,49.0,0.15099714696407318,4.611432,3.366168,1.245264
test,"(186, 134)",197,1,1054.0,89.0,0.07020872831344604,4.179303,3.740597,0.438707
test,"(34, 366)",35,1,376.0,20.0,0.292553186416626,3.035388,3.663919,-0.628531
test,"(188, 67)",219,1,483.0,38.0,0.3188405930995941,4.565033,1.246805,3.318228
test,"(34, 192)",70,1,183.0,1.0,1.0,1.294445,0.078850,1.215595
test,"(195, 134)",31,1,1145.0,73.0,0.1764192134141922,1.577709,1.715829,-0.138120
test,"(14, 472)",40,1,295.0,10.0,0.9118643999099731,0.279525,0.103273,0.176253
test,"(487, 7)",315,1,118.0,21.0,0.1525423675775528,5.754301,2.082641,3.671660
test,"(75, 424)",82,1,52.0,8.0,0.8269230723381042,1.183789,0.226637,0.957152
test,"(212, 121)",221,1,535.0,10.0,0.3252336382865906,1.637061,1.155215,0.481846
test,"(197, 85)",213,1,149.0,22.0,0.3959731459617615,7.376371,1.695303,5.681069
test,"(192, 180)",134,1,56.0,19.0,0.1428571492433548,2.248158,2.046236,0.201922
test,"(59, 1)",127,1,50.0,16.0,0.18000000715255737,3.634263,1.870701,1.763563
test,"(123, 203)",260,1,49.0,11.0,0.3265306055545807,3.483200,1.680204,1.802997
test,"(26, 133)",92,1,602.0,21.0,0.45348837971687317,1.457450,0.838728,0.618722
test,"(194, 202)",184,1,155.0,1.0,1.0,2.312351,0.098611,2.213739
test,"(199, 227)",259,1,100.0,8.0,0.6800000071525574,3.591468,3.189644,0.401824
test,"(227, 259)",432,1,8.0,4.0,0.5,3.778130,4.371661,-0.593531
test,"(199, 425)",261,1,3.0,2.0,0.6666666865348816,3.985695,3.660504,0.325191
test,"(232, 25)",189,1,111.0,19.0,0.5495495200157166,4.275130,2.494564,1.780566
test,"(78, 76)",76,1,318.0,41.0,0.12893082201480865,4.975029,2.198399,2.776630
test,"(207, 8)",207,1,450.0,23.0,0.23999999463558197,5.299597,7.521193,-2.221596
test,"(88, 7)",90,1,343.0,66.0,0.16034986078739166,1.878269,3.192588,-1.314319
test,"(13, 45)",78,1,22.0,5.0,0.4545454680919647,2.811440,4.526172,-1.714732
test,"(189, 510)",25,1,21.0,1.0,1.0,1.101949,0.098016,1.003934
test,"(99, 134)",35,0,0.0,0.0,0.0,3.926482,3.824860,0.101622
test,"(88, 454)",25,1,287.0,25.0,0.17421603202819824,1.258884,1.680660,-0.421776
test,"(189, 134)",385,1,667.0,50.0,0.2353823035955429,4.401555,5.693166,-1.291610
test,"(293, 243)",25,1,479.0,31.0,0.29018789529800415,1.366590,1.244456,0.122134
test,"(413, 34)",78,1,13.0,3.0,0.692307710647583,3.175402,0.534093,2.641309
test,"(194, 237)",248,1,311.0,3.0,0.852090060710907,0.910867,0.215248,0.695619
test,"(261, 50)",71,1,1.0,1.0,1.0,5.455554,4.133154,1.322400
test,"(134, 385)",232,1,277.0,7.0,0.8411552309989929,2.041780,2.864573,-0.822793
test,"(432, 293)",243,1,196.0,1.0,1.0,2.383717,0.098033,2.285685
test,"(76, 76)",280,1,158.0,8.0,0.474683552980423,6.104848,1.210277,4.894571
test,"(26, 195)",207,1,684.0,39.0,0.17105263471603394,3.052810,1.906001,1.146808
test,"(134, 54)",68,1,227.0,24.0,0.27753305435180664,3.389635,1.414183,1.975452
test,"(280, 188)",50,1,394.0,35.0,0.2893401086330414,2.984268,1.328254,1.656015
test,"(21, 358)",12,1,31.0,1.0,1.0,0.486911,0.056631,0.430280
test,"(18, 304)",12,1,18.0,2.0,0.6111111044883728,0.204729,0.439898,-0.235169
test,"(373, 510)",252,1,13.0,1.0,1.0,0.204698,0.059565,0.145132
test,"(408, 45)",64,1,12.0,2.0,0.8333333134651184,4.785133,0.362078,4.423055
test,"(193, 134)",54,1,864.0,79.0,0.08796296268701553,4.186441,5.444376,-1.257935
test,"(79, 79)",13,1,219.0,48.0,0.12328767031431198,3.917437,2.920398,0.997039
test,"(78, 70)",175,1,161.0,18.0,0.23602484166622162,2.753797,1.525922,1.227875
test,"(40, 82)",314,1,240.0,16.0,0.28333333134651184,6.713641,8.825779,-2.112138
test,"(13, 176)",81,1,212.0,2.0,0.9952830076217651,2.262026,0.101097,2.160929
test,"(226, 226)",391,1,101.0,21.0,0.2574257552623749,6.666164,8.808348,-2.142183
test,"(71, 12)",82,1,105.0,16.0,0.41904762387275696,3.969127,2.443131,1.525996
test,"(190, 71)",252,1,542.0,35.0,0.33763837814331055,9.359271,6.168090,3.191181
test,"(375, 69)",64,1,500.0,27.0,0.37400001287460327,2.121618,1.053256,1.068362
test,"(66, 387)",257,1,279.0,44.0,0.2867383658885956,6.405806,3.047067,3.358740
test,"(342, 218)",388,1,155.0,13.0,0.3290322721004486,1.275180,1.418117,-0.142936
test,"(346, 176)",317,1,37.0,3.0,0.5405405163764954,5.214678,0.756719,4.457959
test,"(186, 297)",230,1,563.0,28.0,0.7033748030662537,0.392016,0.334229,0.057787
test,"(223, 25)",249,1,249.0,22.0,0.41767069697380066,3.878060,4.204150,-0.326090
test,"(134, 237)",214,1,262.0,20.0,0.4007633626461029,2.652533,0.994577,1.657956
test,"(119, 6)",218,1,12.0,4.0,0.3333333432674408,1.650204,1.908419,-0.258215
test,"(324, 84)",173,1,135.0,3.0,0.7629629373550415,3.789063,0.379023,3.410040
test,"(175, 289)",241,1,9.0,2.0,0.7777777910232544,3.755066,0.453960,3.301106
test,"(18, 281)",1,1,128.0,31.0,0.1953125,3.397058,2.471721,0.925337
test,"(325, 208)",253,1,361.0,24.0,0.4515235424041748,0.435783,0.714324,-0.278541
test,"(128, 139)",203,1,288.0,24.0,0.3159722089767456,2.168097,1.602928,0.565169
test,"(334, 234)",75,1,188.0,15.0,0.686170220375061,2.098698,0.460532,1.638166
test,"(322, 267)",79,1,194.0,1.0,1.0,0.508006,0.042575,0.465432
test,"(222, 68)",296,1,622.0,46.0,0.28938907384872437,3.718109,1.337155,2.380954
test,"(293, 188)",67,1,573.0,54.0,0.38394415378570557,2.936466,1.037320,1.899145
test,"(29, 133)",325,1,434.0,16.0,0.20506912469863892,3.272091,2.677417,0.594675
test,"(75, 322)",267,1,293.0,7.0,0.6621160507202148,1.614795,0.485242,1.129554
test,"(14, 462)",267,1,174.0,20.0,0.20114941895008087,6.826021,5.005747,1.820273
test,"(12, 64)",234,1,135.0,6.0,0.8518518805503845,0.920396,0.219609,0.700787
test,"(12, 86)",288,1,851.0,12.0,0.4618096351623535,2.407994,0.856186,1.551809
test,"(197, 213)",87,1,25.0,8.0,0.5199999809265137,3.000057,0.780653,2.219404
test,"(69, 342)",134,1,402.0,36.0,0.21641790866851807,2.914626,2.351320,0.563306
test,"(199, 65)",70,1,260.0,15.0,0.642307698726654,1.537473,0.509895,1.027578
test,"(86, 288)",173,1,405.0,2.0,0.9950617551803589,0.091280,0.013595,0.077686
test,"(200, 74)",12,1,189.0,28.0,0.27513226866722107,1.613573,1.319302,0.294270
test,"(476, 226)",128,1,236.0,9.0,0.4661017060279846,2.724490,3.057865,-0.333375
test,"(304, 12)",206,1,1230.0,20.0,0.43252032995224,6.078827,4.407812,1.671015
test,"(206, 184)",12,1,96.0,5.0,0.9479166865348816,3.837782,0.163508,3.674274
test,"(75, 213)",87,1,45.0,8.0,0.35555556416511536,3.357490,1.220034,2.137456
test,"(12, 18)",309,1,567.0,37.0,0.20105819404125214,2.377018,1.989891,0.387127
test,"(498, 66)",464,1,317.0,1.0,1.0,0.796569,0.058647,0.737921
test,"(310, 185)",426,1,499.0,3.0,0.8617234230041504,0.211498,0.155900,0.055598
test,"(68, 12)",182,1,259.0,22.0,0.5019304752349854,3.964587,1.835524,2.129063
test,"(133, 404)",336,1,1049.0,23.0,0.6234509348869324,6.220990,3.768462,2.452528
test,"(477, 367)",199,1,27.0,1.0,1.0,0.258439,0.030722,0.227717
test,"(35, 192)",7,1,538.0,27.0,0.26579925417900085,2.022136,1.359438,0.662699
test,"(190, 236)",230,1,448.0,39.0,0.4174107015132904,1.626439,0.921165,0.705274
test,"(49, 52)",259,1,54.0,16.0,0.2222222238779068,7.596492,1.667267,5.929225
test,"(25, 199)",17,1,2122.0,114.0,0.12205466628074646,4.067644,2.960024,1.107620
test,"(194, 374)",12,1,659.0,13.0,0.48558422923088074,1.826408,1.288544,0.537864
test,"(12, 457)",213,1,824.0,24.0,0.4223301112651825,3.074229,3.100114,-0.025885
test,"(79, 272)",252,1,102.0,1.0,1.0,0.032701,0.003765,0.028936
test,"(285, 117)",502,1,147.0,12.0,0.2789115607738495,3.853372,1.379706,2.473665
test,"(68, 70)",413,1,87.0,9.0,0.36781609058380127,7.608283,1.128051,6.480231
test,"(218, 186)",207,1,1021.0,27.0,0.46523016691207886,2.102528,0.838443,1.264085
test,"(469, 230)",328,1,75.0,16.0,0.2133333384990692,4.619330,2.416011,2.203320
test,"(12, 457)",134,1,824.0,24.0,0.4223301112651825,1.437948,0.889339,0.548609
test,"(260, 203)",254,1,142.0,12.0,0.47183099389076233,3.053433,0.852553,2.200881
test,"(177, 68)",266,1,678.0,62.0,0.14749263226985931,5.396650,6.123273,-0.726623
test,"(207, 63)",92,1,74.0,1.0,1.0,0.651428,0.057479,0.593949
test,"(252, 79)",12,1,133.0,7.0,0.8646616339683533,2.624398,0.246315,2.378083
test,"(362, 12)",65,1,677.0,17.0,0.43279173970222473,1.410512,0.881616,0.528896
test,"(12, 256)",75,1,519.0,4.0,0.978805422782898,0.958983,0.084191,0.874792
test,"(171, 172)",208,1,300.0,37.0,0.2666666805744171,1.832621,1.303582,0.529039
test,"(367, 199)",31,1,850.0,21.0,0.36352941393852234,4.439426,1.113366,3.326060
test,"(44, 64)",349,1,120.0,8.0,0.4833333194255829,3.777226,4.386358,-0.609132
test,"(50, 64)",368,1,115.0,5.0,0.5130434632301331,3.334863,0.775835,2.559027
test,"(36, 247)",349,1,68.0,1.0,1.0,1.484309,0.089586,1.394723
test,"(134, 365)",260,1,225.0,15.0,0.46666666865348816,4.866340,2.873776,1.992564
test,"(247, 349)",6,1,269.0,26.0,0.28624534606933594,5.108349,5.324684,-0.216335
test,"(185, 72)",76,1,66.0,4.0,0.9545454382896423,2.790555,0.154000,2.636555
test,"(190, 405)",334,1,112.0,22.0,0.25,6.438661,2.693487,3.745175
test,"(173, 336)",79,1,14.0,2.0,0.9285714030265808,1.588925,0.201045,1.387879
test,"(252, 227)",12,1,597.0,4.0,0.5343383550643921,0.386352,0.820549,-0.434197
test,"(67, 267)",79,1,56.0,3.0,0.9642857313156128,0.636657,0.077271,0.559386
test,"(252, 227)",397,1,597.0,4.0,0.5343383550643921,1.531521,0.688931,0.842590
test,"(109, 226)",238,1,28.0,4.0,0.5714285969734192,3.515779,0.690056,2.825723
test,"(127, 115)",365,1,374.0,28.0,0.15240642428398132,3.103990,2.858119,0.245871
test,"(128, 148)",229,1,133.0,6.0,0.6090225577354431,3.034263,0.573545,2.460718
test,"(91, 134)",68,1,136.0,14.0,0.4852941036224365,3.316102,4.973288,-1.657186
test,"(224, 292)",253,1,229.0,9.0,0.6943231225013733,0.240132,0.331216,-0.091084
test,"(133, 69)",286,1,302.0,10.0,0.6754966974258423,1.472517,0.462521,1.009997
test,"(123, 254)",120,1,169.0,7.0,0.4497041404247284,2.330267,1.115357,1.214911
test,"(251, 203)",134,1,307.0,20.0,0.267100989818573,3.719396,5.045127,-1.325731
test,"(119, 128)",152,1,19.0,3.0,0.5789473652839661,2.894384,1.175587,1.718798
test,"(134, 229)",338,1,252.0,12.0,0.3571428656578064,2.509864,1.457430,1.052435
test,"(226, 134)",229,1,168.0,32.0,0.2083333283662796,3.052305,2.320844,0.731460
test,"(285, 119)",376,1,443.0,28.0,0.243792325258255,3.752359,2.410434,1.341926
test,"(417, 134)",173,1,74.0,7.0,0.7702702879905701,5.663963,6.948055,-1.284091
test,"(83, 64)",417,1,563.0,40.0,0.16341030597686768,2.136393,2.287723,-0.151330
test,"(23, 25)",281,1,11.0,5.0,0.3636363744735718,5.916175,1.320192,4.595984
test,"(133, 133)",198,1,2512.0,71.0,0.19864650070667267,4.633601,4.627833,0.005768
test,"(40, 82)",46,1,240.0,16.0,0.28333333134651184,3.143340,1.359820,1.783520
test,"(268, 134)",31,1,39.0,7.0,0.38461539149284363,1.258461,1.021596,0.236865
test,"(134, 31)",40,1,700.0,31.0,0.23999999463558197,1.476489,1.419464,0.057025
test,"(213, 493)",326,1,209.0,2.0,0.8325358629226685,0.189027,0.181227,0.007800
test,"(257, 359)",323,1,208.0,4.0,0.48557692766189575,0.402201,0.684663,-0.282462
test,"(40, 82)",46,1,240.0,16.0,0.28333333134651184,2.783758,1.352575,1.431183
test,"(134, 31)",40,1,700.0,31.0,0.23999999463558197,1.168205,1.385926,-0.217721
test,"(31, 40)",82,1,168.0,1.0,1.0,0.866562,0.063498,0.803063
test,"(31, 40)",82,1,168.0,1.0,1.0,0.667689,0.053690,0.613999
test,"(40, 35)",268,1,163.0,37.0,0.23312883079051971,5.839982,3.072928,2.767054
test,"(176, 26)",133,1,110.0,10.0,0.33636364340782166,1.112506,1.451440,-0.338934
test,"(92, 133)",133,1,751.0,21.0,0.9094540476799011,0.380522,0.115726,0.264795
test,"(36, 85)",327,1,156.0,2.0,0.9807692170143127,1.345355,0.099636,1.245719
test,"(52, 84)",196,1,8.0,1.0,1.0,5.728096,0.202785,5.525311
test,"(12, 24)",64,1,287.0,14.0,0.46689894795417786,6.733506,2.961579,3.771928
test,"(134, 80)",84,1,348.0,16.0,0.545976996421814,0.434348,0.567286,-0.132939
test,"(448, 426)",487,1,406.0,3.0,0.9802955389022827,0.126976,0.029662,0.097314
test,"(116, 127)",115,1,91.0,3.0,0.8681318759918213,2.356588,0.242118,2.114471
test,"(25, 199)",32,1,2122.0,114.0,0.12205466628074646,5.352329,4.205019,1.147310
test,"(288, 179)",487,1,131.0,5.0,0.5877862572669983,3.753276,0.641059,3.112218
test,"(301, 276)",257,1,314.0,24.0,0.41401273012161255,1.464679,0.895070,0.569609
test,"(245, 469)",418,1,15.0,5.0,0.4000000059604645,4.087798,2.563634,1.524164
test,"(7, 82)",13,1,371.0,32.0,0.32614555954933167,2.289500,2.750076,-0.460576
test,"(218, 343)",302,1,254.0,17.0,0.3897637724876404,3.914664,2.467174,1.447489
test,"(302, 14)",212,1,697.0,31.0,0.5882353186607361,2.204800,1.871367,0.333433
test,"(221, 212)",115,1,368.0,17.0,0.24184782803058624,2.501556,2.503071,-0.001515
test,"(152, 127)",120,1,32.0,9.0,0.46875,1.927806,0.842609,1.085197
test,"(343, 269)",134,1,198.0,30.0,0.17676767706871033,1.424693,1.626950,-0.202257
test,"(180, 249)",402,1,459.0,15.0,0.37690630555152893,0.615922,0.928164,-0.312242
test,"(134, 300)",72,1,475.0,11.0,0.39157894253730774,2.632102,1.855176,0.776926
test,"(402, 134)",35,1,370.0,21.0,0.4648648500442505,3.500994,0.866511,2.634483
test,"(67, 33)",88,1,15.0,3.0,0.800000011920929,1.074057,0.299491,0.774566
test,"(257, 180)",134,1,222.0,24.0,0.2432432472705841,2.319836,2.198618,0.121218
test,"(84, 196)",7,1,43.0,11.0,0.23255814611911774,3.626680,1.862329,1.764350
test,"(260, 444)",226,1,195.0,11.0,0.35384616255760193,1.093994,1.033673,0.060320
test,"(13, 319)",40,1,270.0,15.0,0.25555557012557983,5.227392,2.385536,2.841856
test,"(68, 88)",13,1,687.0,44.0,0.22270742058753967,2.905116,3.442777,-0.537661
test,"(186, 269)",183,1,399.0,37.0,0.2030075192451477,2.915141,2.527290,0.387850
test,"(49, 237)",77,1,118.0,7.0,0.9067796468734741,2.274500,0.189504,2.084996
test,"(237, 77)",176,1,277.0,3.0,0.5487364530563354,1.853190,1.036862,0.816328
test,"(63, 218)",195,1,208.0,11.0,0.2788461446762085,3.753922,1.972758,1.781164
test,"(299, 11)",133,1,73.0,19.0,0.12328767031431198,2.860240,3.309290,-0.449050
test,"(378, 13)",75,1,48.0,31.0,0.0833333358168602,3.750586,4.456614,-0.706029
test,"(77, 66)",194,1,688.0,38.0,0.26889535784721375,4.408072,1.790144,2.617928
test,"(287, 72)",13,1,389.0,29.0,0.36760926246643066,3.664454,1.100516,2.563938
test,"(257, 25)",323,1,569.0,23.0,0.6063268780708313,0.368730,0.485087,-0.116357
test,"(189, 195)",269,1,681.0,43.0,0.30837005376815796,1.227452,1.167999,0.059453
test,"(246, 361)",77,1,135.0,1.0,1.0,1.063746,0.071686,0.992060
test,"(301, 190)",435,1,251.0,4.0,0.9203187227249146,0.813950,0.137892,0.676058
test,"(389, 133)",354,1,894.0,13.0,0.7203579545021057,4.645374,6.862139,-2.216764
test,"(12, 74)",68,1,35.0,16.0,0.20000000298023224,1.268104,2.317574,-1.049470
test,"(87, 12)",287,1,405.0,18.0,0.21975308656692505,6.836010,9.010881,-2.174871
test,"(289, 401)",26,1,338.0,29.0,0.20118343830108643,3.308809,4.621141,-1.312332
test,"(354, 173)",274,1,134.0,1.0,1.0,1.383835,0.082795,1.301040
test,"(13, 227)",268,1,55.0,11.0,0.4727272689342499,4.229425,6.437276,-2.207851
test,"(240, 82)",78,1,342.0,6.0,0.8274853825569153,4.111209,0.294783,3.816426
test,"(255, 79)",177,1,30.0,1.0,1.0,5.194555,0.129966,5.064589
test,"(133, 449)",1,1,77.0,1.0,1.0,1.018652,0.070670,0.947982
test,"(419, 290)",71,1,5.0,4.0,0.4000000059604645,4.664237,2.949756,1.714480
test,"(17, 134)",129,1,42.0,22.0,0.1428571492433548,4.832579,3.410923,1.421656
test,"(134, 89)",75,1,264.0,13.0,0.2613636255264282,3.349182,1.425363,1.923819
test,"(18, 134)",129,1,26.0,13.0,0.26923078298568726,4.411400,4.196422,0.214977
test,"(228, 335)",134,1,315.0,35.0,0.4000000059604645,1.115334,0.866868,0.248466
test,"(34, 39)",36,1,89.0,15.0,0.49438202381134033,1.756060,0.755397,1.000664
test,"(37, 12)",23,1,3.0,2.0,0.6666666865348816,3.633360,0.947203,2.686157
test,"(266, 77)",287,1,137.0,3.0,0.9635036587715149,2.563721,0.138654,2.425067
test,"(175, 72)",76,1,114.0,5.0,0.8333333134651184,4.370853,0.291709,4.079144
test,"(76, 386)",336,1,11.0,6.0,0.3636363744735718,6.215053,2.273398,3.941654
test,"(72, 76)",386,1,456.0,30.0,0.18640351295471191,6.139079,3.886639,2.252440
test,"(205, 8)",13,1,11.0,8.0,0.27272728085517883,3.769654,1.560283,2.209371
test,"(84, 69)",13,1,178.0,10.0,0.3483146131038666,4.607601,1.166781,3.440821
test,"(84, 69)",13,1,178.0,10.0,0.3483146131038666,5.052798,1.167932,3.884865
test,"(187, 67)",8,1,262.0,15.0,0.5839694738388062,3.866253,3.594355,0.271898
test,"(67, 352)",28,1,24.0,4.0,0.625,0.639815,0.475210,0.164606
test,"(190, 265)",77,1,291.0,3.0,0.9896907210350037,1.777779,0.097890,1.679889
test,"(308, 213)",190,1,57.0,11.0,0.35087719559669495,2.865321,2.748744,0.116577
test,"(133, 133)",133,1,2512.0,71.0,0.19864650070667267,1.922291,1.619740,0.302551
test,"(134, 62)",85,1,548.0,48.0,0.18248175084590912,3.902651,2.133998,1.768653
test,"(176, 72)",202,1,82.0,3.0,0.6463414430618286,3.810288,1.541843,2.268445
test,"(28, 266)",67,1,14.0,7.0,0.2857142984867096,5.836195,4.004599,1.831596
test,"(265, 77)",82,1,365.0,27.0,0.3369863033294678,2.580625,1.170730,1.409895
test,"(74, 197)",419,1,506.0,47.0,0.2707509994506836,6.455442,7.396340,-0.940898
test,"(84, 69)",13,1,178.0,10.0,0.3483146131038666,3.845640,1.163127,2.682513
test,"(76, 65)",326,1,202.0,14.0,0.2871287167072296,7.954563,3.963437,3.991126
test,"(79, 13)",186,1,621.0,57.0,0.20772947371006012,6.992290,7.379650,-0.387361
test,"(6, 352)",134,1,26.0,10.0,0.5,1.962530,0.732227,1.230304
test,"(79, 200)",184,1,315.0,9.0,0.37142857909202576,2.834187,1.820691,1.013495
test,"(79, 190)",265,1,485.0,8.0,0.6701030731201172,2.092420,1.524172,0.568248
test,"(82, 11)",266,1,676.0,62.0,0.21301774680614471,3.554178,3.093274,0.460904
test,"(60, 186)",289,1,242.0,31.0,0.1859504133462906,3.710181,3.471070,0.239111
test,"(67, 180)",134,1,217.0,34.0,0.2304147481918335,1.538857,1.420643,0.118214
test,"(67, 72)",248,1,642.0,16.0,0.37071651220321655,2.611872,1.076254,1.535619
test,"(77, 191)",64,1,2.0,1.0,1.0,2.828995,0.539357,2.289638
test,"(134, 288)",179,1,99.0,3.0,0.7878788113594055,2.880922,0.341979,2.538943
test,"(13, 449)",1,1,218.0,1.0,1.0,1.314859,0.077617,1.237242
test,"(82, 77)",287,1,253.0,3.0,0.6996047496795654,3.017309,0.458557,2.558752
test,"(74, 298)",74,1,5.0,1.0,1.0,2.091445,0.208722,1.882723
test,"(66, 222)",71,1,41.0,2.0,0.5365853905677795,3.054383,0.892889,2.161493
test,"(297, 266)",236,1,43.0,18.0,0.1860465109348297,2.393345,1.876938,0.516407
test,"(311, 134)",45,1,213.0,49.0,0.1690140813589096,2.641695,1.841820,0.799875
test,"(65, 81)",370,1,154.0,9.0,0.701298713684082,3.791361,0.462659,3.328702
test,"(62, 256)",445,1,528.0,12.0,0.36174243688583374,2.502476,1.094640,1.407836
test,"(180, 258)",81,1,92.0,10.0,0.43478259444236755,1.720090,0.878376,0.841714
test,"(68, 88)",82,1,687.0,44.0,0.22270742058753967,2.985668,2.593956,0.391712
test,"(8, 133)",224,1,571.0,42.0,0.31873905658721924,2.736492,3.903320,-1.166828
test,"(51, 34)",39,1,91.0,16.0,0.3186813294887543,2.054662,1.858949,0.195713
test,"(62, 77)",402,1,453.0,20.0,0.33112582564353943,2.590217,1.326982,1.263235
test,"(62, 256)",445,1,528.0,12.0,0.36174243688583374,2.319466,1.089739,1.229727
test,"(199, 62)",89,1,21.0,10.0,0.190476194024086,6.442192,2.913768,3.528424
test,"(13, 75)",72,1,231.0,12.0,0.523809552192688,1.657254,1.619444,0.037810
test,"(62, 77)",402,1,453.0,20.0,0.33112582564353943,3.483073,1.343819,2.139254
test,"(62, 256)",76,1,528.0,12.0,0.36174243688583374,2.777151,2.891768,-0.114617
test,"(134, 504)",13,1,371.0,41.0,0.4312668442726135,2.359875,1.693634,0.666241
test,"(13, 133)",193,1,208.0,22.0,0.4326923191547394,3.131084,3.220309,-0.089225
test,"(288, 25)",134,1,10.0,6.0,0.20000000298023224,3.050992,1.763559,1.287432
test,"(336, 83)",202,1,180.0,3.0,0.9888888597488403,3.361573,0.116450,3.245124
test,"(378, 70)",62,1,178.0,24.0,0.32022473216056824,1.434535,2.021352,-0.586817
test,"(12, 44)",32,1,6.0,2.0,0.8333333134651184,3.659929,3.047527,0.612401
test,"(296, 83)",230,1,297.0,47.0,0.3569023609161377,7.486125,6.989359,0.496765
test,"(230, 43)",53,1,8.0,5.0,0.5,5.099667,0.979777,4.119890
test,"(224, 194)",62,1,124.0,19.0,0.24193547666072845,2.732026,3.262502,-0.530476
test,"(193, 461)",134,1,153.0,19.0,0.5751634240150452,0.567025,0.485994,0.081031
test,"(202, 180)",134,1,135.0,25.0,0.29629629850387573,1.277903,1.176869,0.101034
test,"(62, 69)",62,1,599.0,31.0,0.2804674506187439,1.907670,3.040829,-1.133159
test,"(8, 224)",461,1,334.0,35.0,0.23053891956806183,3.028299,3.180164,-0.151865
test,"(62, 75)",20,1,255.0,21.0,0.3803921639919281,9.328687,4.465141,4.863546
test,"(77, 402)",8,1,284.0,40.0,0.18309858441352844,3.425613,2.619860,0.805752
test,"(76, 65)",175,1,202.0,14.0,0.2871287167072296,5.471793,2.137985,3.333808
test,"(83, 202)",180,1,324.0,40.0,0.25925925374031067,3.709977,2.167926,1.542052
test,"(82, 268)",224,1,143.0,24.0,0.1678321659564972,3.232988,3.913596,-0.680608
test,"(402, 62)",79,1,91.0,17.0,0.20879121124744415,3.346004,1.655515,1.690489
test,"(85, 200)",369,1,377.0,17.0,0.692307710647583,2.234550,1.832845,0.401705
test,"(11, 183)",78,1,302.0,42.0,0.1192052960395813,2.832994,2.233526,0.599469
test,"(322, 62)",188,1,124.0,7.0,0.3790322542190552,6.349851,1.695229,4.654622
test,"(179, 71)",206,1,3.0,1.0,1.0,5.412610,0.383573,5.029037
test,"(25, 194)",233,1,222.0,14.0,0.47297295928001404,3.776778,3.019416,0.757361
test,"(454, 13)",449,1,50.0,17.0,0.18000000715255737,2.627292,2.995976,-0.368684
test,"(187, 185)",217,1,156.0,19.0,0.4294871687889099,5.319110,2.560719,2.758391
test,"(65, 84)",69,1,201.0,10.0,0.2885572016239166,3.430411,1.345467,2.084945
test,"(69, 8)",343,1,59.0,15.0,0.32203391194343567,3.815323,1.914597,1.900726
test,"(427, 224)",311,1,124.0,28.0,0.16935484111309052,3.273597,2.685479,0.588118
test,"(437, 70)",83,1,254.0,1.0,1.0,2.559424,0.099588,2.459837
test,"(182, 85)",11,1,323.0,22.0,0.16408668458461761,4.121048,2.445711,1.675337
test,"(473, 352)",134,1,108.0,12.0,0.7592592835426331,1.893271,2.341769,-0.448498
test,"(455, 228)",82,1,19.0,1.0,1.0,1.816630,0.114957,1.701672
test,"(81, 81)",178,1,233.0,3.0,0.9871244430541992,2.497686,0.111431,2.386255
test,"(265, 82)",308,1,59.0,21.0,0.22033898532390594,5.354331,5.335727,0.018604
test,"(432, 72)",65,1,254.0,8.0,0.4645669162273407,2.502078,1.470819,1.031259
test,"(75, 72)",179,1,617.0,17.0,0.3565640151500702,1.866444,1.575735,0.290709
test,"(69, 13)",83,1,167.0,21.0,0.28742516040802,4.175446,2.433829,1.741616
test,"(88, 268)",193,1,102.0,17.0,0.29411765933036804,2.069763,1.625080,0.444683
test,"(43, 53)",43,1,53.0,1.0,1.0,2.904062,0.112405,2.791657
test,"(352, 28)",134,1,391.0,24.0,0.42455244064331055,1.466935,1.243137,0.223798
test,"(28, 134)",62,1,255.0,33.0,0.18431372940540314,3.582892,2.370214,1.212678
test,"(236, 68)",247,1,471.0,4.0,0.5456475615501404,1.576174,0.672248,0.903926
test,"(193, 496)",13,1,228.0,2.0,0.9429824352264404,0.141118,0.063662,0.077456
test,"(88, 173)",82,1,514.0,18.0,0.8618677258491516,1.372279,0.219719,1.152560
test,"(202, 84)",255,1,141.0,4.0,0.9503546357154846,4.558260,0.160219,4.398041
test,"(7, 227)",8,1,149.0,11.0,0.2751677930355072,2.827964,1.696456,1.131508
test,"(477, 62)",82,1,97.0,11.0,0.30927833914756775,2.952254,2.162961,0.789293
test,"(62, 82)",77,1,979.0,34.0,0.3534218668937683,3.469988,2.204828,1.265160
test,"(230, 7)",82,1,29.0,13.0,0.24137930572032928,3.881768,4.008954,-0.127186
test,"(7, 85)",202,1,253.0,19.0,0.3122529685497284,2.534520,1.236766,1.297753
test,"(202, 82)",8,1,97.0,33.0,0.1340206116437912,3.477357,2.687644,0.789713
test,"(321, 62)",256,1,26.0,3.0,0.807692289352417,3.577609,0.347142,3.230467
test,"(62, 196)",8,1,801.0,37.0,0.2821473181247711,3.976892,3.470778,0.506114
test,"(205, 247)",79,1,37.0,1.0,1.0,1.892649,0.105204,1.787445
test,"(225, 84)",69,1,172.0,6.0,0.6162790656089783,3.637448,0.590688,3.046760
test,"(82, 7)",65,1,678.0,82.0,0.07669616490602493,2.912246,3.214517,-0.302270
test,"(75, 435)",71,1,54.0,5.0,0.48148149251937866,5.851615,0.854346,4.997269
test,"(134, 73)",82,1,548.0,11.0,0.7281022071838379,1.321753,1.676505,-0.354752
test,"(236, 68)",247,1,471.0,4.0,0.5456475615501404,1.847760,0.681926,1.165833
test,"(243, 67)",82,1,538.0,38.0,0.3736059367656708,3.081591,1.071869,2.009722
test,"(134, 74)",68,1,363.0,25.0,0.6831955909729004,1.208873,0.426938,0.781935
test,"(202, 11)",289,1,137.0,25.0,0.14598539471626282,3.814826,2.953409,0.861418
test,"(356, 8)",60,1,89.0,12.0,0.37078651785850525,3.976411,3.044638,0.931773
test,"(134, 62)",85,1,548.0,48.0,0.18248175084590912,3.741667,2.131023,1.610644
test,"(267, 82)",217,1,20.0,2.0,0.8500000238418579,6.801310,0.312562,6.488748
test,"(85, 327)",82,1,353.0,33.0,0.22662889957427979,2.741250,1.523000,1.218250
test,"(71, 197)",289,1,67.0,17.0,0.5373134613037109,6.523337,5.643321,0.880016
test,"(84, 248)",84,1,245.0,20.0,0.31020408868789673,5.158149,2.153683,3.004466
test,"(68, 242)",83,1,99.0,4.0,0.4444444477558136,4.062259,1.152116,2.910142
test,"(248, 427)",460,1,17.0,6.0,0.3529411852359772,5.961673,2.665418,3.296255
test,"(391, 321)",36,1,17.0,3.0,0.7058823704719543,4.114815,2.111040,2.003774
test,"(69, 180)",225,1,115.0,21.0,0.313043475151062,3.567016,1.911559,1.655456
test,"(88, 173)",82,1,514.0,18.0,0.8618677258491516,1.622849,0.226743,1.396106
test,"(36, 62)",40,1,144.0,21.0,0.1875,5.391528,2.218613,3.172915
test,"(62, 197)",256,1,139.0,5.0,0.5611510872840881,0.857260,0.607436,0.249824
test,"(25, 224)",311,1,381.0,41.0,0.1312336027622223,3.023187,2.092661,0.930526
test,"(177, 68)",186,1,678.0,62.0,0.14749263226985931,3.946833,3.865447,0.081386
test,"(176, 219)",62,1,21.0,5.0,0.523809552192688,2.530692,0.782065,1.748627
test,"(76, 176)",219,1,129.0,17.0,0.604651153087616,8.913290,3.504445,5.408845
test,"(179, 427)",264,1,20.0,6.0,0.44999998807907104,2.859400,3.652537,-0.793137
test,"(1, 193)",297,1,191.0,33.0,0.12041884660720825,1.737702,2.559094,-0.821392
test,"(198, 11)",134,1,8.0,6.0,0.375,1.638717,1.959225,-0.320508
test,"(8, 193)",334,1,697.0,38.0,0.19368723034858704,5.955788,3.777964,2.177824
test,"(193, 334)",441,1,63.0,8.0,0.6349206566810608,1.131830,0.494994,0.636835
test,"(341, 62)",69,1,8.0,3.0,0.5,2.848074,0.961551,1.886523
test,"(22, 62)",67,1,13.0,3.0,0.5384615659713745,3.643562,1.803828,1.839734
test,"(134, 59)",77,1,69.0,8.0,0.52173912525177,1.116326,2.764448,-1.648122
test,"(59, 77)",356,1,424.0,40.0,0.24056604504585266,5.081963,2.525987,2.555976
test,"(23, 356)",193,1,77.0,14.0,0.4025973975658417,1.600179,1.880406,-0.280227
test,"(13, 449)",1,1,218.0,1.0,1.0,0.735967,0.055120,0.680847
test,"(82, 236)",68,1,181.0,3.0,0.8453038930892944,1.850606,0.255339,1.595267
test,"(202, 180)",496,1,135.0,25.0,0.29629629850387573,4.112150,3.977943,0.134207
test,"(62, 214)",256,1,168.0,10.0,0.4345238208770752,2.538267,0.920461,1.617806
test,"(7, 85)",202,1,253.0,19.0,0.3122529685497284,2.238874,1.227414,1.011460
test,"(7, 67)",401,1,278.0,28.0,0.44964027404785156,2.217871,0.874670,1.343201
test,"(352, 213)",64,1,20.0,12.0,0.25,2.613660,1.538560,1.075100
test,"(452, 432)",89,1,3.0,1.0,1.0,10.538400,0.390085,10.148314
test,"(88, 454)",25,1,287.0,25.0,0.17421603202819824,3.376225,1.824666,1.551559
test,"(177, 68)",25,1,678.0,62.0,0.14749263226985931,4.030573,2.071882,1.958691
test,"(441, 473)",352,1,349.0,29.0,0.3094555735588074,2.385185,1.227027,1.158158
test,"(202, 84)",255,1,141.0,4.0,0.9503546357154846,4.680935,0.160361,4.520574
test,"(77, 79)",322,1,248.0,7.0,0.9516128897666931,5.009623,4.359480,0.650143
test,"(85, 243)",134,1,149.0,31.0,0.16107381880283356,5.521339,2.751916,2.769424
test,"(85, 200)",369,1,377.0,17.0,0.692307710647583,3.000157,1.869299,1.130858
test,"(240, 82)",84,1,342.0,6.0,0.8274853825569153,3.519671,1.980398,1.539273
test,"(82, 196)",228,1,263.0,13.0,0.6958174705505371,6.509511,6.892017,-0.382505
test,"(7, 82)",77,1,371.0,32.0,0.32614555954933167,4.319802,2.798944,1.520858
test,"(8, 193)",419,1,697.0,38.0,0.19368723034858704,3.152390,2.817728,0.334662
test,"(187, 67)",264,1,262.0,15.0,0.5839694738388062,7.296695,6.959685,0.337009
test,"(75, 64)",62,1,306.0,16.0,0.4575163424015045,3.726656,4.164496,-0.437840
test,"(264, 134)",243,1,396.0,55.0,0.12121212482452393,2.973269,2.713237,0.260032
test,"(82, 175)",179,1,71.0,6.0,0.7464788556098938,3.614819,0.405313,3.209507
test,"(11, 134)",62,1,2212.0,121.0,0.059222422540187836,3.948172,3.825176,0.122996
test,"(311, 134)",173,1,213.0,49.0,0.1690140813589096,5.025135,3.715944,1.309191
test,"(225, 88)",173,1,332.0,27.0,0.6265060305595398,1.695162,0.539025,1.156137
test,"(225, 88)",173,1,332.0,27.0,0.6265060305595398,1.803026,0.542248,1.260779
test,"(200, 369)",62,1,81.0,9.0,0.7654321193695068,3.323771,0.361069,2.962703
test,"(173, 82)",11,1,502.0,52.0,0.1593625545501709,3.558049,1.915727,1.642322
test,"(352, 266)",437,1,22.0,10.0,0.27272728085517883,4.868297,2.367967,2.500330
test,"(1, 234)",69,1,68.0,2.0,0.9411764740943909,2.168551,0.162527,2.006025
test,"(82, 33)",78,1,91.0,4.0,0.7692307829856873,4.815673,1.813550,3.002122
test,"(45, 413)",36,1,109.0,7.0,0.44954127073287964,4.088036,1.516155,2.571881
test,"(88, 268)",195,1,102.0,17.0,0.29411765933036804,2.845913,1.300151,1.545763
test,"(82, 45)",413,1,51.0,4.0,0.5490196347236633,2.436770,0.708350,1.728420
test,"(177, 68)",25,1,678.0,62.0,0.14749263226985931,2.478008,2.020696,0.457311
test,"(323, 26)",388,1,656.0,22.0,0.38871949911117554,1.444119,1.574324,-0.130205
test,"(283, 268)",195,1,84.0,8.0,0.5595238208770752,1.725263,0.657279,1.067984
test,"(183, 205)",88,1,30.0,2.0,0.9666666388511658,1.307785,0.123513,1.184272
test,"(134, 31)",40,1,700.0,31.0,0.23999999463558197,1.545545,1.425787,0.119758
test,"(212, 110)",203,1,507.0,33.0,0.15976330637931824,2.927018,2.410105,0.516913
test,"(439, 201)",14,1,270.0,38.0,0.25925925374031067,9.462854,6.985779,2.477076
test,"(268, 195)",258,1,198.0,28.0,0.43939393758773804,5.779443,3.890629,1.888814
test,"(198, 54)",344,1,11.0,1.0,1.0,4.679338,0.171681,4.507656
test,"(40, 82)",46,1,240.0,16.0,0.28333333134651184,3.043908,1.358065,1.685843
test,"(202, 268)",195,1,72.0,8.0,0.625,1.779748,0.552129,1.227619
test,"(198, 53)",72,1,7.0,1.0,1.0,4.708663,0.208104,4.500558
test,"(67, 7)",7,1,564.0,82.0,0.06914893537759781,5.003662,2.905691,2.097971
test,"(37, 8)",313,1,18.0,6.0,0.2777777910232544,5.877118,1.808002,4.069116
test,"(360, 180)",396,1,11.0,6.0,0.27272728085517883,3.808264,4.540094,-0.731830
test,"(134, 61)",230,1,9.0,4.0,0.5555555820465088,8.595140,0.755654,7.839486
test,"(77, 256)",67,1,80.0,4.0,0.612500011920929,4.736053,5.464024,-0.727972
test,"(62, 57)",169,1,11.0,2.0,0.7272727489471436,8.280466,9.967413,-1.686947
test,"(233, 86)",133,1,305.0,26.0,0.5081967115402222,6.691191,8.550127,-1.858936
test,"(214, 87)",420,1,127.0,25.0,0.16535432636737823,8.807547,10.535174,-1.727628
test,"(191, 64)",70,1,103.0,7.0,0.3883495032787323,1.477355,1.261758,0.215597
test,"(13, 8)",90,1,22.0,10.0,0.40909090638160706,5.836180,4.545063,1.291117
test,"(12, 24)",32,1,287.0,14.0,0.46689894795417786,7.062962,9.280706,-2.217744
test,"(134, 180)",231,1,2.0,1.0,1.0,4.682135,4.790837,-0.108703
test,"(62, 49)",36,1,40.0,9.0,0.4000000059604645,2.127667,0.987725,1.139942
test,"(32, 51)",51,1,166.0,17.0,0.2469879537820816,3.951230,2.462949,1.488281
test,"(8, 186)",266,1,783.0,44.0,0.17496807873249054,3.675570,4.004212,-0.328642
test,"(90, 92)",6,1,12.0,7.0,0.4166666567325592,5.127342,3.856125,1.271217
test,"(197, 67)",25,1,719.0,55.0,0.4186370074748993,3.748495,4.357332,-0.608837
test,"(266, 233)",83,1,72.0,1.0,1.0,5.980200,0.115108,5.865092
test,"(83, 242)",75,1,9.0,4.0,0.4444444477558136,5.608635,3.485879,2.122756
test,"(214, 69)",304,1,357.0,24.0,0.4481792747974396,8.074964,10.036611,-1.961648
test,"(62, 299)",205,1,5.0,2.0,0.6000000238418579,5.528347,0.869607,4.658740
test,"(180, 225)",11,1,160.0,18.0,0.2750000059604645,5.995802,7.485744,-1.489942
test,"(472, 72)",243,1,49.0,5.0,0.3877550959587097,2.042791,1.095960,0.946831
test,"(244, 14)",214,1,4.0,3.0,0.5,6.197813,1.262151,4.935663
test,"(419, 399)",68,1,3.0,1.0,1.0,3.700782,4.348874,-0.648093
test,"(186, 134)",173,1,1054.0,89.0,0.07020872831344604,5.237297,3.997010,1.240287
test,"(25, 228)",419,1,20.0,8.0,0.25,8.915292,1.651236,7.264056
test,"(419, 134)",504,1,172.0,45.0,0.15697674453258514,3.765903,3.292730,0.473173
test,"(202, 84)",255,1,141.0,4.0,0.9503546357154846,5.526184,0.160982,5.365202
test,"(68, 215)",81,1,420.0,45.0,0.18571428954601288,3.096849,2.510351,0.586498
test,"(176, 192)",7,1,173.0,17.0,0.4450867176055908,1.667600,0.852102,0.815498
test,"(280, 496)",13,1,8.0,1.0,1.0,0.249316,0.024665,0.224650
test,"(202, 8)",264,1,65.0,24.0,0.1538461595773697,2.871564,3.184413,-0.312849
test,"(13, 179)",190,1,507.0,15.0,0.20512820780277252,3.602873,2.270975,1.331898
test,"(35, 36)",43,1,206.0,20.0,0.3203883469104767,3.635280,1.237005,2.398274
test,"(360, 202)",264,1,196.0,17.0,0.2908163368701935,5.153049,7.442716,-2.289667
test,"(321, 36)",81,1,3.0,1.0,1.0,3.603090,0.373182,3.229908
test,"(233, 83)",82,1,117.0,15.0,0.38461539149284363,2.911691,1.050073,1.861618
test,"(84, 21)",19,1,23.0,1.0,1.0,1.986900,0.116848,1.870052
test,"(266, 65)",180,1,10.0,4.0,0.4000000059604645,3.184256,1.563021,1.621235
test,"(58, 1)",428,1,371.0,53.0,0.09164420515298843,6.658117,5.175252,1.482866
test,"(352, 134)",62,1,209.0,52.0,0.13875597715377808,3.747457,3.743745,0.003711
test,"(58, 179)",81,1,82.0,3.0,0.9146341681480408,2.565403,0.192790,2.372613
test,"(82, 84)",187,1,321.0,10.0,0.3333333432674408,3.779207,1.556526,2.222681
test,"(51, 32)",25,1,82.0,18.0,0.18292683362960815,3.958125,4.135394,-0.177270
test,"(396, 224)",183,1,4.0,4.0,0.25,4.260140,4.037410,0.222730
test,"(451, 85)",352,0,0.0,0.0,0.0,7.236055,7.304536,-0.068481
test,"(87, 208)",134,1,7.0,3.0,0.7142857313156128,4.669981,4.913762,-0.243781
test,"(182, 85)",180,1,323.0,22.0,0.16408668458461761,3.001516,3.160242,-0.158725
test,"(134, 62)",85,1,548.0,48.0,0.18248175084590912,4.024041,2.135950,1.888092
test,"(62, 67)",72,1,562.0,17.0,0.35943061113357544,2.190831,1.094300,1.096531
test,"(72, 248)",58,1,458.0,36.0,0.2925764322280884,2.782053,2.408560,0.373494
test,"(224, 311)",278,1,131.0,29.0,0.1679389327764511,3.999089,5.513213,-1.514124
test,"(81, 437)",60,1,3.0,3.0,0.3333333432674408,3.887504,2.418074,1.469430
test,"(133, 193)",311,1,587.0,35.0,0.16013628244400024,3.514883,2.555009,0.959874
test,"(82, 25)",289,1,913.0,60.0,0.1489594727754593,4.358908,3.980872,0.378037
test,"(472, 72)",243,1,49.0,5.0,0.3877550959587097,2.057312,1.096520,0.960792
test,"(179, 81)",84,1,420.0,26.0,0.37142857909202576,2.918253,1.077236,1.841017
test,"(406, 406)",406,1,447.0,6.0,0.7762863636016846,0.062313,0.225073,-0.162760
test,"(28, 134)",62,1,255.0,33.0,0.18431372940540314,3.789338,2.375777,1.413561
test,"(7, 77)",223,1,549.0,25.0,0.31147539615631104,2.172206,3.136916,-0.964710
test,"(84, 69)",8,1,178.0,10.0,0.3483146131038666,4.752949,2.049712,2.703236
test,"(62, 85)",84,1,229.0,14.0,0.34061136841773987,4.585044,3.394340,1.190705
test,"(289, 401)",58,1,338.0,29.0,0.20118343830108643,2.780465,2.219868,0.560598
test,"(77, 223)",11,1,586.0,45.0,0.12457337975502014,2.491102,2.206320,0.284782
test,"(67, 13)",354,1,128.0,31.0,0.140625,5.466444,6.165444,-0.699000
test,"(441, 180)",134,1,16.0,8.0,0.25,1.950237,1.653843,0.296395
test,"(35, 36)",49,1,206.0,20.0,0.3203883469104767,2.691474,1.723497,0.967977
test,"(173, 242)",411,1,235.0,11.0,0.8936170339584351,0.695896,0.156338,0.539559
test,"(223, 11)",337,1,131.0,32.0,0.11450381577014923,5.382366,6.906607,-1.524241
test,"(352, 134)",17,1,209.0,52.0,0.13875597715377808,2.266835,2.216420,0.050415
test,"(248, 58)",179,1,43.0,5.0,0.44186046719551086,3.679171,0.950289,2.728883
test,"(13, 340)",7,1,669.0,28.0,0.3423019349575043,2.014277,1.123087,0.891191
test,"(58, 179)",81,1,82.0,3.0,0.9146341681480408,3.172810,0.197044,2.975766
test,"(243, 67)",289,1,538.0,38.0,0.3736059367656708,6.601621,7.455382,-0.853761
test,"(67, 289)",72,1,5.0,2.0,0.800000011920929,2.043468,0.443582,1.599886
test,"(249, 413)",496,1,325.0,31.0,0.19384615123271942,9.449358,5.639780,3.809578
test,"(43, 35)",62,1,51.0,7.0,0.4117647111415863,3.031726,1.010769,2.020957
test,"(21, 19)",62,1,224.0,26.0,0.5178571343421936,3.841017,3.286329,0.554688
test,"(243, 67)",82,1,538.0,38.0,0.3736059367656708,2.648487,1.064631,1.583856
test,"(13, 340)",7,1,669.0,28.0,0.3423019349575043,1.919598,1.119022,0.800576
test,"(89, 179)",67,1,57.0,2.0,0.9122806787490845,3.990009,0.208865,3.781144
test,"(7, 378)",417,1,59.0,2.0,0.7796609997749329,7.847377,1.674586,6.172791
test,"(319, 83)",202,1,151.0,3.0,0.9271523356437683,3.993109,0.183639,3.809470
test,"(428, 86)",92,1,175.0,29.0,0.46857142448425293,6.180174,6.440574,-0.260400
test,"(72, 179)",58,1,617.0,52.0,0.15559157729148865,2.891812,1.926675,0.965137
test,"(308, 83)",180,1,332.0,18.0,0.27710843086242676,3.210223,1.705630,1.504593
test,"(17, 8)",8,1,179.0,26.0,0.11173184216022491,2.005729,2.147697,-0.141969
test,"(82, 417)",58,1,48.0,15.0,0.1875,4.159925,3.529835,0.630089
test,"(186, 289)",67,1,142.0,18.0,0.4225352108478546,7.024363,4.236625,2.787738
test,"(82, 178)",7,1,238.0,25.0,0.20168067514896393,2.585252,2.393188,0.192064
test,"(214, 7)",1,1,183.0,25.0,0.3442623019218445,2.958572,1.151183,1.807389
test,"(82, 268)",8,1,143.0,24.0,0.1678321659564972,1.490956,2.114497,-0.623541
test,"(7, 1)",134,1,720.0,89.0,0.11388888955116272,2.561580,3.024787,-0.463207
test,"(177, 13)",454,1,97.0,9.0,0.3711340129375458,6.181141,1.116415,5.064726
test,"(75, 326)",13,1,520.0,43.0,0.25,3.795245,3.751921,0.043324
test,"(180, 266)",386,1,140.0,29.0,0.24285714328289032,5.101442,1.525669,3.575773
test,"(175, 179)",81,1,125.0,13.0,0.5600000023841858,2.827391,1.848462,0.978929
test,"(84, 248)",232,1,245.0,20.0,0.31020408868789673,2.087562,1.563976,0.523586
test,"(230, 287)",79,1,1.0,1.0,1.0,1.296239,0.865146,0.431093
test,"(13, 287)",79,1,308.0,2.0,0.9545454382896423,0.868382,0.105408,0.762974
test,"(244, 13)",454,1,95.0,26.0,0.17894737422466278,6.253873,7.220350,-0.966477
test,"(179, 81)",84,1,420.0,26.0,0.37142857909202576,3.012531,1.078664,1.933866
test,"(83, 64)",175,1,563.0,40.0,0.16341030597686768,3.089154,1.880149,1.209005
test,"(214, 7)",66,1,183.0,25.0,0.3442623019218445,3.665237,4.171456,-0.506220
test,"(8, 193)",134,1,697.0,38.0,0.19368723034858704,1.724019,1.630507,0.093512
test,"(249, 223)",308,1,302.0,21.0,0.695364236831665,4.344980,3.893929,0.451051
test,"(62, 73)",82,1,112.0,2.0,0.9732142686843872,0.805533,0.085509,0.720024
test,"(375, 256)",407,1,109.0,5.0,0.40366971492767334,3.126257,1.014344,2.111913
test,"(29, 19)",92,0,0.0,0.0,0.0,3.553227,3.144725,0.408502
test,"(163, 140)",134,1,59.0,11.0,0.4237288236618042,1.762700,1.381558,0.381142
test,"(49, 40)",47,1,37.0,12.0,0.21621622145175934,5.045907,3.345719,1.700188
test,"(82, 8)",186,1,622.0,44.0,0.17845658957958221,2.110921,2.798188,-0.687267
test,"(77, 223)",6,1,586.0,45.0,0.12457337975502014,3.806372,5.897536,-2.091164
test,"(60, 25)",27,1,222.0,24.0,0.2567567527294159,5.260580,6.981706,-1.721126
test,"(34, 51)",356,1,156.0,35.0,0.19871795177459717,7.427821,6.465190,0.962631
test,"(89, 179)",67,1,57.0,2.0,0.9122806787490845,4.904007,0.210232,4.693775
test,"(13, 15)",25,1,280.0,34.0,0.1428571492433548,3.287775,4.117719,-0.829945
test,"(183, 85)",17,1,35.0,1.0,1.0,6.669798,0.126565,6.543233
test,"(17, 133)",133,1,16.0,12.0,0.1875,0.894871,1.220579,-0.325708
test,"(470, 470)",470,1,384.0,5.0,0.921875,0.010155,0.067149,-0.056994
test,"(69, 72)",87,1,604.0,5.0,0.45860928297042847,2.583029,2.283482,0.299548
test,"(230, 90)",437,1,139.0,40.0,0.26618704199790955,4.123044,3.122636,1.000408
test,"(70, 7)",69,1,209.0,25.0,0.38755980134010315,2.013452,2.273607,-0.260156
test,"(81, 223)",82,1,486.0,44.0,0.32098764181137085,3.347953,1.208947,2.139006
test,"(70, 7)",69,1,209.0,25.0,0.38755980134010315,2.041075,2.277148,-0.236072
test,"(32, 35)",32,1,103.0,11.0,0.5339806079864502,4.190658,3.487465,0.703193
test,"(191, 423)",13,1,216.0,20.0,0.25462964177131653,2.164777,1.379449,0.785328
test,"(82, 28)",462,1,147.0,36.0,0.1428571492433548,6.631027,6.051422,0.579606
test,"(437, 7)",79,1,519.0,60.0,0.09441233426332474,3.919671,2.640142,1.279529
test,"(0, 212)",151,1,6.0,4.0,0.3333333432674408,9.076851,6.420359,2.656492
test,"(128, 148)",229,1,133.0,6.0,0.6090225577354431,3.267697,0.575324,2.692373
test,"(221, 203)",212,1,1.0,1.0,1.0,2.271441,1.254017,1.017424
test,"(36, 56)",180,1,6.0,3.0,0.5,4.083018,4.397300,-0.314282
test,"(15, 13)",16,1,360.0,16.0,0.28333333134651184,4.282354,2.356134,1.926220
test,"(133, 60)",133,1,23.0,3.0,0.8260869383811951,0.900708,2.034261,-1.133553
test,"(175, 259)",186,1,32.0,11.0,0.34375,2.706366,3.769508,-1.063143
test,"(13, 179)",190,1,507.0,15.0,0.20512820780277252,4.331437,2.284727,2.046710
test,"(82, 259)",343,1,127.0,23.0,0.22834645211696625,6.419622,8.687739,-2.268117
test,"(235, 65)",13,1,31.0,6.0,0.35483869910240173,3.636458,3.139210,0.497248
test,"(259, 133)",60,1,23.0,3.0,0.8695651888847351,6.653133,3.010965,3.642168
test,"(82, 13)",64,1,1646.0,100.0,0.11907655000686646,6.833605,8.027821,-1.194216
test,"(82, 178)",82,1,238.0,25.0,0.20168067514896393,2.514528,2.795520,-0.280992
test,"(134, 60)",11,1,129.0,15.0,0.3100775182247162,2.393806,1.238143,1.155663
test,"(45, 36)",6,1,99.0,26.0,0.1818181872367859,3.923696,5.357317,-1.433620
test,"(317, 35)",33,1,13.0,4.0,0.7692307829856873,3.891339,0.434169,3.457170
test,"(46, 50)",51,1,26.0,4.0,0.692307710647583,3.410674,0.505141,2.905532
test,"(51, 62)",37,1,98.0,15.0,0.15306122601032257,5.078383,7.043521,-1.965138
test,"(199, 182)",179,1,176.0,14.0,0.6590909361839294,7.020703,9.121094,-2.100391
test,"(134, 478)",201,1,71.0,9.0,0.4647887349128723,3.118287,0.866346,2.251941
test,"(36, 62)",40,1,144.0,21.0,0.1875,2.781897,2.167212,0.614685
test,"(180, 391)",81,1,45.0,8.0,0.6000000238418579,2.509684,0.610798,1.898886
test,"(52, 51)",46,1,99.0,16.0,0.46464645862579346,2.105870,4.207740,-2.101870
test,"(2, 134)",353,1,171.0,31.0,0.1520467847585678,7.903618,3.126242,4.777377
test,"(49, 36)",36,1,257.0,34.0,0.1750972718000412,3.349743,2.233351,1.116393
test,"(14, 66)",75,1,154.0,13.0,0.41558441519737244,3.244363,2.127414,1.116949
test,"(315, 34)",344,1,15.0,3.0,0.5333333611488342,3.285866,1.522945,1.762920
test,"(82, 268)",25,1,143.0,24.0,0.1678321659564972,4.233417,2.280860,1.952556
test,"(432, 72)",76,1,254.0,8.0,0.4645669162273407,4.363595,1.752054,2.611541
test,"(76, 205)",180,1,344.0,31.0,0.151162788271904,5.856120,2.739748,3.116372
test,"(60, 11)",133,1,485.0,48.0,0.09690721333026886,3.066586,3.274434,-0.207848
test,"(189, 195)",269,1,681.0,43.0,0.30837005376815796,1.315491,1.175972,0.139519
test,"(83, 298)",403,1,365.0,7.0,0.7287670969963074,5.712823,1.970348,3.742476
test,"(79, 64)",88,1,202.0,4.0,0.48514851927757263,2.004821,0.802573,1.202247
test,"(35, 401)",13,1,148.0,28.0,0.15540540218353271,2.586841,1.791804,0.795038
test,"(14, 474)",236,1,108.0,17.0,0.25,5.622994,1.497381,4.125614
test,"(13, 354)",69,1,227.0,10.0,0.29955947399139404,2.108599,1.266037,0.842562
test,"(2, 16)",64,1,58.0,11.0,0.5344827771186829,6.280328,2.500705,3.779623
test,"(416, 328)",134,1,1.0,1.0,1.0,1.903855,2.429828,-0.525973
test,"(328, 134)",19,1,160.0,41.0,0.125,2.802766,4.745898,-1.943132
test,"(2, 441)",64,1,42.0,3.0,0.6904761791229248,5.172704,7.458528,-2.285824
test,"(64, 281)",416,0,0.0,0.0,0.0,4.556455,5.893182,-1.336727
test,"(320, 509)",25,1,130.0,14.0,0.5846154093742371,2.661252,4.040777,-1.379525
test,"(264, 278)",86,1,124.0,42.0,0.17741934955120087,6.532945,5.993813,0.539132
test,"(14, 14)",472,1,553.0,41.0,0.49005424976348877,3.420425,0.809318,2.611107
test,"(9, 134)",0,1,135.0,34.0,0.13333334028720856,4.837172,3.707782,1.129389
test,"(510, 284)",420,1,8.0,2.0,0.75,4.385674,0.519446,3.866228
test,"(32, 70)",70,1,146.0,3.0,0.9246575236320496,2.988617,0.182245,2.806372
test,"(25, 323)",313,1,966.0,13.0,0.4399586021900177,3.388553,2.960153,0.428400
test,"(249, 342)",195,1,611.0,27.0,0.23567920923233032,2.933457,1.711173,1.222284
test,"(178, 257)",359,1,27.0,5.0,0.7037037014961243,0.634751,2.775228,-2.140478
test,"(255, 13)",36,1,330.0,39.0,0.3757575750350952,4.291450,1.084569,3.206881
test,"(66, 82)",92,1,136.0,25.0,0.3602941036224365,4.155953,1.176607,2.979346
test,"(47, 78)",179,1,144.0,6.0,0.7777777910232544,4.006463,0.359814,3.646649
test,"(391, 64)",74,1,45.0,3.0,0.6666666865348816,5.482625,1.920200,3.562425
test,"(78, 66)",82,1,661.0,16.0,0.29349470138549805,3.196366,1.894568,1.301799
test,"(66, 75)",72,1,407.0,12.0,0.4004913866519928,2.109433,1.446833,0.662600
test,"(421, 284)",134,1,966.0,17.0,0.31573498249053955,1.438836,1.168540,0.270296
test,"(78, 66)",82,1,661.0,16.0,0.29349470138549805,3.340012,1.898214,1.441797
test,"(86, 86)",86,1,104.0,3.0,0.49038460850715637,3.307186,0.823229,2.483958
test,"(87, 25)",290,1,122.0,28.0,0.15573769807815552,4.506853,6.117353,-1.610500
test,"(62, 256)",445,1,528.0,12.0,0.36174243688583374,0.584371,0.961766,-0.377394
test,"(51, 321)",27,1,217.0,26.0,0.13824884593486786,3.843344,2.769319,1.074025
test,"(47, 78)",179,1,144.0,6.0,0.7777777910232544,3.640188,0.358661,3.281527
test,"(50, 273)",46,1,74.0,3.0,0.8783783912658691,1.195099,0.199722,0.995377
test,"(13, 32)",83,1,80.0,12.0,0.48750001192092896,4.318540,3.534917,0.783622
test,"(45, 46)",51,1,76.0,8.0,0.4868420958518982,2.479170,0.819734,1.659436
test,"(62, 256)",445,1,528.0,12.0,0.36174243688583374,0.610176,0.965488,-0.355312
test,"(179, 50)",66,1,9.0,3.0,0.4444444477558136,5.383789,1.098363,4.285426
test,"(183, 366)",67,1,414.0,27.0,0.49275362491607666,2.006615,0.758623,1.247992
test,"(423, 54)",205,1,2.0,1.0,1.0,0.727955,0.364503,0.363452
test,"(70, 192)",82,1,134.0,13.0,0.3283582031726837,4.354346,1.795004,2.559342
test,"(274, 25)",323,1,87.0,16.0,0.3448275923728943,0.176893,0.927965,-0.751072
test,"(34, 366)",45,1,376.0,20.0,0.292553186416626,5.522501,2.912863,2.609638
test,"(494, 54)",205,1,55.0,1.0,1.0,1.054155,0.077290,0.976865
test,"(247, 219)",359,1,175.0,26.0,0.22857142984867096,4.393471,6.663057,-2.269587
test,"(52, 471)",46,1,406.0,24.0,0.27586206793785095,0.946445,1.235033,-0.288587
test,"(67, 52)",471,1,122.0,4.0,0.811475396156311,0.221963,0.211206,0.010757
test,"(83, 359)",392,1,104.0,5.0,0.49038460850715637,1.047055,0.724426,0.322629
test,"(510, 290)",78,1,7.0,3.0,0.5714285969734192,3.021180,1.752478,1.268702
test,"(173, 274)",359,1,402.0,35.0,0.19402985274791718,1.394324,3.696484,-2.302160
test,"(301, 283)",37,1,280.0,16.0,0.30000001192092896,2.003215,1.271661,0.731553
test,"(323, 133)",92,1,35.0,1.0,1.0,1.873782,0.107950,1.765832
test,"(72, 179)",49,1,617.0,52.0,0.15559157729148865,7.183816,6.256493,0.927323
test,"(81, 244)",33,1,148.0,10.0,0.3513513505458832,5.110115,1.157599,3.952516
test,"(46, 81)",244,1,306.0,10.0,0.48366013169288635,2.563300,0.818195,1.745105
test,"(50, 273)",46,1,74.0,3.0,0.8783783912658691,1.335257,0.204567,1.130690
test,"(37, 349)",265,1,157.0,3.0,0.9808917045593262,0.536160,0.058994,0.477166
test,"(81, 34)",177,1,77.0,2.0,0.5844155550003052,3.633892,0.651954,2.981938
test,"(36, 77)",368,1,294.0,11.0,0.27210885286331177,11.839540,2.599546,9.239995
test,"(77, 72)",80,1,261.0,4.0,0.8812260627746582,1.755284,0.213029,1.542254
test,"(58, 60)",133,1,543.0,17.0,0.2688766121864319,3.015743,2.725871,0.289873
test,"(236, 68)",393,1,471.0,4.0,0.5456475615501404,2.093660,1.205632,0.888028
test,"(392, 13)",47,1,1099.0,22.0,0.3148316740989685,4.991189,3.027432,1.963757
test,"(436, 58)",60,1,193.0,1.0,1.0,0.944525,0.066118,0.878408
test,"(72, 80)",279,1,262.0,3.0,0.9694656729698181,0.576727,0.074216,0.502511
test,"(494, 32)",234,1,52.0,1.0,1.0,1.995802,4.252136,-2.256334
test,"(52, 77)",72,1,432.0,16.0,0.5416666865348816,2.155406,0.696581,1.458825
test,"(80, 279)",436,1,413.0,22.0,0.33171913027763367,0.528102,1.023596,-0.495494
test,"(60, 195)",289,1,157.0,13.0,0.19745223224163055,4.204462,2.795237,1.409225
test,"(240, 77)",68,1,69.0,4.0,0.9130434989929199,1.914136,0.186545,1.727591
test,"(54, 205)",71,1,496.0,2.0,0.6471773982048035,2.619714,1.127565,1.492150
test,"(296, 234)",32,1,326.0,8.0,0.19018404185771942,5.997321,8.287697,-2.290376
test,"(52, 77)",72,1,432.0,16.0,0.5416666865348816,2.073675,0.694603,1.379072
test,"(240, 77)",68,1,69.0,4.0,0.9130434989929199,1.914136,0.186545,1.727591
test,"(52, 77)",72,1,432.0,16.0,0.5416666865348816,1.854072,0.688438,1.165635
test,"(173, 44)",494,1,43.0,3.0,0.5581395626068115,0.368270,0.578454,-0.210184
test,"(179, 34)",366,1,6.0,3.0,0.5,0.390686,0.843113,-0.452427
test,"(27, 47)",332,1,141.0,7.0,0.7659574747085571,0.820395,0.313730,0.506665
test,"(46, 81)",34,1,306.0,10.0,0.48366013169288635,3.477852,1.480261,1.997592
test,"(471, 359)",392,1,10.0,1.0,1.0,0.366334,0.070102,0.296232
test,"(13, 47)",78,1,94.0,12.0,0.457446813583374,4.765664,1.824418,2.941246
test,"(393, 299)",52,1,139.0,14.0,0.4748201370239258,2.553702,1.286073,1.267629
test,"(13, 55)",46,1,67.0,1.0,1.0,2.001951,0.098988,1.902963
test,"(463, 82)",436,1,83.0,17.0,0.2530120611190796,2.776800,3.460154,-0.683354
test,"(133, 133)",300,1,2512.0,71.0,0.19864650070667267,1.406665,1.648505,-0.241840
test,"(178, 436)",29,1,3.0,1.0,1.0,2.953757,3.843003,-0.889246
test,"(13, 47)",78,1,94.0,12.0,0.457446813583374,4.516997,1.822929,2.694068
test,"(234, 71)",178,1,293.0,33.0,0.255972683429718,5.583720,1.471935,4.111785
test,"(71, 178)",436,1,80.0,9.0,0.75,4.470102,6.742396,-2.272294
test,"(234, 71)",178,1,293.0,33.0,0.255972683429718,5.846059,1.472313,4.373746
test,"(71, 54)",495,1,75.0,1.0,1.0,1.823967,0.095423,1.728544
test,"(289, 401)",25,1,338.0,29.0,0.20118343830108643,2.236359,1.633024,0.603335
test,"(436, 180)",189,1,109.0,3.0,0.9724770784378052,2.358449,0.128565,2.229885
test,"(179, 52)",471,1,3.0,1.0,1.0,0.813978,0.264911,0.549067
test,"(494, 44)",234,1,11.0,1.0,1.0,10.186997,0.175742,10.011255
test,"(236, 68)",393,1,471.0,4.0,0.5456475615501404,1.639341,1.182244,0.457098
test,"(494, 54)",205,1,55.0,1.0,1.0,1.103702,0.079111,1.024591
test,"(173, 274)",25,1,402.0,35.0,0.19402985274791718,2.475783,1.680230,0.795552
test,"(316, 234)",71,1,49.0,2.0,0.6938775777816772,2.919034,1.301088,1.617946
test,"(236, 68)",393,1,471.0,4.0,0.5456475615501404,2.331127,1.214367,1.116760
test,"(47, 332)",13,1,161.0,6.0,0.6832298040390015,1.137741,0.417059,0.720683
test,"(205, 296)",234,1,326.0,1.0,1.0,0.183051,0.018624,0.164427
test,"(179, 52)",471,1,3.0,1.0,1.0,1.356611,0.289392,1.067218
test,"(436, 180)",189,1,109.0,3.0,0.9724770784378052,2.189137,0.126583,2.062555
test,"(471, 54)",205,1,59.0,2.0,0.9322034120559692,0.820588,0.130977,0.689611
test,"(134, 196)",359,1,637.0,28.0,0.5023548007011414,2.969810,2.177511,0.792299
test,"(424, 82)",436,1,324.0,28.0,0.3055555522441864,1.987861,1.248431,0.739430
test,"(498, 424)",82,1,104.0,1.0,1.0,0.794081,0.060899,0.733182
test,"(323, 195)",240,1,163.0,6.0,0.25153374671936035,4.741418,6.712771,-1.971353
test,"(436, 313)",323,1,245.0,4.0,0.6000000238418579,1.210627,1.363488,-0.152861
test,"(510, 290)",78,1,7.0,3.0,0.5714285969734192,3.107601,1.754808,1.352793
test,"(183, 366)",67,1,414.0,27.0,0.49275362491607666,1.865687,0.754288,1.111399
test,"(11, 392)",13,1,72.0,1.0,1.0,0.067159,0.006582,0.060577
test,"(54, 205)",71,1,496.0,2.0,0.6471773982048035,2.557992,1.126134,1.431858
test,"(243, 67)",52,1,538.0,38.0,0.3736059367656708,2.977660,1.771793,1.205867
test,"(52, 471)",46,1,406.0,24.0,0.27586206793785095,0.981946,1.239698,-0.257752
test,"(192, 313)",323,1,65.0,3.0,0.800000011920929,0.567953,0.262645,0.305308
test,"(32, 234)",71,1,178.0,2.0,0.9382022619247437,2.834299,0.165027,2.669271
test,"(240, 173)",274,1,141.0,1.0,1.0,2.651295,0.102300,2.548994
test,"(134, 35)",192,1,676.0,36.0,0.417159765958786,1.397915,0.902389,0.495526
test,"(323, 195)",183,1,163.0,6.0,0.25153374671936035,2.941113,5.035511,-2.094399
test,"(13, 35)",192,1,156.0,10.0,0.38461539149284363,2.301339,1.535425,0.765914
test,"(424, 82)",436,1,324.0,28.0,0.3055555522441864,1.990879,1.248575,0.742303
test,"(301, 283)",37,1,280.0,16.0,0.30000001192092896,2.003409,1.271671,0.731738
test,"(234, 47)",78,1,58.0,1.0,1.0,3.954144,0.115481,3.838664
test,"(436, 133)",92,1,29.0,1.0,1.0,1.865614,0.111892,1.753722
test,"(192, 51)",423,1,65.0,5.0,0.8307692408561707,1.975589,0.283414,1.692175
test,"(417, 133)",92,1,6.0,5.0,0.3333333432674408,2.019931,2.812469,-0.792538
test,"(284, 14)",195,1,530.0,5.0,0.3849056661128998,2.688396,1.043742,1.644653
test,"(36, 215)",453,1,286.0,2.0,0.9265734553337097,0.362392,0.102152,0.260239
test,"(9, 9)",133,1,354.0,14.0,0.604519784450531,2.463786,1.470091,0.993695
test,"(51, 321)",34,1,217.0,26.0,0.13824884593486786,3.028533,5.326702,-2.298169
test,"(34, 78)",445,1,351.0,11.0,0.4216524362564087,2.484846,0.950530,1.534315
test,"(51, 321)",34,1,217.0,26.0,0.13824884593486786,3.074526,5.372488,-2.297962
test,"(202, 453)",417,1,57.0,1.0,1.0,0.248998,0.026417,0.222581
test,"(13, 315)",35,1,332.0,8.0,0.8313252925872803,5.103455,2.749026,2.354429
test,"(188, 248)",34,1,399.0,38.0,0.1654135286808014,5.317904,3.224740,2.093163
test,"(232, 82)",13,1,289.0,37.0,0.4463667869567871,2.016958,0.868386,1.148572
test,"(359, 225)",78,1,108.0,1.0,1.0,1.120142,0.075607,1.044536
test,"(13, 38)",398,1,58.0,5.0,0.8793103694915771,1.480161,0.208419,1.271741
test,"(134, 196)",359,1,637.0,28.0,0.5023548007011414,3.542162,2.197441,1.344721
test,"(13, 36)",87,1,150.0,9.0,0.8666666746139526,3.258589,0.245142,3.013447
test,"(483, 1)",60,1,11.0,1.0,1.0,3.746667,0.167163,3.579504
test,"(185, 313)",392,1,32.0,2.0,0.9375,1.287118,0.155517,1.131601
test,"(82, 359)",225,1,33.0,7.0,0.42424243688583374,2.955312,3.708359,-0.753047
test,"(341, 82)",453,1,107.0,24.0,0.29906541109085083,6.016032,7.875291,-1.859259
test,"(13, 314)",265,1,60.0,2.0,0.9666666388511658,2.450493,0.138116,2.312377
test,"(133, 133)",300,1,2512.0,71.0,0.19864650070667267,1.513944,1.661546,-0.147602
test,"(78, 242)",78,1,355.0,19.0,0.19718310236930847,2.395738,3.265326,-0.869588
test,"(232, 82)",13,1,289.0,37.0,0.4463667869567871,2.471597,0.880038,1.591559
test,"(445, 423)",13,1,191.0,6.0,0.9528796076774597,1.486368,0.124535,1.361833
test,"(77, 202)",453,1,172.0,19.0,0.33139535784721375,4.088069,1.213670,2.874399
test,"(13, 51)",294,1,590.0,12.0,0.6186440587043762,1.527162,1.310408,0.216754
test,"(421, 284)",472,1,966.0,17.0,0.31573498249053955,3.156002,3.286771,-0.130770
test,"(290, 78)",179,1,24.0,6.0,0.6666666865348816,4.174608,0.549120,3.625489
test,"(176, 81)",178,1,614.0,14.0,0.7638436555862427,1.964533,0.354081,1.610452
test,"(421, 284)",169,1,966.0,17.0,0.31573498249053955,4.003538,2.208497,1.795041
test,"(51, 71)",206,1,52.0,3.0,0.7115384340286255,3.554943,0.459980,3.094963
test,"(36, 215)",453,1,286.0,2.0,0.9265734553337097,0.243652,0.092480,0.151172
test,"(29, 313)",249,1,112.0,4.0,0.75,1.788077,0.370034,1.418043
test,"(190, 236)",255,1,448.0,39.0,0.4174107015132904,4.944136,2.845825,2.098311
test,"(214, 69)",175,1,357.0,24.0,0.4481792747974396,3.960963,0.905743,3.055220
test,"(191, 425)",360,1,511.0,43.0,0.19960860908031464,4.841216,3.278637,1.562579
test,"(67, 14)",77,1,27.0,7.0,0.6666666865348816,5.655908,0.549982,5.105926
test,"(81, 51)",71,1,41.0,2.0,0.9024389982223511,5.624528,0.227602,5.396927
test,"(34, 75)",72,1,434.0,5.0,0.8894008994102478,1.200092,2.306045,-1.105953
test,"(82, 191)",366,1,69.0,9.0,0.43478259444236755,7.160128,1.488441,5.671687
test,"(67, 420)",191,1,20.0,3.0,0.8999999761581421,3.816147,0.247761,3.568386
test,"(12, 237)",214,1,18.0,1.0,1.0,2.301879,0.132454,2.169426
test,"(213, 78)",179,1,219.0,5.0,0.3561643958091736,4.112271,1.455984,2.656287
test,"(78, 179)",54,1,235.0,42.0,0.27234041690826416,6.096982,4.721082,1.375900
test,"(84, 65)",473,1,393.0,40.0,0.24173027276992798,10.777462,2.405181,8.372281
test,"(255, 483)",13,1,109.0,8.0,0.2844036817550659,2.770656,1.339799,1.430856
test,"(417, 11)",134,1,71.0,18.0,0.43661972880363464,0.931255,0.788700,0.142555
test,"(200, 64)",76,1,224.0,4.0,0.5223214030265808,3.832190,0.882748,2.949442
test,"(179, 180)",418,1,64.0,18.0,0.234375,1.224572,1.419473,-0.194901
test,"(307, 7)",90,1,8.0,1.0,1.0,2.534840,0.188812,2.346027
test,"(44, 494)",32,1,344.0,18.0,0.15988372266292572,5.013394,1.986842,3.026553
test,"(68, 188)",248,1,364.0,10.0,0.5192307829856873,2.934052,0.750971,2.183081
test,"(189, 421)",284,1,46.0,1.0,1.0,0.122582,0.011842,0.110740
test,"(84, 471)",416,1,112.0,17.0,0.3482142984867096,7.787037,4.578444,3.208593
test,"(176, 68)",421,1,63.0,10.0,0.5079365372657776,3.483985,0.798958,2.685027
test,"(359, 392)",13,1,556.0,1.0,1.0,0.060089,0.005858,0.054231
test,"(196, 68)",194,1,533.0,32.0,0.32457786798477173,4.371168,3.478344,0.892824
test,"(179, 180)",418,1,64.0,18.0,0.234375,1.300298,1.428375,-0.128077
test,"(178, 303)",178,1,18.0,5.0,0.6666666865348816,4.670779,0.564205,4.106574
test,"(299, 63)",228,1,18.0,1.0,1.0,5.054839,0.146687,4.908152
test,"(32, 77)",67,1,154.0,9.0,0.5,3.151624,0.795770,2.355854
test,"(29, 29)",388,1,86.0,10.0,0.38372093439102173,7.520914,2.572644,4.948270
test,"(425, 249)",386,1,11.0,5.0,0.3636363744735718,2.036191,1.177129,0.859062
test,"(217, 134)",63,1,159.0,40.0,0.11320754885673523,3.956723,2.289420,1.667303
test,"(284, 207)",8,1,36.0,1.0,1.0,2.809089,0.117505,2.691585
test,"(445, 27)",51,1,2.0,1.0,1.0,2.722761,0.499059,2.223702
test,"(300, 346)",67,1,254.0,3.0,0.9448819160461426,0.555579,0.095352,0.460227
test,"(310, 279)",193,1,357.0,22.0,0.31092438101768494,6.007564,5.029041,0.978523
test,"(284, 169)",191,1,116.0,10.0,0.22413793206214905,3.513927,4.349099,-0.835172
test,"(70, 192)",51,1,134.0,13.0,0.3283582031726837,5.802777,2.983596,2.819182
test,"(67, 14)",77,1,27.0,7.0,0.6666666865348816,5.921716,0.550123,5.371592
test,"(421, 284)",134,1,966.0,17.0,0.31573498249053955,1.110479,1.139309,-0.028831
test,"(206, 84)",79,1,339.0,5.0,0.6932153105735779,2.162815,0.455372,1.707442
test,"(50, 68)",188,1,408.0,11.0,0.561274528503418,3.544320,0.679300,2.865020
test,"(6, 83)",64,1,27.0,14.0,0.18518517911434174,3.613221,2.754147,0.859075
test,"(67, 82)",134,1,587.0,63.0,0.18739353120326996,2.233028,1.714483,0.518545
test,"(64, 74)",68,1,151.0,25.0,0.4039735198020935,0.977841,0.867791,0.110050
test,"(290, 78)",179,1,24.0,6.0,0.6666666865348816,4.022378,0.548682,3.473697
test,"(39, 64)",85,1,15.0,2.0,0.9333333373069763,3.431085,0.218538,3.212547
test,"(85, 217)",53,1,112.0,15.0,0.1964285671710968,6.662390,3.635760,3.026629
test,"(243, 67)",82,1,538.0,38.0,0.3736059367656708,2.378606,1.058294,1.320312
test,"(325, 469)",249,1,17.0,8.0,0.23529411852359772,3.125840,1.668726,1.457114
test,"(68, 345)",325,1,48.0,9.0,0.2916666567325592,11.112973,2.792557,8.320416
test,"(67, 82)",392,1,587.0,63.0,0.18739353120326996,7.128311,2.832575,4.295736
test,"(472, 72)",243,1,49.0,5.0,0.3877550959587097,1.394916,1.061209,0.333707
test,"(134, 33)",88,1,333.0,50.0,0.12912912666797638,1.000177,2.112246,-1.112069
test,"(436, 36)",81,1,53.0,3.0,0.4716981053352356,3.147975,2.046055,1.101920
test,"(79, 33)",88,1,87.0,2.0,0.5517241358757019,1.112142,0.643671,0.468471
test,"(81, 81)",178,1,233.0,3.0,0.9871244430541992,2.901302,0.114490,2.786812
test,"(327, 12)",73,1,19.0,4.0,0.7368420958518982,4.816795,2.811108,2.005687
test,"(13, 51)",294,1,590.0,12.0,0.6186440587043762,0.998697,1.255860,-0.257163
test,"(13, 36)",87,1,150.0,9.0,0.8666666746139526,2.607210,0.240642,2.366568
test,"(47, 332)",62,1,161.0,6.0,0.6832298040390015,3.696447,2.050814,1.645633
test,"(76, 205)",46,1,344.0,31.0,0.151162788271904,3.110538,1.969826,1.140712
test,"(417, 29)",180,1,273.0,10.0,0.27838829159736633,2.775208,1.536163,1.239045
test,"(417, 27)",36,1,105.0,1.0,1.0,1.734457,0.092121,1.642336
test,"(275, 69)",349,1,8.0,1.0,1.0,3.364712,0.196772,3.167940
test,"(134, 300)",68,1,475.0,11.0,0.39157894253730774,3.916590,3.723075,0.193515
test,"(483, 16)",313,1,8.0,3.0,0.5,7.189567,1.004501,6.185065
test,"(27, 51)",49,1,219.0,14.0,0.21004566550254822,4.514225,3.043442,1.470783
test,"(51, 49)",255,1,39.0,11.0,0.3076923191547394,2.818189,1.252339,1.565850
test,"(255, 483)",16,1,109.0,8.0,0.2844036817550659,9.791681,2.807915,6.983766
test,"(74, 68)",27,1,717.0,37.0,0.651324987411499,7.016270,5.005934,2.010335
test,"(214, 69)",175,1,357.0,24.0,0.4481792747974396,4.450899,0.907569,3.543330
test,"(255, 483)",29,1,109.0,8.0,0.2844036817550659,6.603100,3.605202,2.997898
test,"(230, 268)",291,1,4.0,1.0,1.0,2.933225,0.263109,2.670116
test,"(72, 243)",67,1,527.0,1.0,1.0,1.200710,0.073533,1.127177
test,"(67, 318)",69,1,103.0,5.0,0.5048543810844421,1.588854,1.153178,0.435676
test,"(243, 67)",82,1,538.0,38.0,0.3736059367656708,2.799193,1.067505,1.731688
test,"(134, 50)",68,1,625.0,63.0,0.12960000336170197,1.625002,2.015492,-0.390490
test,"(453, 417)",29,1,578.0,9.0,0.47058823704719543,0.809549,0.755609,0.053941
test,"(87, 346)",82,1,134.0,3.0,0.9477611780166626,1.394614,0.130652,1.263962
test,"(248, 266)",79,1,25.0,1.0,1.0,3.684830,0.131141,3.553689
test,"(455, 298)",194,1,188.0,8.0,0.6702127456665039,5.571769,1.440017,4.131753
test,"(205, 266)",79,1,31.0,5.0,0.8387096524238586,3.904792,0.299125,3.605668
test,"(334, 76)",205,1,27.0,3.0,0.9259259104728699,3.715909,0.205077,3.510833
test,"(86, 13)",79,1,113.0,18.0,0.4336283206939697,3.204316,0.934058,2.270258
test,"(82, 14)",256,1,550.0,57.0,0.1581818163394928,3.394680,1.922782,1.471898
test,"(179, 82)",367,1,70.0,22.0,0.1428571492433548,5.361615,6.796822,-1.435207
test,"(358, 83)",83,1,88.0,2.0,0.9545454382896423,3.746269,0.157725,3.588544
test,"(194, 72)",81,1,421.0,10.0,0.4275534451007843,4.083547,1.470045,2.613502
test,"(179, 50)",68,1,9.0,3.0,0.4444444477558136,1.449237,2.652928,-1.203691
test,"(248, 27)",36,1,29.0,2.0,0.7931034564971924,1.978272,0.342556,1.635716
test,"(75, 84)",214,1,283.0,7.0,0.5053003430366516,2.579795,0.775856,1.803939
test,"(83, 83)",79,1,202.0,8.0,0.7623762488365173,7.587640,0.380832,7.206807
test,"(13, 72)",78,1,168.0,7.0,0.5833333134651184,2.739459,1.106948,1.632511
test,"(332, 12)",66,1,51.0,1.0,1.0,3.956164,0.117759,3.838404
test,"(78, 66)",82,1,661.0,16.0,0.29349470138549805,3.241686,1.895774,1.345912
test,"(14, 354)",330,1,69.0,5.0,0.7101449370384216,3.601650,0.455802,3.145848
test,"(175, 424)",134,1,57.0,7.0,0.28070175647735596,2.377537,1.367346,1.010190
test,"(82, 14)",79,1,550.0,57.0,0.1581818163394928,3.296006,2.184281,1.111725
test,"(200, 37)",72,1,69.0,1.0,1.0,0.510374,0.048180,0.462193
test,"(392, 13)",47,1,1099.0,22.0,0.3148316740989685,6.137984,3.037054,3.100930
test,"(72, 243)",67,1,527.0,1.0,1.0,0.978667,0.065511,0.913157
test,"(290, 78)",179,1,24.0,6.0,0.6666666865348816,3.343895,0.545676,2.798219
test,"(336, 194)",398,1,93.0,5.0,0.7634408473968506,1.468314,0.349641,1.118673
test,"(392, 13)",47,1,1099.0,22.0,0.3148316740989685,5.944415,3.036093,2.908322
test,"(72, 327)",14,1,275.0,34.0,0.18909090757369995,3.232190,1.745398,1.486792
test,"(35, 68)",265,1,359.0,14.0,0.37883007526397705,7.114955,3.564486,3.550469
test,"(68, 265)",76,1,12.0,1.0,1.0,6.900832,0.168962,6.731870
test,"(134, 295)",33,1,151.0,16.0,0.5231788158416748,3.453282,2.204917,1.248365
test,"(78, 179)",82,1,235.0,42.0,0.27234041690826416,3.346426,4.608724,-1.262298
test,"(9, 9)",421,1,354.0,14.0,0.604519784450531,0.255557,0.470921,-0.215364
test,"(290, 64)",70,1,29.0,4.0,0.5517241358757019,1.342456,0.675238,0.667217
test,"(47, 78)",179,1,144.0,6.0,0.7777777910232544,3.766431,0.359106,3.407325
test,"(67, 82)",134,1,587.0,63.0,0.18739353120326996,2.264050,1.716304,0.547746
test,"(180, 134)",81,1,1339.0,86.0,0.08513816446065903,3.298598,2.550133,0.748465
test,"(302, 9)",9,1,266.0,2.0,0.9962406158447266,0.364810,0.035597,0.329212
test,"(72, 243)",67,1,527.0,1.0,1.0,1.136467,0.071385,1.065082
test,"(66, 75)",84,1,407.0,12.0,0.4004913866519928,3.142222,1.011177,2.131045
test,"(336, 183)",366,1,31.0,7.0,0.5806451439857483,2.692209,0.645356,2.046853
test,"(27, 47)",332,1,141.0,7.0,0.7659574747085571,0.747976,0.309215,0.438761
test,"(401, 408)",67,1,8.0,1.0,1.0,5.128496,0.200660,4.927837
test,"(9, 9)",421,1,354.0,14.0,0.604519784450531,0.554035,0.503451,0.050584
test,"(314, 66)",75,1,33.0,1.0,1.0,2.693797,0.119580,2.574218
test,"(346, 67)",82,1,245.0,4.0,0.7428571581840515,2.482903,0.393323,2.089580
test,"(302, 9)",9,1,266.0,2.0,0.9962406158447266,0.382555,0.036864,0.345691
test,"(472, 349)",265,1,34.0,1.0,1.0,1.068941,0.079830,0.989111
test,"(236, 290)",78,1,1.0,1.0,1.0,3.524235,3.861182,-0.336948
test,"(78, 179)",54,1,235.0,42.0,0.27234041690826416,5.149426,4.681960,0.467466
test,"(188, 248)",266,1,399.0,38.0,0.1654135286808014,6.225704,2.892991,3.332713
test,"(13, 47)",78,1,94.0,12.0,0.457446813583374,5.053730,1.825741,3.227989
test,"(66, 75)",84,1,407.0,12.0,0.4004913866519928,3.361855,1.013521,2.348334
test,"(69, 64)",483,1,402.0,9.0,0.8482587337493896,1.580754,0.244345,1.336409
test,"(248, 27)",36,1,29.0,2.0,0.7931034564971924,2.129923,0.345301,1.784622
test,"(46, 76)",205,1,110.0,1.0,1.0,2.230433,0.099904,2.130529
test,"(308, 66)",75,1,53.0,2.0,0.8867924809455872,3.877401,0.237401,3.640001
test,"(78, 179)",336,1,235.0,42.0,0.27234041690826416,5.735009,7.730284,-1.995275
test,"(200, 70)",84,1,144.0,7.0,0.4305555522441864,4.965862,2.275859,2.690003
test,"(392, 13)",47,1,1099.0,22.0,0.3148316740989685,5.999473,3.036385,2.963088
test,"(300, 482)",510,1,629.0,19.0,0.37201908230781555,0.941287,0.970845,-0.029558
test,"(50, 68)",188,1,408.0,11.0,0.561274528503418,3.174588,0.676754,2.497834
test,"(133, 284)",14,1,164.0,9.0,0.37804877758026123,0.407664,0.927085,-0.519421
test,"(284, 14)",133,1,530.0,5.0,0.3849056661128998,2.299322,2.006297,0.293025
test,"(386, 65)",176,1,282.0,2.0,0.9964538812637329,1.616489,0.089367,1.527122
test,"(453, 417)",27,1,578.0,9.0,0.47058823704719543,2.737378,1.772566,0.964812
test,"(445, 423)",13,1,191.0,6.0,0.9528796076774597,1.541567,0.125912,1.415655
test,"(69, 64)",483,1,402.0,9.0,0.8482587337493896,1.426099,0.239959,1.186140
test,"(66, 455)",298,1,56.0,1.0,1.0,1.467168,0.090350,1.376818
test,"(11, 320)",288,1,137.0,18.0,0.2846715450286865,2.468650,1.320742,1.147908
test,"(320, 495)",359,1,273.0,7.0,0.831501841545105,4.017488,2.887050,1.130438
test,"(76, 341)",54,1,46.0,18.0,0.21739129722118378,5.715330,7.834133,-2.118804
test,"(13, 34)",78,1,86.0,14.0,0.20930232107639313,2.976788,3.062413,-0.085625
test,"(298, 194)",72,1,52.0,1.0,1.0,1.109689,0.082007,1.027682
test,"(9, 9)",421,1,354.0,14.0,0.604519784450531,0.536454,0.501766,0.034688
test,"(421, 284)",14,1,966.0,17.0,0.31573498249053955,1.654634,1.571151,0.083484
test,"(75, 84)",214,1,283.0,7.0,0.5053003430366516,2.537745,0.775149,1.762596
test,"(379, 65)",322,1,244.0,1.0,1.0,3.703675,0.105573,3.598101
test,"(134, 44)",175,1,500.0,37.0,0.21799999475479126,5.244082,3.657779,1.586303
test,"(134, 44)",64,1,500.0,37.0,0.21799999475479126,4.556973,3.331883,1.225090
test,"(76, 410)",17,1,39.0,4.0,0.6666666865348816,7.534809,3.540572,3.994237
test,"(76, 410)",54,1,39.0,4.0,0.6666666865348816,4.424119,0.534753,3.889366
test,"(358, 280)",188,1,279.0,2.0,0.9713261723518372,0.416111,0.062456,0.353655
test,"(189, 320)",25,1,1.0,1.0,1.0,5.803573,7.470143,-1.666570
test,"(386, 65)",176,1,282.0,2.0,0.9964538812637329,1.526345,0.087320,1.439025
test,"(183, 344)",82,1,224.0,23.0,0.2455357164144516,0.755086,1.267576,-0.512490
test,"(208, 253)",272,1,1496.0,16.0,0.8041443824768066,0.133060,0.206027,-0.072966
test,"(426, 232)",12,1,538.0,30.0,0.7342007160186768,0.283150,0.298188,-0.015038
test,"(199, 65)",70,1,260.0,15.0,0.642307698726654,1.602045,0.512135,1.089909
test,"(75, 322)",267,1,293.0,7.0,0.6621160507202148,1.784535,0.490300,1.294236
test,"(289, 241)",424,1,104.0,2.0,0.9711538553237915,3.747305,0.138373,3.608932
test,"(253, 272)",252,1,1204.0,2.0,0.9493355751037598,0.060296,0.052326,0.007970
test,"(272, 252)",69,1,2224.0,26.0,0.254046767950058,1.177320,1.506871,-0.329551
test,"(92, 302)",29,1,233.0,3.0,0.9871244430541992,0.256679,0.034785,0.221894
test,"(354, 83)",206,1,98.0,7.0,0.43877550959587097,6.436617,1.784292,4.652325
test,"(75, 33)",447,1,1.0,1.0,1.0,3.273376,3.393313,-0.119937
test,"(76, 339)",299,1,87.0,3.0,0.8620689511299133,1.955004,0.232029,1.722975
test,"(473, 12)",15,1,46.0,7.0,0.8478260636329651,3.759099,0.283949,3.475150
test,"(252, 79)",64,1,133.0,7.0,0.8646616339683533,3.701380,5.313446,-1.612066
test,"(282, 90)",134,1,219.0,22.0,0.1780821979045868,3.015929,2.679247,0.336682
test,"(232, 13)",88,1,87.0,28.0,0.36781609058380127,8.359262,5.890729,2.468533
test,"(207, 92)",245,1,286.0,17.0,0.35664334893226624,3.559124,3.167705,0.391420
test,"(175, 13)",71,1,61.0,19.0,0.19672131538391113,3.946854,1.774990,2.171864
test,"(426, 232)",25,1,538.0,30.0,0.7342007160186768,2.388155,2.368672,0.019482
test,"(428, 70)",39,1,21.0,7.0,0.5714285969734192,8.040664,4.531547,3.509117
test,"(45, 50)",36,1,88.0,19.0,0.35227271914482117,1.698367,1.088655,0.609712
test,"(183, 78)",242,1,442.0,11.0,0.44570136070251465,2.733472,0.899651,1.833821
test,"(75, 175)",299,1,104.0,5.0,0.6057692170143127,2.147784,2.467355,-0.319571
test,"(134, 280)",303,1,250.0,41.0,0.21199999749660492,5.471884,3.006237,2.465648
test,"(88, 84)",185,1,33.0,2.0,0.939393937587738,6.741685,0.192017,6.549668
test,"(432, 185)",70,1,10.0,1.0,1.0,1.821350,0.162463,1.658887
test,"(199, 345)",83,0,0.0,0.0,0.0,3.004604,3.283048,-0.278444
test,"(85, 438)",84,1,33.0,9.0,0.5151515007019043,3.947901,4.728942,-0.781041
test,"(196, 87)",11,1,359.0,31.0,0.17270195484161377,3.680052,2.112174,1.567878
test,"(62, 84)",85,1,25.0,7.0,0.3199999928474426,3.739556,4.472695,-0.733139
test,"(84, 182)",62,1,173.0,39.0,0.24277456104755402,3.359269,1.513947,1.845322
test,"(298, 255)",25,1,76.0,17.0,0.21052631735801697,3.429816,2.690231,0.739585
test,"(66, 66)",255,1,155.0,5.0,0.8645161390304565,4.740306,0.254058,4.486248
test,"(188, 50)",68,1,129.0,9.0,0.3333333432674408,2.304946,2.234771,0.070175
test,"(50, 68)",190,1,408.0,11.0,0.561274528503418,5.700383,5.749203,-0.048820
test,"(323, 8)",189,1,135.0,5.0,0.5333333611488342,1.773564,0.896895,0.876669
test,"(66, 183)",185,1,32.0,6.0,0.53125,5.957776,2.362436,3.595340
test,"(482, 271)",134,1,66.0,5.0,0.6212121248245239,2.527548,0.539643,1.987904
test,"(382, 11)",213,1,51.0,16.0,0.29411765933036804,3.774524,4.894707,-1.120183
test,"(396, 207)",26,1,21.0,4.0,0.3333333432674408,0.984429,1.664923,-0.680494
test,"(491, 367)",391,0,0.0,0.0,0.0,4.999941,6.015996,-1.016055
test,"(134, 54)",68,1,227.0,24.0,0.27753305435180664,2.400671,1.391035,1.009636
test,"(32, 134)",314,1,9.0,5.0,0.4444444477558136,4.448494,5.792926,-1.344432
test,"(14, 134)",50,1,463.0,54.0,0.09935205429792404,3.313808,2.877605,0.436204
test,"(189, 186)",310,1,766.0,36.0,0.20757180452346802,4.230671,3.108985,1.121686
test,"(189, 224)",302,1,306.0,35.0,0.1339869350194931,5.040057,3.203722,1.836335
test,"(224, 302)",14,1,57.0,2.0,0.6140350699424744,0.738222,0.515102,0.223120
test,"(230, 176)",81,1,87.0,1.0,1.0,2.577577,0.104377,2.473200
test,"(7, 90)",134,1,702.0,49.0,0.15099714696407318,3.032399,2.457555,0.574844
test,"(200, 83)",14,1,634.0,65.0,0.25867506861686707,6.340714,5.670594,0.670121
test,"(186, 269)",213,1,399.0,37.0,0.2030075192451477,2.582598,3.549121,-0.966523
test,"(7, 90)",320,1,702.0,49.0,0.15099714696407318,3.986237,1.965679,2.020558
test,"(81, 178)",25,1,699.0,49.0,0.23032903671264648,3.411641,1.845746,1.565895
test,"(25, 199)",32,1,2122.0,114.0,0.12205466628074646,5.226732,4.200779,1.025953
test,"(382, 20)",207,1,38.0,19.0,0.21052631735801697,7.476201,8.139186,-0.662986
test,"(13, 247)",87,1,282.0,4.0,0.7482269406318665,1.963196,1.808696,0.154500
test,"(74, 14)",256,1,4.0,3.0,0.5,3.803193,4.227289,-0.424096
test,"(219, 177)",13,1,24.0,7.0,0.4166666567325592,3.101923,4.423530,-1.321608
test,"(178, 74)",36,1,86.0,16.0,0.27906978130340576,5.432626,7.346392,-1.913766
test,"(71, 299)",134,1,127.0,27.0,0.14960630238056183,3.525990,5.127329,-1.601340
test,"(82, 25)",134,1,913.0,60.0,0.1489594727754593,1.905912,1.869961,0.035951
test,"(190, 82)",25,1,274.0,33.0,0.19708029925823212,2.379365,2.714271,-0.334905
test,"(54, 178)",74,1,7.0,2.0,0.5714285969734192,7.960383,0.864835,7.095549
test,"(396, 507)",224,1,9.0,2.0,0.8888888955116272,2.474711,3.784474,-1.309763
test,"(182, 341)",25,1,9.0,3.0,0.6666666865348816,3.597822,5.338278,-1.740456
test,"(74, 51)",321,0,0.0,0.0,0.0,3.030596,3.104186,-0.073590
test,"(46, 45)",13,1,245.0,41.0,0.22040815651416779,4.937325,1.611624,3.325702
test,"(13, 179)",283,1,507.0,15.0,0.20512820780277252,3.398543,2.705702,0.692841
test,"(13, 448)",179,1,75.0,5.0,0.7200000286102295,2.725933,0.429640,2.296293
test,"(77, 312)",77,1,287.0,12.0,0.5365853905677795,1.713809,2.157101,-0.443292
test,"(11, 224)",266,1,449.0,41.0,0.20935411751270294,3.986039,3.520800,0.465239
test,"(14, 25)",72,1,16.0,3.0,0.8125,7.711675,8.497874,-0.786199
test,"(76, 51)",321,1,4.0,2.0,0.5,2.985086,3.908747,-0.923661
test,"(257, 25)",231,1,569.0,23.0,0.6063268780708313,4.700874,4.861947,-0.161073
test,"(25, 134)",18,1,1784.0,97.0,0.08464125543832779,5.536576,4.842882,0.693694
test,"(213, 235)",66,1,15.0,4.0,0.46666666865348816,2.643831,4.283735,-1.639904
test,"(386, 65)",176,1,282.0,2.0,0.9964538812637329,1.982262,0.096041,1.886221
test,"(230, 72)",173,1,29.0,10.0,0.37931033968925476,4.906950,1.126358,3.780592
test,"(480, 267)",471,0,0.0,0.0,0.0,1.426309,1.013592,0.412717
test,"(267, 471)",67,1,305.0,38.0,0.24590164422988892,1.193829,1.334682,-0.140852
test,"(13, 467)",13,1,182.0,11.0,0.5,1.682979,2.918810,-1.235831
test,"(13, 75)",477,1,231.0,12.0,0.523809552192688,2.982435,0.745347,2.237088
test,"(289, 64)",88,1,23.0,2.0,0.8260869383811951,2.247426,0.313472,1.933954
test,"(11, 183)",75,1,302.0,42.0,0.1192052960395813,4.227370,5.562630,-1.335260
test,"(193, 207)",186,1,441.0,20.0,0.27210885286331177,3.019630,2.361143,0.658487
test,"(34, 75)",64,1,434.0,5.0,0.8894008994102478,3.442262,4.809018,-1.366757
test,"(218, 133)",92,1,665.0,16.0,0.2586466073989868,3.146731,1.660475,1.486256
test,"(67, 64)",349,1,102.0,11.0,0.7549019455909729,3.109891,3.665979,-0.556088
test,"(72, 76)",259,1,456.0,30.0,0.18640351295471191,5.516893,7.311564,-1.794671
test,"(196, 25)",231,1,489.0,31.0,0.3108384311199188,5.039979,4.991914,0.048065
test,"(179, 7)",90,1,107.0,30.0,0.20560747385025024,2.581687,3.578276,-0.996589
test,"(508, 257)",25,1,93.0,10.0,0.301075279712677,1.527090,1.203043,0.324048
test,"(65, 176)",11,1,369.0,35.0,0.2899729013442993,4.094669,3.043883,1.050786
test,"(15, 11)",213,1,337.0,53.0,0.22255192697048187,3.668501,4.104152,-0.435651
test,"(207, 218)",343,1,625.0,13.0,0.2671999931335449,1.635647,2.395149,-0.759502
test,"(82, 13)",184,1,1646.0,100.0,0.11907655000686646,5.531431,5.647542,-0.116111
test,"(221, 260)",351,1,117.0,26.0,0.1538461595773697,3.227154,2.700323,0.526830
test,"(254, 120)",201,1,260.0,30.0,0.18076923489570618,3.800236,3.225226,0.575010
test,"(134, 229)",251,1,252.0,12.0,0.3571428656578064,3.659561,2.615637,1.043924
test,"(224, 266)",79,1,83.0,25.0,0.1204819306731224,3.332024,4.005655,-0.673630
test,"(117, 134)",476,1,154.0,24.0,0.1753246784210205,6.488962,4.889223,1.599739
test,"(414, 502)",238,1,5.0,4.0,0.4000000059604645,5.634827,2.508086,3.126741
test,"(226, 13)",6,1,35.0,16.0,0.22857142984867096,5.924025,6.622543,-0.698519
test,"(238, 203)",478,1,236.0,31.0,0.26271185278892517,3.551322,1.417578,2.133743
test,"(25, 199)",127,1,2122.0,114.0,0.12205466628074646,1.015988,1.899871,-0.883883
test,"(226, 497)",251,1,34.0,8.0,0.2647058963775635,2.092835,1.616519,0.476317
test,"(116, 238)",229,1,23.0,6.0,0.3478260934352875,4.491323,1.742937,2.748385
test,"(96, 127)",110,1,26.0,13.0,0.23076923191547394,2.305405,2.133121,0.172284
test,"(112, 254)",120,1,83.0,6.0,0.3012048304080963,2.221139,2.157787,0.063353
test,"(117, 229)",221,1,64.0,5.0,0.609375,2.730705,0.601343,2.129362
test,"(226, 414)",127,1,286.0,38.0,0.19930070638656616,3.709906,3.023199,0.686706
test,"(264, 258)",298,1,17.0,5.0,0.6470588445663452,3.970870,6.249435,-2.278565
test,"(127, 155)",254,1,84.0,22.0,0.1666666716337204,3.978228,1.957493,2.020735
test,"(226, 226)",212,1,101.0,21.0,0.2574257552623749,2.698484,1.423123,1.275361
test,"(492, 229)",254,1,42.0,19.0,0.3333333432674408,2.616366,2.244823,0.371543
test,"(507, 264)",375,1,18.0,8.0,0.2222222238779068,5.344470,6.110034,-0.765564
test,"(82, 66)",25,1,525.0,23.0,0.46095237135887146,4.188506,3.713424,0.475082
test,"(119, 285)",120,1,4.0,3.0,0.5,2.438986,2.326031,0.112955
test,"(6, 507)",264,1,128.0,11.0,0.34375,4.041148,3.650718,0.390431
test,"(212, 110)",285,1,507.0,33.0,0.15976330637931824,3.561660,2.794081,0.767579
test,"(11, 134)",229,1,2212.0,121.0,0.059222422540187836,2.679435,4.722563,-2.043128
test,"(98, 251)",476,1,1.0,1.0,1.0,4.049178,1.374650,2.674528
test,"(152, 409)",478,1,1.0,1.0,1.0,5.457684,1.477468,3.980215
test,"(13, 6)",507,1,75.0,13.0,0.5199999809265137,3.247296,4.895600,-1.648305
test,"(338, 120)",201,1,246.0,33.0,0.1991869956254959,3.070726,2.652514,0.418212
test,"(251, 260)",226,1,31.0,7.0,0.5161290168762207,2.320758,0.775377,1.545381
test,"(72, 25)",189,1,34.0,10.0,0.38235294818878174,3.453608,4.289215,-0.835608
test,"(127, 163)",203,1,79.0,11.0,0.40506330132484436,4.204932,1.926451,2.278481
test,"(127, 159)",260,1,160.0,18.0,0.643750011920929,5.383075,4.087726,1.295349
test,"(212, 100)",338,1,18.0,4.0,0.3333333432674408,5.079587,7.329203,-2.249616
test,"(221, 212)",110,1,368.0,17.0,0.24184782803058624,2.521811,2.023457,0.498354
test,"(416, 224)",336,1,42.0,7.0,0.3333333432674408,4.647558,6.040297,-1.392738
test,"(260, 238)",201,1,34.0,8.0,0.47058823704719543,2.442522,3.494693,-1.052171
test,"(226, 416)",224,1,17.0,5.0,0.3529411852359772,4.894993,4.716255,0.178737
test,"(212, 112)",444,1,371.0,14.0,0.2533692717552185,2.155704,1.427775,0.727929
test,"(193, 194)",78,1,135.0,18.0,0.24444444477558136,3.482996,4.844306,-1.361310
test,"(1, 193)",507,1,191.0,33.0,0.12041884660720825,4.838038,6.010260,-1.172222
test,"(203, 251)",226,1,408.0,33.0,0.18382352590560913,2.720522,1.906315,0.814207
test,"(120, 212)",118,1,96.0,15.0,0.2291666716337204,2.020740,1.495970,0.524770
test,"(188, 25)",278,1,233.0,23.0,0.2446351945400238,5.579661,4.063039,1.516623
test,"(127, 166)",251,1,180.0,11.0,0.23888888955116272,4.104149,1.524020,2.580129
test,"(500, 238)",201,1,94.0,7.0,0.39361703395843506,2.311515,3.318264,-1.006749
test,"(203, 134)",203,1,195.0,27.0,0.20000000298023224,2.807395,2.691665,0.115731
test,"(285, 109)",203,1,130.0,9.0,0.4307692348957062,2.286827,0.923449,1.363378
test,"(254, 120)",201,1,260.0,30.0,0.18076923489570618,3.674539,3.217718,0.456821
test,"(128, 141)",226,1,238.0,18.0,0.5630252361297607,1.805809,0.618578,1.187232
test,"(112, 444)",414,1,105.0,5.0,0.8761904835700989,1.794082,0.218208,1.575874
test,"(212, 116)",127,1,363.0,20.0,0.25068870186805725,1.125220,1.329404,-0.204184
test,"(128, 140)",134,1,393.0,42.0,0.19083969295024872,2.938460,2.133112,0.805348
test,"(221, 497)",251,1,92.0,9.0,0.28260868787765503,1.532477,1.243858,0.288619
test,"(134, 365)",478,1,225.0,15.0,0.46666666865348816,3.600564,3.420246,0.180318
test,"(203, 128)",139,1,160.0,8.0,0.5,2.026131,1.903225,0.122907
test,"(139, 376)",119,1,91.0,3.0,0.6703296899795532,2.096209,0.493275,1.602933
test,"(247, 349)",212,1,269.0,26.0,0.28624534606933594,7.679006,4.866531,2.812475
test,"(212, 115)",285,1,287.0,7.0,0.7142857313156128,2.349660,0.425207,1.924453
test,"(376, 115)",226,1,91.0,13.0,0.3076923191547394,2.381189,1.993387,0.387802
test,"(224, 375)",76,1,23.0,6.0,0.3913043439388275,3.355001,5.416693,-2.061692
test,"(127, 110)",351,1,475.0,31.0,0.18526315689086914,4.440621,4.471649,-0.031028
test,"(25, 134)",23,1,1784.0,97.0,0.08464125543832779,5.038664,6.533192,-1.494528
test,"(123, 251)",285,1,155.0,9.0,0.4000000059604645,2.817842,1.220272,1.597571
test,"(110, 444)",492,1,108.0,8.0,0.4444444477558136,3.267059,0.913403,2.353656
test,"(8, 59)",77,1,19.0,3.0,0.42105263471603394,1.079754,1.729804,-0.650049
test,"(159, 13)",134,1,1.0,1.0,1.0,3.562378,4.867986,-1.305608
test,"(135, 155)",497,1,297.0,32.0,0.35353535413742065,3.713304,3.258095,0.455209
test,"(478, 226)",59,1,55.0,16.0,0.20000000298023224,4.883107,7.066363,-2.183256
test,"(143, 376)",117,1,65.0,4.0,0.8769230842590332,1.847457,2.540464,-0.693007
test,"(251, 409)",229,1,131.0,18.0,0.4351145029067993,3.396859,0.923435,2.473424
test,"(159, 25)",134,1,1.0,1.0,1.0,2.201680,1.119634,1.082045
test,"(12, 127)",117,1,56.0,13.0,0.2321428507566452,3.028848,4.189380,-1.160532
test,"(166, 203)",238,1,29.0,7.0,0.6896551847457886,2.027587,3.425554,-1.397967
test,"(285, 112)",251,1,178.0,22.0,0.567415714263916,4.246997,2.653035,1.593962
test,"(13, 416)",264,1,50.0,7.0,0.6399999856948853,4.925884,0.565021,4.360864
test,"(229, 497)",251,1,28.0,8.0,0.3571428656578064,2.187900,1.005249,1.182651
test,"(260, 226)",414,1,101.0,12.0,0.2574257552623749,2.423616,1.880439,0.543177
test,"(444, 221)",382,1,20.0,8.0,0.30000001192092896,8.900591,8.199693,0.700898
test,"(68, 25)",278,1,311.0,27.0,0.39228296279907227,4.364930,6.421645,-2.056715
test,"(201, 13)",212,1,37.0,13.0,0.3513513505458832,2.869215,1.187109,1.682106
test,"(203, 238)",127,1,311.0,37.0,0.2668810188770294,4.149004,3.529622,0.619382
test,"(226, 414)",134,1,286.0,38.0,0.19930070638656616,2.122561,1.793120,0.329441
test,"(118, 251)",409,1,62.0,7.0,0.4193548262119293,3.069761,0.982120,2.087641
test,"(110, 251)",338,1,41.0,3.0,0.6341463327407837,2.896860,0.572735,2.324125
test,"(414, 60)",124,0,0.0,0.0,0.0,7.802470,9.789228,-1.986758
test,"(278, 131)",166,1,29.0,1.0,1.0,0.164872,0.015385,0.149487
test,"(212, 110)",134,1,507.0,33.0,0.15976330637931824,5.383586,1.929253,3.454333
test,"(502, 365)",229,1,16.0,8.0,0.25,3.193124,2.307593,0.885532
test,"(153, 212)",159,1,14.0,11.0,0.2857142984867096,5.657228,5.055156,0.602072
test,"(120, 201)",229,1,101.0,16.0,0.2871287167072296,1.900388,1.230819,0.669569
test,"(110, 221)",251,1,175.0,11.0,0.6571428775787354,2.022383,0.493726,1.528656
test,"(120, 127)",123,1,82.0,5.0,0.5609756112098694,2.872262,0.681333,2.190928
test,"(109, 376)",119,1,9.0,1.0,1.0,2.473196,4.092634,-1.619438
test,"(226, 238)",127,1,257.0,34.0,0.1595330685377121,4.417276,3.097021,1.320256
test,"(69, 231)",66,1,22.0,9.0,0.3636363744735718,4.496302,1.953766,2.542535
test,"(176, 416)",264,1,3.0,2.0,0.6666666865348816,5.269525,3.692531,1.576994
test,"(205, 71)",358,1,441.0,52.0,0.17006802558898926,8.122697,5.365966,2.756731
test,"(75, 293)",178,1,264.0,3.0,0.9848484992980957,5.872729,8.170541,-2.297812
test,"(66, 25)",278,1,46.0,13.0,0.32608696818351746,5.175970,6.366123,-1.190154
test,"(314, 173)",70,1,30.0,1.0,1.0,5.086759,0.129638,4.957121
test,"(68, 79)",134,1,67.0,25.0,0.16417910158634186,6.180428,3.080458,3.099970
test,"(13, 1)",224,1,74.0,23.0,0.20270270109176636,2.960065,2.768669,0.191396
test,"(375, 66)",438,1,46.0,8.0,0.43478259444236755,9.538721,5.303603,4.235118
test,"(194, 198)",265,1,3.0,1.0,1.0,4.187873,0.389023,3.798851
test,"(82, 66)",25,1,525.0,23.0,0.46095237135887146,5.484037,3.759636,1.724401
test,"(82, 66)",25,1,525.0,23.0,0.46095237135887146,5.069886,3.750531,1.319356
test,"(261, 73)",84,0,0.0,0.0,0.0,1.753839,1.321044,0.432795
test,"(188, 25)",199,1,233.0,23.0,0.2446351945400238,1.871719,1.413628,0.458091
test,"(459, 82)",259,1,224.0,38.0,0.1339285671710968,4.916314,3.487628,1.428686
test,"(75, 185)",134,1,45.0,10.0,0.42222222685813904,3.911236,5.410185,-1.498949
test,"(241, 184)",384,1,1.0,1.0,1.0,6.632226,1.251765,5.380461
test,"(205, 188)",25,1,350.0,26.0,0.22857142984867096,2.189641,1.655126,0.534515
test,"(258, 276)",82,1,205.0,12.0,0.37560975551605225,2.418400,1.046683,1.371717
test,"(84, 298)",74,1,2.0,1.0,1.0,0.745254,0.362929,0.382325
test,"(134, 32)",234,1,542.0,45.0,0.11623616516590118,3.116851,2.580931,0.535920
test,"(197, 176)",424,1,211.0,7.0,0.44549763202667236,7.684457,4.006307,3.678150
test,"(178, 68)",134,1,453.0,49.0,0.3002207577228546,3.527132,3.311458,0.215674
test,"(278, 22)",12,0,0.0,0.0,0.0,6.905163,5.418066,1.487097
test,"(178, 339)",299,1,66.0,3.0,0.5151515007019043,1.463278,0.712101,0.751177
test,"(78, 479)",13,1,335.0,41.0,0.16417910158634186,3.127307,3.184642,-0.057335
test,"(74, 336)",334,1,3.0,1.0,1.0,7.137978,8.027973,-0.889995
test,"(280, 134)",39,1,54.0,22.0,0.2222222238779068,3.966966,5.535486,-1.568520
test,"(179, 81)",88,1,420.0,26.0,0.37142857909202576,4.402304,3.073557,1.328746
test,"(185, 134)",237,1,57.0,23.0,0.4736842215061188,4.601698,5.705672,-1.103974
test,"(230, 54)",344,1,3.0,3.0,0.3333333432674408,4.276978,3.477028,0.799950
test,"(303, 78)",85,1,98.0,9.0,0.3979591727256775,3.612997,1.488256,2.124741
test,"(235, 66)",217,1,37.0,5.0,0.29729729890823364,6.493984,8.759650,-2.265666
test,"(64, 88)",416,1,617.0,46.0,0.4651539623737335,5.133670,7.362040,-2.228370
test,"(278, 50)",66,1,12.0,8.0,0.25,3.226804,3.917872,-0.691068
test,"(88, 82)",438,1,254.0,32.0,0.18110236525535583,9.440858,4.193472,5.247386
test,"(134, 454)",217,1,253.0,28.0,0.3754940629005432,1.664312,0.977392,0.686920
test,"(183, 400)",82,1,200.0,25.0,0.41499999165534973,1.294127,0.855466,0.438661
test,"(129, 135)",155,1,386.0,8.0,0.7694300413131714,0.254773,0.250213,0.004560
test,"(256, 76)",187,1,202.0,16.0,0.5643564462661743,6.890230,6.703151,0.187079
test,"(134, 131)",166,1,34.0,1.0,1.0,0.160202,0.014972,0.145230
test,"(197, 183)",185,1,1.0,1.0,1.0,4.945308,4.255795,0.689513
test,"(187, 419)",134,1,2.0,1.0,1.0,2.233987,0.459443,1.774544
test,"(191, 205)",188,1,179.0,1.0,1.0,3.014628,0.103662,2.910967
test,"(416, 224)",266,1,42.0,7.0,0.3333333432674408,3.517080,5.281504,-1.764424
test,"(372, 13)",416,1,465.0,54.0,0.11182795464992523,6.130726,4.382576,1.748150
test,"(88, 82)",13,1,254.0,32.0,0.18110236525535583,2.287474,1.729889,0.557585
test,"(84, 419)",134,0,0.0,0.0,0.0,1.994870,1.775467,0.219403
test,"(135, 155)",134,1,297.0,32.0,0.35353535413742065,1.325323,1.024856,0.300467
test,"(129, 135)",155,1,386.0,8.0,0.7694300413131714,0.310671,0.255640,0.055032
test,"(134, 60)",224,1,129.0,15.0,0.3100775182247162,5.075429,6.245185,-1.169756
test,"(60, 224)",207,1,92.0,18.0,0.19565217196941376,4.192055,4.640143,-0.448089
test,"(293, 243)",25,1,479.0,31.0,0.29018789529800415,2.545969,1.307706,1.238264
test,"(68, 64)",76,1,146.0,8.0,0.5136986374855042,2.680115,1.069221,1.610894
test,"(66, 241)",205,1,257.0,17.0,0.6031128168106079,5.778322,3.310378,2.467944
test,"(85, 438)",389,1,33.0,9.0,0.5151515007019043,4.232460,4.785070,-0.552610
test,"(333, 11)",228,1,38.0,10.0,0.34210526943206787,4.686173,6.102463,-1.416289
test,"(331, 51)",298,1,80.0,9.0,0.32499998807907104,7.630547,9.880179,-2.249632
test,"(408, 301)",192,1,412.0,1.0,1.0,0.504340,0.041629,0.462711
test,"(331, 32)",248,1,70.0,4.0,0.8285714387893677,3.215394,0.295929,2.919465
test,"(70, 188)",34,1,81.0,27.0,0.14814814925193787,2.543425,4.322625,-1.779201
test,"(75, 241)",12,1,94.0,6.0,0.6489361524581909,2.452453,0.532416,1.920037
test,"(184, 76)",72,1,69.0,4.0,0.7681159377098083,3.229980,0.376618,2.853362
test,"(110, 226)",260,1,108.0,10.0,0.5277777910232544,2.930007,2.056198,0.873808
test,"(8, 60)",506,1,316.0,37.0,0.1139240488409996,9.862459,4.011858,5.850601
test,"(292, 253)",29,1,1291.0,1.0,1.0,0.112452,0.010952,0.101500
test,"(86, 12)",71,1,664.0,27.0,0.22590361535549164,3.586954,2.274436,1.312518
test,"(165, 439)",203,1,6.0,2.0,0.5,2.326661,0.984644,1.342018
test,"(134, 285)",110,1,82.0,7.0,0.40243902802467346,2.742839,1.548580,1.194258
test,"(203, 251)",201,1,408.0,33.0,0.18382352590560913,3.558755,2.919296,0.639459
test,"(212, 110)",260,1,507.0,33.0,0.15976330637931824,4.314881,2.558237,1.756645
test,"(70, 134)",17,1,64.0,22.0,0.359375,3.978038,3.757232,0.220806
test,"(212, 165)",127,1,98.0,9.0,0.40816327929496765,1.489010,0.937302,0.551708
test,"(212, 113)",260,1,67.0,5.0,0.4029850661754608,4.003779,0.983027,3.020753
test,"(260, 444)",226,1,195.0,11.0,0.35384616255760193,1.539670,1.068116,0.471555
test,"(112, 221)",251,1,31.0,7.0,0.4193548262119293,2.214709,0.914184,1.300525
test,"(409, 230)",127,1,18.0,7.0,0.3888888955116272,0.735322,1.006159,-0.270837
test,"(221, 134)",128,1,349.0,30.0,0.28080227971076965,2.265706,2.577113,-0.311407
test,"(115, 439)",201,1,49.0,3.0,0.6530612111091614,1.456002,0.495052,0.960950
test,"(260, 444)",365,1,195.0,11.0,0.35384616255760193,4.388584,3.643283,0.745301
test,"(51, 180)",396,1,30.0,9.0,0.4000000059604645,4.008008,3.124327,0.883681
test,"(112, 444)",414,1,105.0,5.0,0.8761904835700989,2.010744,0.222245,1.788499
test,"(242, 188)",62,1,284.0,29.0,0.21830986440181732,2.369563,1.696462,0.673101
test,"(58, 83)",84,1,52.0,14.0,0.13461539149284363,4.662961,2.589582,2.073379
test,"(25, 134)",251,1,1784.0,97.0,0.08464125543832779,6.031185,5.264034,0.767151
test,"(84, 7)",256,1,8.0,4.0,0.5,5.746299,6.103681,-0.357382
test,"(76, 7)",184,1,127.0,31.0,0.18110236525535583,2.843745,4.604533,-1.760788
test,"(71, 7)",16,1,150.0,32.0,0.15333333611488342,3.910138,5.637893,-1.727755
test,"(175, 7)",185,1,158.0,46.0,0.10126582533121109,5.931228,7.810681,-1.879453
test,"(7, 185)",70,1,10.0,3.0,0.6000000238418579,3.807816,2.130151,1.677664
test,"(141, 153)",85,1,121.0,33.0,0.23966942727565765,7.874171,9.319522,-1.445352
test,"(109, 203)",251,1,81.0,6.0,0.5185185074806213,1.900556,1.489317,0.411239
test,"(8, 13)",449,1,502.0,57.0,0.12549801170825958,2.170213,2.411172,-0.240959
test,"(109, 221)",251,1,50.0,4.0,0.7400000095367432,1.772954,0.383271,1.389683
test,"(133, 133)",214,1,2512.0,71.0,0.19864650070667267,1.954845,2.574109,-0.619265
test,"(87, 25)",308,1,122.0,28.0,0.15573769807815552,3.382373,3.826015,-0.443642
test,"(358, 84)",65,1,2.0,1.0,1.0,3.253155,3.795460,-0.542305
test,"(396, 13)",15,1,160.0,14.0,0.23749999701976776,4.381191,1.553383,2.827808
test,"(241, 60)",11,0,0.0,0.0,0.0,2.393389,2.420215,-0.026826
test,"(179, 7)",390,1,107.0,30.0,0.20560747385025024,8.525462,10.164662,-1.639200
test,"(66, 241)",452,1,257.0,17.0,0.6031128168106079,7.830870,10.051464,-2.220594
test,"(58, 65)",68,1,52.0,8.0,0.48076921701431274,4.667409,3.759664,0.907745
test,"(154, 376)",123,1,10.0,3.0,0.699999988079071,3.737532,3.501764,0.235767
test,"(219, 78)",8,1,14.0,2.0,0.8571428656578064,4.696510,6.834821,-2.138311
test,"(167, 338)",119,1,30.0,5.0,0.4333333373069763,2.261672,3.509788,-1.248116
test,"(500, 221)",251,1,90.0,9.0,0.2888889014720917,2.304115,1.356092,0.948023
test,"(197, 265)",8,1,13.0,10.0,0.1538461595773697,3.134259,4.281272,-1.147013
test,"(189, 182)",75,1,44.0,9.0,0.40909090638160706,4.353413,5.358111,-1.004698
test,"(64, 88)",62,1,617.0,46.0,0.4651539623737335,3.645098,5.094731,-1.449633
test,"(343, 461)",134,1,148.0,7.0,0.837837815284729,0.721182,0.204200,0.516982
test,"(127, 115)",338,1,374.0,28.0,0.15240642428398132,3.476403,5.778120,-2.301716
test,"(365, 11)",212,1,6.0,4.0,0.3333333432674408,3.475801,1.634670,1.841131
test,"(352, 382)",186,1,154.0,23.0,0.16233766078948975,3.620868,4.021456,-0.400588
test,"(60, 484)",29,1,6.0,3.0,0.3333333432674408,4.709937,3.896466,0.813471
test,"(229, 338)",120,1,240.0,8.0,0.4166666567325592,2.100355,3.225790,-1.125435
test,"(128, 140)",365,1,393.0,42.0,0.19083969295024872,4.124386,4.420589,-0.296204
test,"(179, 13)",287,1,104.0,26.0,0.1538461595773697,4.274448,2.710786,1.563662
test,"(7, 71)",294,1,60.0,16.0,0.1666666716337204,14.326820,10.138882,4.187938
test,"(294, 62)",67,0,0.0,0.0,0.0,3.582838,3.242222,0.340616
test,"(64, 85)",70,1,354.0,22.0,0.31073445081710815,6.109804,2.459842,3.649962
test,"(254, 120)",221,1,260.0,30.0,0.18076923489570618,2.479539,3.037209,-0.557670
test,"(203, 500)",229,1,87.0,9.0,0.517241358757019,2.960015,2.752697,0.207318
test,"(111, 282)",38,0,0.0,0.0,0.0,9.408857,8.605747,0.803110
test,"(180, 396)",186,1,206.0,19.0,0.29611650109291077,3.201762,1.726194,1.475568
test,"(82, 62)",457,1,488.0,44.0,0.11680328100919724,16.850016,16.159240,0.690775
test,"(134, 128)",140,1,266.0,7.0,0.39849624037742615,2.619251,2.771562,-0.152311
test,"(226, 212)",165,1,194.0,15.0,0.1855670064687729,5.103955,4.879387,0.224568
test,"(221, 229)",497,1,343.0,46.0,0.2215743511915207,3.843552,3.088966,0.754586
test,"(109, 285)",120,1,61.0,4.0,0.6393442749977112,2.275578,4.332594,-2.057015
test,"(64, 266)",25,1,2.0,2.0,0.5,6.283666,5.914310,0.369356
test,"(65, 62)",246,1,115.0,19.0,0.17391304671764374,9.733864,11.944813,-2.210949
test,"(134, 187)",76,1,244.0,11.0,0.5122950673103333,4.872259,3.035839,1.836420
test,"(193, 183)",88,1,120.0,26.0,0.17499999701976776,3.699433,5.745554,-2.046121
test,"(176, 82)",11,1,169.0,35.0,0.15976330637931824,3.456659,2.864360,0.592299
test,"(82, 8)",8,1,622.0,44.0,0.17845658957958221,2.322169,2.423862,-0.101694
test,"(83, 82)",58,1,482.0,37.0,0.2282157689332962,2.869269,3.348247,-0.478979
test,"(60, 60)",8,1,57.0,14.0,0.2631579041481018,2.242275,2.118488,0.123788
test,"(84, 65)",82,1,393.0,40.0,0.24173027276992798,3.711212,2.597360,1.113851
test,"(308, 358)",84,1,3.0,3.0,0.3333333432674408,4.578679,6.333344,-1.754666
test,"(65, 62)",196,1,115.0,19.0,0.17391304671764374,2.738792,2.784062,-0.045270
test,"(177, 68)",8,1,678.0,62.0,0.14749263226985931,2.922415,3.193657,-0.271242
test,"(251, 238)",409,1,44.0,8.0,0.4318181872367859,1.349336,1.448643,-0.099307
test,"(49, 40)",36,1,37.0,12.0,0.21621622145175934,4.088095,2.206699,1.881395
test,"(52, 36)",49,1,13.0,2.0,0.7692307829856873,2.634892,1.771052,0.863840
test,"(128, 143)",285,1,271.0,25.0,0.2398523986339569,4.248692,3.033140,1.215552
test,"(238, 203)",356,1,236.0,31.0,0.26271185278892517,7.276112,8.576508,-1.300397
test,"(114, 502)",409,1,45.0,7.0,0.31111112236976624,4.310266,1.779331,2.530935
test,"(203, 500)",229,1,87.0,9.0,0.517241358757019,2.953711,2.752183,0.201528
test,"(25, 13)",17,1,183.0,6.0,0.48087432980537415,5.066829,1.499030,3.567799
test,"(158, 238)",201,1,1.0,1.0,1.0,2.868838,1.222058,1.646780
test,"(112, 409)",212,1,18.0,5.0,0.5,2.306113,1.245741,1.060372
test,"(452, 212)",165,1,46.0,14.0,0.21739129722118378,4.453013,5.137928,-0.684914
test,"(186, 511)",7,1,499.0,3.0,0.9218437075614929,0.201023,0.090067,0.110956
test,"(42, 188)",175,0,0.0,0.0,0.0,8.282805,9.626989,-1.344184
test,"(94, 128)",140,1,3.0,1.0,1.0,1.750843,0.302477,1.448366
test,"(151, 356)",186,1,1.0,1.0,1.0,1.142604,1.331442,-0.188837
test,"(186, 311)",189,1,335.0,36.0,0.19104477763175964,3.064603,1.767624,1.296979
test,"(183, 78)",179,1,442.0,11.0,0.44570136070251465,4.964290,3.729361,1.234929
test,"(78, 62)",78,1,109.0,17.0,0.19266055524349213,4.166079,3.873167,0.292912
test,"(133, 214)",69,1,183.0,3.0,0.9672130942344666,1.418959,0.113031,1.305928
test,"(134, 87)",11,1,145.0,23.0,0.30344828963279724,3.365317,2.936381,0.428936
test,"(20, 186)",311,1,5.0,5.0,0.20000000298023224,2.987892,3.327086,-0.339194
test,"(43, 36)",25,1,436.0,22.0,0.6215596199035645,3.136894,0.572140,2.564755
test,"(14, 14)",134,1,553.0,41.0,0.49005424976348877,2.625255,2.348328,0.276927
test,"(133, 133)",300,1,2512.0,71.0,0.19864650070667267,3.162287,1.759830,1.402457
test,"(232, 194)",398,1,31.0,2.0,0.9677419066429138,2.397226,0.149921,2.247305
test,"(183, 366)",51,1,414.0,27.0,0.49275362491607666,5.181171,3.724201,1.456970
test,"(192, 25)",323,1,68.0,15.0,0.1764705926179886,0.409150,1.919481,-1.510331
test,"(289, 279)",35,1,53.0,6.0,0.49056604504585266,3.670115,0.829670,2.840445
test,"(448, 179)",7,1,103.0,12.0,0.34951457381248474,4.626760,1.169129,3.457630
test,"(183, 78)",242,1,442.0,11.0,0.44570136070251465,3.512362,0.908336,2.604026
test,"(188, 173)",7,1,278.0,37.0,0.17985612154006958,4.607927,1.809370,2.798557
test,"(63, 14)",83,1,71.0,12.0,0.39436620473861694,5.093093,1.923751,3.169342
test,"(81, 75)",268,1,146.0,20.0,0.2054794579744339,5.698386,3.621383,2.077003
test,"(285, 110)",444,1,207.0,13.0,0.2415459007024765,2.092017,1.475521,0.616496
test,"(361, 8)",291,1,10.0,7.0,0.30000001192092896,2.381238,1.304993,1.076245
test,"(176, 134)",474,1,56.0,16.0,0.4285714328289032,4.737231,0.975343,3.761888
test,"(240, 69)",361,1,106.0,10.0,0.7264150977134705,3.415053,0.427110,2.987943
test,"(64, 234)",71,1,259.0,2.0,0.5791505575180054,1.669406,0.926443,0.742963
test,"(321, 178)",76,1,74.0,1.0,1.0,3.300920,0.110264,3.190656
test,"(372, 14)",372,1,236.0,18.0,0.4406779706478119,2.333329,0.905702,1.427627
test,"(66, 400)",13,1,384.0,33.0,0.3020833432674408,3.532568,1.939921,1.592646
test,"(13, 327)",205,1,147.0,3.0,0.9591836929321289,1.510327,0.124296,1.386031
test,"(68, 389)",133,1,32.0,5.0,0.53125,0.125103,0.462274,-0.337170
test,"(173, 188)",70,1,79.0,3.0,0.8354430198669434,2.735311,0.287369,2.447941
test,"(82, 287)",79,1,72.0,1.0,1.0,2.970735,0.107481,2.863254
test,"(12, 467)",13,1,10.0,2.0,0.8999999761581421,1.716788,0.233510,1.483278
test,"(64, 437)",67,1,19.0,1.0,1.0,8.883637,0.144753,8.738884
test,"(458, 247)",349,0,0.0,0.0,0.0,2.270111,1.879278,0.390832
test,"(49, 36)",34,1,257.0,34.0,0.1750972718000412,3.031796,2.598169,0.433628
test,"(176, 85)",298,1,253.0,1.0,1.0,1.416237,0.081387,1.334849
test,"(448, 426)",487,1,406.0,3.0,0.9802955389022827,0.054081,0.022825,0.031256
test,"(176, 85)",298,1,253.0,1.0,1.0,1.514038,0.083843,1.430195
test,"(68, 25)",391,1,311.0,27.0,0.39228296279907227,4.099561,4.460330,-0.360769
test,"(68, 8)",8,1,385.0,20.0,0.5896103978157043,3.359852,5.053606,-1.693754
test,"(68, 25)",134,1,311.0,27.0,0.39228296279907227,1.870208,0.983135,0.887072
test,"(319, 427)",290,1,5.0,2.0,0.6000000238418579,2.803981,0.783110,2.020872
test,"(245, 134)",197,1,442.0,44.0,0.3438914120197296,4.727270,4.795485,-0.068215
test,"(134, 20)",303,1,186.0,32.0,0.23655913770198822,5.546359,7.245559,-1.699200
test,"(83, 298)",403,1,365.0,7.0,0.7287670969963074,6.076210,1.971070,4.105140
test,"(7, 67)",319,1,278.0,28.0,0.44964027404785156,3.714136,2.728103,0.986033
test,"(400, 257)",11,1,104.0,16.0,0.17307692766189575,2.861312,2.543708,0.317605
test,"(286, 72)",184,1,353.0,1.0,1.0,2.050213,0.093127,1.957085
test,"(7, 18)",21,1,30.0,7.0,0.30000001192092896,7.269541,1.387956,5.881585
test,"(319, 13)",83,1,142.0,25.0,0.09859155118465424,2.866919,2.494236,0.372683
test,"(51, 423)",25,1,191.0,20.0,0.21989528834819794,3.202211,3.672686,-0.470475
test,"(13, 197)",67,1,220.0,5.0,0.4636363685131073,1.111237,2.164510,-1.053273
test,"(343, 269)",266,1,198.0,30.0,0.17676767706871033,3.454266,3.146930,0.307336
test,"(298, 403)",377,1,57.0,1.0,1.0,5.638828,0.115632,5.523197
test,"(35, 279)",35,1,23.0,1.0,1.0,3.550087,0.133079,3.417008
test,"(503, 13)",69,1,697.0,42.0,0.15494978427886963,3.092687,3.645797,-0.553110
test,"(350, 7)",90,1,106.0,14.0,0.4245283007621765,1.863744,0.926709,0.937035
test,"(297, 230)",475,1,954.0,66.0,0.39308175444602966,5.914283,5.067350,0.846934
test,"(7, 90)",245,1,702.0,49.0,0.15099714696407318,3.750140,2.870488,0.879653
test,"(25, 134)",52,1,1784.0,97.0,0.08464125543832779,4.583850,4.513384,0.070466
test,"(69, 175)",299,1,179.0,5.0,0.8938547372817993,2.785208,0.213340,2.571868
test,"(420, 88)",77,1,551.0,1.0,1.0,3.413900,0.102963,3.310937
test,"(33, 78)",78,1,93.0,5.0,0.44086021184921265,3.887925,0.934618,2.953306
test,"(78, 74)",217,1,305.0,47.0,0.4098360538482666,6.412179,5.320533,1.091646
test,"(180, 418)",503,1,569.0,23.0,0.29173988103866577,1.621913,1.245641,0.376272
test,"(414, 212)",121,1,220.0,19.0,0.1818181872367859,2.171509,1.765379,0.406130
test,"(249, 342)",26,1,611.0,27.0,0.23567920923233032,1.420300,1.433708,-0.013408
test,"(249, 342)",180,1,611.0,27.0,0.23567920923233032,3.508266,4.806210,-1.297944
test,"(66, 400)",318,1,384.0,33.0,0.3020833432674408,2.869934,2.184735,0.685199
test,"(495, 25)",189,1,227.0,4.0,0.8193832635879517,2.218139,0.293050,1.925089
test,"(78, 65)",51,1,97.0,11.0,0.5979381203651428,5.977356,1.718693,4.258663
test,"(200, 83)",25,1,634.0,65.0,0.25867506861686707,3.045093,3.975294,-0.930201
test,"(24, 25)",281,1,12.0,8.0,0.4166666567325592,5.046780,1.137184,3.909596
test,"(11, 193)",507,1,608.0,39.0,0.24013157188892365,3.608184,3.794108,-0.185924
test,"(128, 141)",201,1,238.0,18.0,0.5630252361297607,3.488739,2.208509,1.280231
test,"(141, 153)",134,1,121.0,33.0,0.23966942727565765,4.820915,1.482953,3.337962
test,"(19, 92)",8,1,102.0,14.0,0.5392156839370728,2.757797,4.554033,-1.796236
test,"(45, 386)",65,1,25.0,2.0,0.9599999785423279,2.033122,0.146575,1.886547
test,"(60, 218)",245,1,250.0,14.0,0.5,2.498240,2.868867,-0.370626
test,"(245, 269)",289,1,203.0,27.0,0.1625615805387497,4.389263,3.843833,0.545430
test,"(7, 88)",11,1,13.0,8.0,0.38461539149284363,4.033551,3.537314,0.496236
test,"(69, 35)",64,1,14.0,1.0,1.0,4.676476,0.158862,4.517613
test,"(225, 464)",35,1,75.0,14.0,0.3333333432674408,8.046787,9.669419,-1.622632
test,"(206, 86)",249,1,287.0,27.0,0.31010451912879944,7.273244,1.279440,5.993804
test,"(203, 251)",251,1,408.0,33.0,0.18382352590560913,5.965857,3.870386,2.095470
test,"(11, 134)",20,1,2212.0,121.0,0.059222422540187836,5.806481,4.208640,1.597841
test,"(439, 203)",134,1,107.0,14.0,0.22429905831813812,3.262614,1.808335,1.454279
test,"(187, 398)",217,1,15.0,1.0,1.0,3.647878,0.152825,3.495053
test,"(199, 17)",6,1,128.0,12.0,0.4609375,4.313169,4.570650,-0.257482
test,"(25, 281)",259,1,40.0,10.0,0.44999998807907104,3.775856,5.706293,-1.930437
test,"(25, 281)",6,1,40.0,10.0,0.44999998807907104,3.584913,4.938216,-1.353303
test,"(508, 13)",196,1,131.0,21.0,0.28244274854660034,2.867538,1.352310,1.515228
test,"(423, 268)",352,1,92.0,11.0,0.3586956560611725,6.398602,7.290722,-0.892120
test,"(82, 11)",303,1,676.0,62.0,0.21301774680614471,4.645068,4.171281,0.473787
test,"(78, 67)",88,1,495.0,27.0,0.3292929232120514,4.900000,1.929837,2.970163
test,"(78, 67)",88,1,495.0,27.0,0.3292929232120514,5.421514,1.931924,3.489590
test,"(400, 250)",313,1,6.0,6.0,0.1666666716337204,4.603280,2.753324,1.849956
test,"(7, 69)",78,1,1118.0,36.0,0.5635062456130981,2.943193,5.181406,-2.238213
test,"(250, 25)",225,1,151.0,11.0,0.41059601306915283,4.388083,6.338842,-1.950758
test,"(317, 199)",8,1,4.0,2.0,0.75,5.838765,0.678922,5.159843
test,"(75, 298)",68,1,532.0,14.0,0.7875939607620239,1.068641,2.177309,-1.108668
test,"(25, 225)",78,1,142.0,11.0,0.5985915660858154,1.513713,0.574930,0.938783
test,"(88, 25)",199,1,326.0,47.0,0.23619632422924042,1.789882,1.415998,0.373884
test,"(255, 66)",235,1,81.0,3.0,0.9135802388191223,2.844914,0.197599,2.647316
test,"(423, 8)",434,1,5.0,3.0,0.6000000238418579,4.178893,5.265505,-1.086612
test,"(25, 508)",13,1,96.0,7.0,0.6354166865348816,1.088501,0.498816,0.589684
test,"(78, 74)",217,1,305.0,47.0,0.4098360538482666,6.686349,5.328614,1.357735
test,"(12, 67)",361,1,154.0,13.0,0.38311687111854553,4.266655,1.072487,3.194168
test,"(69, 72)",81,1,604.0,5.0,0.45860928297042847,2.932873,1.190428,1.742445
test,"(387, 134)",5,1,115.0,13.0,0.791304349899292,3.910614,3.304271,0.606343
test,"(233, 70)",70,1,673.0,34.0,0.25557205080986023,1.599053,1.728120,-0.129067
test,"(72, 188)",67,1,560.0,59.0,0.1428571492433548,3.030069,2.614626,0.415442
test,"(245, 207)",186,1,265.0,15.0,0.2188679277896881,3.149484,1.608560,1.540924
test,"(189, 245)",418,1,641.0,35.0,0.16380655765533447,2.670980,2.677311,-0.006331
test,"(184, 77)",67,1,255.0,7.0,0.3803921639919281,2.630118,1.595359,1.034759
test,"(82, 173)",76,1,103.0,5.0,0.4757281541824341,3.143824,0.849105,2.294719
test,"(68, 8)",189,1,385.0,20.0,0.5896103978157043,1.815860,1.843123,-0.027263
test,"(8, 189)",186,1,1053.0,24.0,0.2735042870044708,1.692069,1.728596,-0.036527
test,"(13, 44)",32,1,49.0,7.0,0.4285714328289032,2.808071,4.688039,-1.879967
test,"(178, 68)",79,1,453.0,49.0,0.3002207577228546,6.175682,7.349205,-1.173523
test,"(64, 349)",313,1,102.0,14.0,0.30392158031463623,6.943597,7.795883,-0.852286
test,"(316, 234)",71,1,49.0,2.0,0.6938775777816772,0.980179,1.189540,-0.209361
test,"(192, 180)",289,1,56.0,19.0,0.1428571492433548,4.925950,3.611918,1.314032
test,"(25, 199)",17,1,2122.0,114.0,0.12205466628074646,3.762491,2.948305,0.814186
test,"(248, 25)",199,1,64.0,15.0,0.265625,1.607407,3.021657,-1.414250
test,"(134, 500)",221,1,182.0,7.0,0.5384615659713745,1.762544,1.716483,0.046061
test,"(49, 44)",13,1,45.0,17.0,0.20000000298023224,5.700396,3.642401,2.057995
test,"(184, 77)",67,1,255.0,7.0,0.3803921639919281,2.832754,1.601898,1.230856
test,"(195, 207)",388,1,543.0,13.0,0.41436463594436646,3.193921,1.248592,1.945329
test,"(257, 25)",323,1,569.0,23.0,0.6063268780708313,0.695466,0.516899,0.178566
test,"(25, 508)",257,1,96.0,7.0,0.6354166865348816,1.381737,1.508999,-0.127262
test,"(69, 191)",459,1,79.0,4.0,0.9113923907279968,2.955991,4.964586,-2.008595
test,"(245, 297)",230,1,132.0,1.0,1.0,0.890914,0.063552,0.827362
test,"(230, 67)",279,1,52.0,9.0,0.38461539149284363,4.800996,6.130568,-1.329571
test,"(269, 183)",280,1,161.0,26.0,0.1428571492433548,6.451858,4.704524,1.747333
test,"(244, 43)",68,1,9.0,2.0,0.5555555820465088,3.054774,0.831499,2.223275
test,"(68, 261)",50,1,36.0,8.0,0.3611111044883728,6.929724,8.837947,-1.908223
test,"(26, 193)",207,1,197.0,21.0,0.2791878283023834,3.320495,1.362236,1.958259
test,"(207, 133)",245,1,210.0,13.0,0.3857142925262451,3.477410,2.112722,1.364687
test,"(289, 279)",452,1,53.0,6.0,0.49056604504585266,7.509995,9.647991,-2.137997
test,"(191, 459)",13,1,123.0,17.0,0.3008130192756653,2.172171,1.237852,0.934319
test,"(127, 164)",285,1,322.0,11.0,0.3571428656578064,2.537143,1.939806,0.597336
test,"(192, 25)",323,1,68.0,15.0,0.1764705926179886,1.605707,2.299227,-0.693521
test,"(85, 13)",44,1,176.0,21.0,0.2556818127632141,5.863967,7.677573,-1.813606
test,"(64, 349)",180,1,102.0,14.0,0.30392158031463623,4.068227,5.236435,-1.168208
test,"(25, 213)",246,1,165.0,16.0,0.3030303120613098,2.819302,3.670680,-0.851378
test,"(364, 26)",309,0,0.0,0.0,0.0,7.247369,9.205308,-1.957939
test,"(120, 226)",238,1,174.0,18.0,0.6149425506591797,3.496536,0.582179,2.914357
test,"(110, 476)",226,1,114.0,12.0,0.5701754093170166,0.678629,0.547086,0.131543
test,"(190, 387)",35,1,4.0,2.0,0.5,7.252894,8.805780,-1.552886
test,"(180, 213)",206,1,185.0,31.0,0.13513512909412384,3.331200,2.517141,0.814059
test,"(43, 62)",47,1,36.0,7.0,0.3333333432674408,4.839301,1.456955,3.382346
test,"(47, 46)",49,1,41.0,5.0,0.5609756112098694,1.855361,0.670228,1.185134
test,"(185, 355)",273,1,62.0,2.0,0.9516128897666931,8.501839,10.799907,-2.298069
test,"(265, 13)",184,1,194.0,17.0,0.2164948433637619,6.022262,7.391001,-1.368739
test,"(349, 88)",25,1,18.0,10.0,0.2222222238779068,2.246528,2.445198,-0.198671
test,"(260, 338)",112,1,64.0,6.0,0.453125,2.441752,2.003308,0.438444
test,"(244, 134)",68,1,21.0,10.0,0.2380952388048172,4.410174,4.734631,-0.324457
test,"(195, 207)",133,1,543.0,13.0,0.41436463594436646,2.514810,2.605174,-0.090365
test,"(82, 389)",133,1,135.0,3.0,0.9777777791023254,0.070661,0.019992,0.050669
test,"(13, 14)",67,1,144.0,28.0,0.1388888955116272,6.424883,2.150652,4.274231
test,"(467, 13)",214,1,194.0,17.0,0.3144329786300659,4.496293,2.917999,1.578294
test,"(233, 70)",175,1,673.0,34.0,0.25557205080986023,3.928973,2.432402,1.496571
test,"(218, 195)",207,1,770.0,13.0,0.4259740114212036,2.118972,1.333072,0.785900
test,"(38, 84)",479,1,67.0,1.0,1.0,4.854934,0.115606,4.739328
test,"(50, 176)",85,1,295.0,4.0,0.8576270937919617,2.413787,0.249702,2.164085
test,"(13, 71)",280,1,165.0,9.0,0.27878788113594055,5.108953,1.760383,3.348569
test,"(379, 65)",322,1,244.0,1.0,1.0,1.947143,0.092540,1.854604
test,"(13, 71)",280,1,165.0,9.0,0.27878788113594055,5.490139,1.761497,3.728641
test,"(13, 182)",67,1,375.0,23.0,0.23199999332427979,2.960729,3.643486,-0.682756
test,"(35, 401)",50,1,148.0,28.0,0.15540540218353271,5.641589,2.028065,3.613524
test,"(35, 33)",62,1,78.0,7.0,0.8974359035491943,4.865731,0.220145,4.645586
test,"(62, 66)",81,1,295.0,32.0,0.1355932205915451,3.701445,3.526292,0.175152
test,"(154, 99)",363,1,1.0,1.0,1.0,7.361232,1.475417,5.885815
test,"(396, 8)",189,1,112.0,18.0,0.3392857015132904,1.991754,1.127178,0.864576
test,"(50, 36)",49,1,258.0,27.0,0.21705426275730133,3.041902,2.223527,0.818375
test,"(77, 223)",11,1,586.0,45.0,0.12457337975502014,2.858026,2.229693,0.628333
test,"(18, 11)",134,1,59.0,22.0,0.38983049988746643,1.298186,0.883932,0.414255
test,"(82, 58)",15,1,395.0,39.0,0.14177215099334717,2.432094,2.094159,0.337935
test,"(7, 63)",50,1,303.0,39.0,0.2013201266527176,5.729644,3.676348,2.053296
test,"(190, 78)",66,1,61.0,7.0,0.688524603843689,3.259305,0.481790,2.777515
test,"(302, 14)",134,1,697.0,31.0,0.5882353186607361,1.625357,0.597696,1.027660
test,"(14, 134)",46,1,463.0,54.0,0.09935205429792404,4.741954,3.931320,0.810634
test,"(257, 11)",508,1,271.0,43.0,0.14760147035121918,3.897236,2.999091,0.898145
test,"(278, 82)",78,1,48.0,22.0,0.125,3.458810,2.403092,1.055718
test,"(82, 78)",237,1,505.0,19.0,0.5841584205627441,3.909474,3.573367,0.336107
test,"(302, 14)",249,1,697.0,31.0,0.5882353186607361,6.834397,5.182098,1.652299
test,"(259, 302)",14,1,3.0,1.0,1.0,1.269990,0.239278,1.030712
test,"(25, 213)",176,1,165.0,16.0,0.3030303120613098,4.239881,4.561648,-0.321767
test,"(77, 68)",179,1,681.0,22.0,0.3186490535736084,2.598125,2.028354,0.569771
test,"(83, 41)",86,1,17.0,2.0,0.8823529481887817,6.359445,2.573749,3.785696
test,"(205, 43)",78,0,0.0,0.0,0.0,2.209370,1.781465,0.427905
test,"(326, 83)",50,1,155.0,25.0,0.19354838132858276,6.440181,4.865710,1.574471
test,"(293, 326)",83,1,155.0,1.0,1.0,4.194375,0.108025,4.086350
test,"(248, 220)",205,1,63.0,2.0,0.9841269850730896,2.713042,0.123494,2.589549
test,"(173, 64)",76,1,15.0,1.0,1.0,2.857537,0.147135,2.710402
test,"(14, 14)",180,1,553.0,41.0,0.49005424976348877,8.023319,9.366907,-1.343587
test,"(46, 505)",202,1,172.0,2.0,0.645348846912384,4.707883,0.546417,4.161466
test,"(134, 31)",40,1,700.0,31.0,0.23999999463558197,1.891037,1.452044,0.438993
test,"(134, 233)",70,1,349.0,9.0,0.5845271944999695,0.650951,0.543865,0.107086
test,"(233, 70)",78,1,673.0,34.0,0.25557205080986023,4.619404,3.501095,1.118309
test,"(20, 15)",8,1,309.0,38.0,0.1877022683620453,3.062128,2.826899,0.235228
test,"(220, 192)",50,1,229.0,32.0,0.20960699021816254,6.628079,4.339922,2.288157
test,"(255, 82)",259,1,346.0,31.0,0.263005793094635,5.486409,6.542978,-1.056569
test,"(178, 79)",178,1,52.0,4.0,0.5384615659713745,6.413291,3.822709,2.590582
test,"(134, 68)",242,1,722.0,31.0,0.2506925165653229,5.651542,2.909221,2.742321
test,"(35, 319)",189,1,190.0,9.0,0.21052631735801697,6.052218,2.289264,3.762955
test,"(7, 16)",281,1,146.0,20.0,0.2876712381839752,3.134542,2.325899,0.808643
test,"(185, 64)",70,1,294.0,1.0,1.0,1.039438,0.069021,0.970417
test,"(44, 175)",43,1,93.0,9.0,0.5376344323158264,6.449888,7.619391,-1.169503
test,"(40, 82)",301,1,240.0,16.0,0.28333333134651184,3.132109,1.625259,1.506850
test,"(301, 283)",268,1,280.0,16.0,0.30000001192092896,1.112065,1.183083,-0.071017
test,"(197, 70)",83,1,9.0,2.0,0.5555555820465088,3.347288,1.090562,2.256725
test,"(197, 70)",83,1,9.0,2.0,0.5555555820465088,3.408206,1.091181,2.317024
test,"(482, 308)",265,1,47.0,1.0,1.0,4.460193,0.119396,4.340798
test,"(202, 25)",249,1,75.0,23.0,0.2133333384990692,3.674740,3.843712,-0.168972
test,"(239, 85)",298,1,63.0,3.0,0.8888888955116272,2.430202,0.221891,2.208311
test,"(470, 270)",28,1,26.0,2.0,0.6153846383094788,9.606227,0.635700,8.970527
test,"(72, 33)",68,1,8.0,2.0,0.75,3.634342,5.160926,-1.526584
test,"(134, 8)",189,1,377.0,30.0,0.1989389955997467,1.761165,2.072541,-0.311376
test,"(445, 268)",134,1,2.0,2.0,0.5,2.655586,4.063522,-1.407935
test,"(33, 78)",67,1,93.0,5.0,0.44086021184921265,3.243654,1.146228,2.097426
test,"(88, 65)",68,1,162.0,5.0,0.9444444179534912,5.491306,3.983965,1.507342
test,"(66, 183)",357,1,32.0,6.0,0.53125,5.149670,3.282222,1.867448
test,"(85, 298)",68,1,366.0,4.0,0.9344262480735779,1.274448,0.140623,1.133825
test,"(195, 420)",88,1,75.0,2.0,0.9866666793823242,0.763805,0.066540,0.697265
test,"(134, 301)",84,1,94.0,16.0,0.23404255509376526,7.585581,5.845749,1.739832
test,"(43, 78)",70,1,423.0,8.0,0.47754135727882385,4.004648,1.525749,2.478899
test,"(65, 82)",66,1,50.0,10.0,0.6399999856948853,3.635005,0.564599,3.070405
test,"(189, 186)",311,1,766.0,36.0,0.20757180452346802,2.362415,2.166678,0.195737
test,"(505, 50)",176,0,0.0,0.0,0.0,2.999177,2.681227,0.317950
test,"(13, 475)",257,1,167.0,13.0,0.6107784509658813,0.210200,0.426288,-0.216088
test,"(256, 445)",11,1,399.0,45.0,0.1303258091211319,4.326963,3.450055,0.876908
test,"(31, 47)",78,1,67.0,4.0,0.46268656849861145,4.067655,1.503840,2.563815
test,"(341, 180)",418,1,7.0,6.0,0.2857142984867096,1.810817,1.542582,0.268235
test,"(13, 66)",366,1,794.0,28.0,0.2745591998100281,2.270970,1.356998,0.913972
test,"(191, 200)",72,1,95.0,2.0,0.9368420839309692,3.090729,2.908452,0.182277
test,"(88, 341)",257,1,24.0,13.0,0.25,4.683022,6.932858,-2.249835
test,"(7, 39)",83,1,4.0,1.0,1.0,3.025402,5.277975,-2.252573
test,"(289, 319)",25,1,86.0,3.0,0.6860465407371521,3.342845,1.484621,1.858224
test,"(198, 177)",313,1,60.0,8.0,0.4833333194255829,6.307057,8.090322,-1.783264
test,"(82, 84)",65,1,321.0,10.0,0.3333333432674408,2.607288,1.182766,1.424522
test,"(388, 134)",31,1,249.0,12.0,0.9156626462936401,2.153151,0.181834,1.971316
test,"(13, 340)",32,1,669.0,28.0,0.3423019349575043,5.436222,6.094975,-0.658753
test,"(7, 218)",195,1,584.0,25.0,0.23458904027938843,2.562514,1.960875,0.601639
test,"(340, 52)",333,1,11.0,3.0,0.4545454680919647,16.848240,7.793843,9.054397
test,"(256, 445)",25,1,399.0,45.0,0.1303258091211319,2.228847,2.809772,-0.580925
test,"(134, 31)",38,1,700.0,31.0,0.23999999463558197,4.570107,3.340778,1.229329
test,"(44, 398)",296,1,56.0,4.0,0.5178571343421936,9.786804,1.707553,8.079252
test,"(25, 363)",293,1,180.0,14.0,0.3055555522441864,7.394210,4.899864,2.494346
test,"(503, 13)",79,1,697.0,42.0,0.15494978427886963,3.747056,3.056868,0.690188
test,"(91, 199)",6,1,258.0,32.0,0.27519381046295166,3.823815,2.036268,1.787547
test,"(326, 83)",32,1,155.0,25.0,0.19354838132858276,5.447931,1.767622,3.680309
test,"(199, 259)",289,1,90.0,18.0,0.2222222238779068,4.163296,6.068321,-1.905025
test,"(435, 13)",46,1,62.0,10.0,0.33870968222618103,6.809308,1.223430,5.585878
test,"(445, 268)",134,1,2.0,2.0,0.5,2.866898,4.144578,-1.277680
test,"(13, 182)",76,1,375.0,23.0,0.23199999332427979,2.704538,2.479833,0.224705
test,"(83, 32)",66,1,44.0,2.0,0.5909090638160706,4.954875,0.658241,4.296634
test,"(67, 257)",218,1,2.0,1.0,1.0,4.451253,4.073826,0.377427
test,"(386, 65)",176,1,282.0,2.0,0.9964538812637329,1.446974,0.085363,1.361611
test,"(340, 47)",64,1,8.0,3.0,0.625,4.530161,3.306501,1.223660
test,"(64, 88)",341,1,617.0,46.0,0.4651539623737335,8.147730,3.379228,4.768502
test,"(32, 66)",256,1,68.0,3.0,0.6470588445663452,6.349829,0.557298,5.792531
test,"(317, 175)",85,1,20.0,4.0,0.800000011920929,6.224649,4.366279,1.858370
test,"(298, 68)",35,1,448.0,34.0,0.3370535671710968,5.888383,8.159732,-2.271350
test,"(51, 68)",64,1,276.0,6.0,0.6557971239089966,4.178526,2.148416,2.030110
test,"(317, 173)",64,1,8.0,3.0,0.5,6.846085,1.003279,5.842805
test,"(195, 420)",88,1,75.0,2.0,0.9866666793823242,0.879162,0.071980,0.807182
test,"(13, 475)",257,1,167.0,13.0,0.6107784509658813,0.364877,0.444235,-0.079358
test,"(31, 33)",78,1,20.0,1.0,1.0,5.176733,0.140899,5.035834
test,"(66, 231)",76,1,14.0,9.0,0.2142857164144516,2.823963,3.205633,-0.381670
test,"(445, 11)",134,1,33.0,12.0,0.24242424964904785,1.954717,2.822538,-0.867821
test,"(11, 134)",31,1,2212.0,121.0,0.059222422540187836,4.134033,5.478977,-1.344944
test,"(418, 503)",13,1,244.0,1.0,1.0,0.078965,0.007828,0.071137
test,"(195, 134)",31,1,1145.0,73.0,0.1764192134141922,2.076612,1.761976,0.314636
test,"(7, 39)",83,1,4.0,1.0,1.0,2.760872,5.024849,-2.263977
test,"(31, 47)",78,1,67.0,4.0,0.46268656849861145,3.727987,1.500730,2.227257
test,"(76, 50)",176,1,12.0,4.0,0.5833333134651184,3.045164,3.234423,-0.189259
test,"(222, 256)",445,1,53.0,1.0,1.0,0.472992,0.049832,0.423160
test,"(187, 83)",296,1,298.0,6.0,0.6510066986083984,6.119011,1.480211,4.638799
test,"(256, 445)",11,1,399.0,45.0,0.1303258091211319,3.788376,3.420797,0.367579
test,"(134, 45)",413,1,486.0,29.0,0.37654322385787964,2.264395,2.320849,-0.056454
test,"(217, 82)",35,1,303.0,54.0,0.09570956975221634,6.055759,7.798819,-1.743059
test,"(34, 458)",7,1,43.0,8.0,0.6511628031730652,6.267435,2.660688,3.606746
test,"(84, 66)",66,1,224.0,8.0,0.5223214030265808,4.719372,0.758411,3.960960
test,"(265, 76)",175,1,22.0,2.0,0.5454545617103577,2.806033,0.942362,1.863671
test,"(83, 79)",34,1,170.0,12.0,0.7470588088035583,4.135205,6.378928,-2.243724
test,"(79, 34)",458,1,19.0,4.0,0.5263158082962036,6.617379,6.622847,-0.005468
test,"(186, 311)",189,1,335.0,36.0,0.19104477763175964,2.780310,1.758676,1.021634
test,"(50, 410)",25,1,132.0,10.0,0.689393937587738,1.955440,0.453852,1.501588
test,"(313, 91)",199,1,629.0,37.0,0.4101748764514923,1.006141,0.874906,0.131234
test,"(6, 180)",199,1,1.0,1.0,1.0,3.083454,3.742165,-0.658711
test,"(179, 487)",7,1,107.0,23.0,0.15887850522994995,3.787167,2.817804,0.969362
test,"(75, 25)",134,1,66.0,20.0,0.28787878155708313,1.764267,1.619916,0.144351
test,"(50, 339)",176,1,14.0,1.0,1.0,2.449718,4.347934,-1.898217
test,"(339, 176)",180,1,30.0,10.0,0.30000001192092896,4.006580,3.153517,0.853063
test,"(35, 46)",44,1,17.0,5.0,0.3529411852359772,4.003625,1.246366,2.757259
test,"(180, 194)",350,1,196.0,19.0,0.16836734116077423,4.271837,6.113244,-1.841406
test,"(232, 12)",83,1,398.0,6.0,0.80402010679245,4.505855,3.467806,1.038049
test,"(64, 349)",82,1,102.0,14.0,0.30392158031463623,2.421953,1.570428,0.851526
test,"(218, 195)",262,1,770.0,13.0,0.4259740114212036,4.308017,6.548011,-2.239994
test,"(72, 402)",176,1,237.0,36.0,0.13080169260501862,6.671681,3.037850,3.633831
test,"(43, 7)",86,1,10.0,5.0,0.30000001192092896,3.356133,5.004716,-1.648584
test,"(11, 249)",458,1,231.0,27.0,0.16450215876102448,8.789972,6.158159,2.631814
test,"(413, 82)",8,1,1.0,1.0,1.0,4.072188,3.809043,0.263145
test,"(13, 473)",7,1,151.0,20.0,0.22516556084156036,2.465981,1.551215,0.914766
test,"(134, 81)",26,1,669.0,43.0,0.22421523928642273,8.119853,7.782250,0.337603
test,"(14, 134)",35,1,463.0,54.0,0.09935205429792404,3.672710,3.328005,0.344705
test,"(26, 302)",14,1,35.0,1.0,1.0,0.809097,0.069940,0.739157
test,"(225, 206)",86,1,17.0,3.0,0.8235294222831726,1.810418,0.310431,1.499987
test,"(134, 385)",232,1,277.0,7.0,0.8411552309989929,2.291967,2.916284,-0.624317
test,"(187, 77)",84,1,38.0,3.0,0.9210526347160339,5.713387,0.208225,5.505163
test,"(14, 363)",78,1,41.0,12.0,0.3414634168148041,2.357189,2.094448,0.262741
test,"(363, 78)",242,1,126.0,7.0,0.3095238208770752,3.167139,1.277318,1.889821
test,"(88, 82)",360,1,254.0,32.0,0.18110236525535583,6.620288,8.833149,-2.212861
test,"(13, 82)",81,1,629.0,30.0,0.1621621549129486,6.445504,4.548273,1.897231
test,"(78, 87)",13,1,79.0,20.0,0.3544303774833679,4.358419,3.193926,1.164493
test,"(86, 69)",286,0,0.0,0.0,0.0,5.154017,3.152049,2.001968
test,"(186, 134)",385,1,1054.0,89.0,0.07020872831344604,3.847662,4.474189,-0.626527
test,"(358, 182)",69,1,5.0,1.0,1.0,3.284490,0.254308,3.030182
test,"(402, 134)",52,1,370.0,21.0,0.4648648500442505,5.255231,3.045242,2.209989
test,"(47, 200)",64,1,74.0,5.0,0.5810810923576355,2.883572,0.649818,2.233754
test,"(79, 58)",15,1,22.0,8.0,0.22727273404598236,2.358543,3.374262,-1.015719
test,"(14, 134)",54,1,463.0,54.0,0.09935205429792404,6.006073,3.875045,2.131028
test,"(64, 76)",134,1,316.0,55.0,0.10759493708610535,4.204060,5.101891,-0.897832
test,"(200, 223)",265,1,45.0,2.0,0.9777777791023254,6.220375,0.143759,6.076616
test,"(269, 134)",324,1,416.0,52.0,0.08653846383094788,8.952425,9.619122,-0.666697
test,"(134, 68)",188,1,722.0,31.0,0.2506925165653229,4.331424,3.975420,0.356003
test,"(236, 225)",78,1,1.0,1.0,1.0,1.821898,2.269269,-0.447370
test,"(266, 86)",205,1,20.0,4.0,0.550000011920929,3.338820,0.761076,2.577743
test,"(241, 75)",180,1,117.0,27.0,0.14529915153980255,5.023867,2.265422,2.758445
test,"(180, 270)",199,1,677.0,38.0,0.5450516939163208,1.407923,0.631583,0.776339
test,"(13, 184)",200,1,140.0,8.0,0.47857141494750977,4.817072,2.073318,2.743755
test,"(178, 74)",186,1,86.0,16.0,0.27906978130340576,8.463930,7.695858,0.768072
test,"(78, 87)",11,1,79.0,20.0,0.3544303774833679,5.402841,4.542768,0.860073
test,"(215, 180)",266,1,21.0,11.0,0.190476194024086,4.204720,4.960049,-0.755328
test,"(13, 186)",336,1,60.0,16.0,0.3333333432674408,4.407232,6.122878,-1.715646
test,"(173, 17)",259,0,0.0,0.0,0.0,5.038342,5.645951,-0.607609
test,"(213, 176)",66,1,137.0,21.0,0.15328466892242432,6.451257,3.547358,2.903899
test,"(10, 8)",189,1,15.0,4.0,0.5333333611488342,1.847727,0.757234,1.090493
test,"(66, 13)",52,1,371.0,44.0,0.10512129217386246,7.497061,9.027924,-1.530863
test,"(79, 435)",71,1,71.0,13.0,0.5211267471313477,5.059694,0.757318,4.302376
test,"(7, 15)",218,1,181.0,7.0,0.6685082912445068,4.312940,2.771099,1.541841
test,"(255, 320)",495,1,10.0,4.0,0.4000000059604645,2.546588,2.886227,-0.339640
test,"(134, 88)",12,1,125.0,22.0,0.2639999985694885,4.492522,4.089137,0.403385
test,"(289, 428)",86,1,13.0,3.0,0.4615384638309479,3.660166,0.928769,2.731397
test,"(78, 368)",225,1,78.0,23.0,0.12820513546466827,6.316055,5.573302,0.742753
test,"(225, 464)",67,1,75.0,14.0,0.3333333432674408,5.274288,2.269810,3.004478
test,"(316, 12)",29,0,0.0,0.0,0.0,12.127699,8.565177,3.562522
test,"(244, 217)",316,0,0.0,0.0,0.0,4.926232,5.937082,-1.010850
test,"(68, 320)",349,1,14.0,6.0,0.5,5.597327,6.154633,-0.557306
test,"(75, 222)",255,1,281.0,3.0,0.9786477088928223,4.862191,7.095392,-2.233202
test,"(60, 134)",280,1,122.0,33.0,0.2540983557701111,4.776723,6.062846,-1.286123
test,"(231, 77)",244,1,29.0,2.0,0.8620689511299133,2.663228,0.273775,2.389453
test,"(47, 75)",222,1,18.0,4.0,0.6666666865348816,4.148172,5.002306,-0.854134
test,"(188, 11)",442,1,151.0,33.0,0.23178808391094208,5.496995,7.196090,-1.699095
test,"(38, 206)",84,1,54.0,2.0,0.9074074029922485,1.412119,0.183533,1.228586
test,"(169, 302)",14,1,6.0,1.0,1.0,0.896604,0.138858,0.757746
test,"(222, 68)",58,1,622.0,46.0,0.28938907384872437,5.621370,6.036755,-0.415385
test,"(60, 26)",134,1,277.0,20.0,0.2527075707912445,5.344403,6.352559,-1.008155
test,"(84, 387)",336,1,447.0,25.0,0.23042505979537964,4.876946,6.796072,-1.919125
test,"(249, 386)",65,1,289.0,3.0,0.875432550907135,1.426404,0.209079,1.217325
test,"(66, 25)",249,1,46.0,13.0,0.32608696818351746,3.222953,4.885170,-1.662217
test,"(289, 72)",182,1,324.0,9.0,0.4969135820865631,3.424655,2.313731,1.110924
test,"(419, 230)",354,1,72.0,6.0,0.7222222089767456,4.623638,0.442186,4.181452
test,"(13, 301)",322,1,95.0,3.0,0.9052631855010986,6.920153,9.193619,-2.273466
test,"(68, 215)",50,1,420.0,45.0,0.18571428954601288,6.687452,8.839823,-2.152370
test,"(208, 258)",322,1,2.0,1.0,1.0,5.329584,6.412771,-1.083187
test,"(70, 83)",71,1,325.0,11.0,0.7938461303710938,1.633325,0.310015,1.323310
test,"(82, 303)",483,1,22.0,11.0,0.4545454680919647,7.653521,4.441972,3.211549
test,"(75, 222)",255,1,281.0,3.0,0.9786477088928223,4.908219,7.138268,-2.230049
test,"(68, 134)",202,1,189.0,56.0,0.16402116417884827,6.946438,4.967603,1.978835
test,"(233, 83)",308,1,117.0,15.0,0.38461539149284363,6.446986,7.830073,-1.383087
test,"(258, 322)",13,1,5.0,4.0,0.4000000059604645,3.848356,3.817778,0.030578
test,"(340, 7)",82,1,233.0,32.0,0.4163089990615845,3.211609,3.617082,-0.405474
test,"(13, 37)",342,1,50.0,8.0,0.2800000011920929,6.517141,6.528843,-0.011702
test,"(79, 218)",193,1,7.0,3.0,0.7142857313156128,2.166974,3.067266,-0.900293
test,"(77, 68)",70,1,681.0,22.0,0.3186490535736084,4.967972,3.336646,1.631326
test,"(322, 13)",53,1,56.0,10.0,0.3214285671710968,6.811777,8.208279,-1.396502
test,"(134, 46)",81,1,298.0,29.0,0.14429530501365662,3.300834,2.370442,0.930392
test,"(405, 191)",344,1,1.0,1.0,1.0,4.933561,3.854174,1.079387
test,"(11, 249)",68,1,231.0,27.0,0.16450215876102448,3.439870,2.604140,0.835731
test,"(316, 213)",182,1,11.0,7.0,0.3636363744735718,2.526766,3.250882,-0.724116
test,"(26, 186)",207,1,592.0,40.0,0.2753378450870514,3.563778,1.366806,2.196972
test,"(89, 176)",78,1,65.0,3.0,0.9692307710647583,4.156024,0.146203,4.009820
test,"(188, 83)",134,1,145.0,34.0,0.22758620977401733,4.241947,2.325270,1.916677
test,"(269, 134)",253,1,416.0,52.0,0.08653846383094788,9.648726,11.511421,-1.862694
test,"(82, 296)",86,1,328.0,4.0,0.7987805008888245,2.348479,1.986754,0.361725
test,"(179, 58)",75,1,103.0,16.0,0.3009708821773529,4.238111,4.363387,-0.125276
test,"(12, 16)",60,1,1082.0,42.0,0.13031423091888428,2.682439,3.019915,-0.337476
test,"(232, 289)",428,1,6.0,3.0,0.5,6.742126,3.226376,3.515750
test,"(196, 83)",71,1,252.0,1.0,1.0,2.265813,0.096649,2.169164
test,"(87, 13)",88,1,58.0,27.0,0.1034482792019844,8.787943,8.335159,0.452784
test,"(82, 81)",66,1,34.0,4.0,0.7941176295280457,4.686651,0.360815,4.325836
test,"(7, 214)",75,1,23.0,5.0,0.47826087474823,4.266544,2.844295,1.422249
test,"(230, 79)",200,1,89.0,22.0,0.1910112351179123,3.216406,3.430981,-0.214575
test,"(230, 65)",78,1,42.0,14.0,0.2380952388048172,3.759341,4.186624,-0.427283
test,"(66, 84)",341,1,221.0,9.0,0.5384615659713745,1.938531,0.699981,1.238549
test,"(81, 13)",287,1,92.0,21.0,0.22826087474822998,5.804861,6.012106,-0.207245
test,"(75, 67)",7,1,82.0,19.0,0.2195121943950653,3.391536,2.662437,0.729100
test,"(398, 64)",7,1,22.0,11.0,0.1818181872367859,4.841903,1.952984,2.888919
test,"(293, 188)",183,1,573.0,54.0,0.38394415378570557,6.723315,7.416398,-0.693083
test,"(36, 85)",327,1,156.0,2.0,0.9807692170143127,2.893263,0.122550,2.770713
test,"(259, 303)",190,1,49.0,6.0,0.40816327929496765,2.851474,4.654150,-1.802676
test,"(299, 336)",191,1,14.0,6.0,0.2857142984867096,5.670403,5.747286,-0.076883
test,"(13, 195)",194,1,26.0,10.0,0.5384615659713745,4.607898,5.442779,-0.834881
test,"(28, 316)",85,0,0.0,0.0,0.0,2.920116,2.128735,0.791381
test,"(68, 215)",180,1,420.0,45.0,0.18571428954601288,3.585143,3.174667,0.410475
test,"(302, 14)",336,1,697.0,31.0,0.5882353186607361,7.714170,9.946758,-2.232588
test,"(213, 78)",82,1,219.0,5.0,0.3561643958091736,4.074889,1.567162,2.507727
test,"(322, 82)",58,1,29.0,6.0,0.517241358757019,3.849306,5.335824,-1.486518
test,"(75, 222)",68,1,281.0,3.0,0.9786477088928223,1.137397,0.091170,1.046227
test,"(13, 53)",501,1,30.0,3.0,0.4333333373069763,3.506599,4.272870,-0.766271
test,"(70, 60)",26,1,7.0,3.0,0.4285714328289032,2.653515,1.701651,0.951864
test,"(60, 26)",195,1,277.0,20.0,0.2527075707912445,3.805513,1.721572,2.083941
test,"(14, 172)",134,0,0.0,0.0,0.0,1.667271,2.241462,-0.574190
test,"(134, 18)",82,1,252.0,34.0,0.130952388048172,5.048896,6.353936,-1.305040
test,"(17, 82)",230,1,10.0,4.0,0.6000000238418579,6.407557,6.468959,-0.061402
test,"(280, 336)",134,1,4.0,2.0,0.75,3.461192,3.795881,-0.334689
test,"(70, 13)",11,1,172.0,38.0,0.13372093439102173,8.329336,6.601237,1.728099
test,"(26, 186)",311,1,592.0,40.0,0.2753378450870514,2.810517,2.785602,0.024915
test,"(13, 73)",82,1,158.0,3.0,0.5696202516555786,1.661993,0.989982,0.672011
test,"(189, 134)",287,1,667.0,50.0,0.2353823035955429,4.250315,5.651285,-1.400970
test,"(269, 189)",213,1,93.0,15.0,0.31182795763015747,5.779388,2.516320,3.263069
test,"(78, 477)",207,1,8.0,4.0,0.5,5.814511,1.955310,3.859201
test,"(40, 173)",76,1,111.0,2.0,0.6756756901741028,3.290423,0.500133,2.790290
test,"(62, 82)",78,1,979.0,34.0,0.3534218668937683,3.067952,5.253768,-2.185816
test,"(115, 285)",123,1,254.0,8.0,0.31889763474464417,2.595159,1.379163,1.215997
test,"(195, 507)",337,1,159.0,6.0,0.7295597195625305,1.220976,0.376419,0.844557
test,"(388, 297)",230,1,18.0,1.0,1.0,1.005733,0.086114,0.919619
test,"(235, 505)",25,1,302.0,33.0,0.23178808391094208,1.711408,1.460870,0.250538
test,"(201, 478)",251,1,115.0,11.0,0.52173912525177,2.641473,0.728994,1.912479
test,"(439, 226)",212,1,129.0,28.0,0.1860465109348297,3.337945,1.740713,1.597232
test,"(354, 25)",199,1,120.0,10.0,0.40833333134651184,0.902113,1.158702,-0.256589
test,"(116, 260)",127,1,21.0,3.0,0.8571428656578064,2.825730,0.281464,2.544267
test,"(230, 77)",223,1,47.0,14.0,0.21276596188545227,1.812092,2.382276,-0.570185
test,"(221, 134)",365,1,349.0,30.0,0.28080227971076965,2.347410,1.344099,1.003312
test,"(254, 110)",476,1,712.0,51.0,0.16853933036327362,3.310252,2.407669,0.902583
test,"(158, 338)",119,1,2.0,1.0,1.0,2.021331,0.455383,1.565948
test,"(212, 116)",260,1,363.0,20.0,0.25068870186805725,5.118032,2.943229,2.174804
test,"(86, 51)",78,1,8.0,2.0,0.625,1.737047,0.669847,1.067200
test,"(51, 78)",477,1,463.0,37.0,0.24622030556201935,7.097154,4.253389,2.843765
test,"(86, 51)",78,1,8.0,2.0,0.625,1.852407,0.673602,1.178805
test,"(219, 177)",313,1,24.0,7.0,0.4166666567325592,5.751182,7.436262,-1.685080
test,"(50, 79)",68,1,24.0,5.0,0.4583333432674408,2.884836,1.782726,1.102110
test,"(77, 67)",11,1,290.0,41.0,0.24482758343219757,5.000731,4.662763,0.337968
test,"(213, 72)",219,1,11.0,2.0,0.7272727489471436,8.679397,0.521487,8.157910
test,"(243, 7)",72,1,27.0,10.0,0.2222222238779068,5.318500,3.141685,2.176815
test,"(176, 81)",178,1,614.0,14.0,0.7638436555862427,2.480094,0.362162,2.117932
test,"(84, 403)",14,1,6.0,1.0,1.0,8.714544,8.612571,0.101973
test,"(158, 338)",119,1,2.0,1.0,1.0,1.785327,0.449838,1.335489
test,"(6, 25)",199,1,345.0,25.0,0.36811593174934387,1.094368,0.992623,0.101744
test,"(127, 158)",338,1,106.0,7.0,0.7264150977134705,6.151950,4.501231,1.650719
test,"(199, 127)",152,1,615.0,41.0,0.17398373782634735,5.025444,3.640194,1.385250
test,"(212, 110)",251,1,507.0,33.0,0.15976330637931824,4.896579,3.070007,1.826572
test,"(221, 212)",116,1,368.0,17.0,0.24184782803058624,3.112813,2.181409,0.931403
test,"(199, 131)",166,1,113.0,1.0,1.0,0.031264,0.003100,0.028164
test,"(189, 134)",74,1,667.0,50.0,0.2353823035955429,4.393149,5.648841,-1.255692
test,"(0, 175)",85,1,3.0,2.0,0.6666666865348816,7.557664,5.467871,2.089793
test,"(128, 140)",497,1,393.0,42.0,0.19083969295024872,4.358139,3.380339,0.977800
test,"(110, 212)",116,1,124.0,14.0,0.19354838132858276,2.796566,1.748150,1.048416
test,"(116, 127)",115,1,91.0,3.0,0.8681318759918213,2.214841,0.240281,1.974560
test,"(201, 212)",116,1,289.0,17.0,0.2560553550720215,2.949114,2.552113,0.397000
test,"(212, 116)",238,1,363.0,20.0,0.25068870186805725,4.603714,2.843121,1.760593
test,"(45, 386)",65,1,25.0,2.0,0.9599999785423279,1.970504,0.145596,1.824908
test,"(169, 245)",302,1,11.0,5.0,0.3636363744735718,4.479363,5.044977,-0.565614
test,"(452, 134)",68,1,126.0,35.0,0.2380952388048172,4.692855,5.234009,-0.541153
test,"(51, 429)",318,1,32.0,3.0,0.90625,5.180166,7.467447,-2.287281
test,"(299, 48)",83,0,0.0,0.0,0.0,7.575643,8.102416,-0.526773
test,"(134, 87)",13,1,145.0,23.0,0.30344828963279724,5.111413,3.191968,1.919445
test,"(201, 480)",313,0,0.0,0.0,0.0,3.293254,4.175234,-0.881980
test,"(317, 127)",123,1,196.0,17.0,0.2091836780309677,3.336774,4.740904,-1.404130
test,"(49, 36)",480,1,257.0,34.0,0.1750972718000412,5.349595,6.529406,-1.179811
test,"(81, 200)",205,1,11.0,1.0,1.0,8.557259,0.175754,8.381505
test,"(36, 45)",35,1,213.0,21.0,0.2535211145877838,4.123839,2.613373,1.510466
test,"(200, 7)",353,1,283.0,14.0,0.9328621625900269,4.844427,0.175986,4.668441
test,"(25, 199)",127,1,2122.0,114.0,0.12205466628074646,2.590570,2.112947,0.477623
test,"(78, 67)",25,1,495.0,27.0,0.3292929232120514,2.716543,4.449302,-1.732759
test,"(85, 327)",487,1,353.0,33.0,0.22662889957427979,6.291309,3.103329,3.187981
test,"(74, 282)",268,1,346.0,17.0,0.6820809245109558,1.533611,0.449822,1.083789
test,"(44, 197)",84,1,8.0,1.0,1.0,4.510217,0.202082,4.308135
test,"(465, 50)",410,1,87.0,1.0,1.0,1.822651,0.095801,1.726850
test,"(382, 207)",92,1,8.0,4.0,0.375,1.441961,1.684527,-0.242565
test,"(13, 214)",82,1,275.0,14.0,0.27272728085517883,2.477466,1.392731,1.084735
test,"(177, 82)",84,1,12.0,6.0,0.5,4.654942,5.079349,-0.424407
test,"(298, 74)",282,1,488.0,29.0,0.7049180269241333,2.011013,0.430112,1.580902
test,"(76, 13)",77,1,447.0,52.0,0.08501118421554565,5.130786,3.894485,1.236301
test,"(72, 219)",177,1,30.0,2.0,0.800000011920929,9.054913,0.358801,8.696111
test,"(109, 238)",201,1,49.0,4.0,0.8979591727256775,2.525902,2.908724,-0.382822
test,"(184, 180)",310,1,81.0,17.0,0.3580246865749359,7.986354,7.599733,0.386620
test,"(67, 6)",434,1,56.0,13.0,0.3928571343421936,1.919928,1.962964,-0.043036
test,"(413, 52)",184,0,0.0,0.0,0.0,4.260008,3.446193,0.813814
test,"(253, 258)",88,1,80.0,1.0,1.0,2.331708,0.102092,2.229616
test,"(292, 253)",29,1,1291.0,1.0,1.0,0.132912,0.012783,0.120128
test,"(319, 76)",25,1,85.0,5.0,0.4941176474094391,2.419821,0.806742,1.613080
test,"(229, 351)",8,1,508.0,42.0,0.2696850299835205,5.102257,4.145993,0.956264
test,"(5, 334)",79,1,3.0,2.0,0.6666666865348816,1.997348,2.557566,-0.560218
test,"(77, 68)",80,1,681.0,22.0,0.3186490535736084,9.246449,10.186167,-0.939719
test,"(84, 403)",79,1,6.0,1.0,1.0,2.496221,0.221528,2.274693
test,"(237, 68)",80,0,0.0,0.0,0.0,10.097319,6.758028,3.339291
test,"(78, 67)",202,1,495.0,27.0,0.3292929232120514,4.568461,1.449487,3.118975
test,"(75, 298)",74,1,532.0,14.0,0.7875939607620239,0.587708,0.264441,0.323266
test,"(68, 13)",179,1,613.0,39.0,0.31647634506225586,2.675061,2.979442,-0.304381
test,"(5, 83)",423,0,0.0,0.0,0.0,4.536781,3.595012,0.941769
test,"(229, 201)",251,1,181.0,36.0,0.1712707132101059,3.650784,2.799259,0.851525
test,"(327, 487)",12,1,18.0,6.0,0.4444444477558136,2.180277,0.978265,1.202012
test,"(253, 29)",133,1,1481.0,23.0,0.18568535149097443,2.671379,1.746170,0.925209
test,"(86, 56)",25,1,2.0,1.0,1.0,2.852643,0.523810,2.328833
test,"(173, 274)",25,1,402.0,35.0,0.19402985274791718,1.580786,1.616953,-0.036166
test,"(191, 293)",180,1,141.0,14.0,0.368794322013855,3.613527,2.952394,0.661133
test,"(5, 230)",325,1,199.0,21.0,0.18592964112758636,2.918390,1.764543,1.153846
test,"(217, 40)",173,1,10.0,1.0,1.0,1.869359,0.160833,1.708526
test,"(347, 360)",72,1,18.0,1.0,1.0,3.320669,5.250714,-1.930045
test,"(165, 127)",153,1,176.0,25.0,0.17045454680919647,2.914706,2.710919,0.203787
test,"(292, 253)",29,1,1291.0,1.0,1.0,0.237333,0.021615,0.215718
test,"(391, 64)",70,1,45.0,3.0,0.6666666865348816,1.845227,0.501771,1.343457
test,"(267, 471)",25,1,305.0,38.0,0.24590164422988892,6.077498,3.455860,2.621638
test,"(78, 368)",43,1,78.0,23.0,0.12820513546466827,5.383234,4.121618,1.261616
test,"(25, 363)",400,1,180.0,14.0,0.3055555522441864,0.776871,1.314884,-0.538012
test,"(85, 78)",196,1,114.0,4.0,0.5877193212509155,3.635290,0.641991,2.993299
test,"(83, 88)",33,1,121.0,20.0,0.22314049303531647,5.350826,4.585029,0.765797
test,"(191, 64)",417,1,103.0,7.0,0.3883495032787323,1.874446,1.022725,0.851720
test,"(79, 493)",326,1,271.0,2.0,0.8856088519096375,0.104238,0.117843,-0.013604
test,"(8, 11)",193,1,663.0,52.0,0.1161387637257576,2.419473,2.162060,0.257413
test,"(30, 13)",182,1,485.0,46.0,0.12783505022525787,2.364996,2.284017,0.080979
test,"(91, 199)",127,1,258.0,32.0,0.27519381046295166,1.479206,1.284698,0.194507
test,"(134, 365)",502,1,225.0,15.0,0.46666666865348816,0.642108,0.742883,-0.100775
test,"(88, 189)",245,1,287.0,18.0,0.5052264928817749,1.060682,0.711820,0.348862
test,"(285, 111)",251,1,102.0,10.0,0.813725471496582,2.373319,0.287017,2.086302
test,"(109, 238)",254,1,49.0,4.0,0.8979591727256775,2.888475,0.216732,2.671743
test,"(11, 336)",314,1,93.0,10.0,0.2795698940753937,9.524069,5.836337,3.687732
test,"(34, 324)",180,1,400.0,9.0,0.5325000286102295,3.230914,4.974468,-1.743554
test,"(11, 382)",218,1,181.0,25.0,0.16574585437774658,6.248415,3.602841,2.645574
test,"(245, 336)",34,1,117.0,6.0,0.8974359035491943,5.936796,4.578568,1.358228
test,"(69, 286)",60,1,439.0,32.0,0.20501138269901276,5.412192,5.246360,0.165832
test,"(189, 134)",196,1,667.0,50.0,0.2353823035955429,3.555727,1.538331,2.017397
test,"(11, 133)",92,1,210.0,22.0,0.34285715222358704,2.358460,1.137262,1.221198
test,"(13, 14)",467,1,144.0,28.0,0.1388888955116272,4.751237,3.363322,1.387915
test,"(203, 251)",127,1,408.0,33.0,0.18382352590560913,4.239996,1.896918,2.343078
test,"(212, 112)",444,1,371.0,14.0,0.2533692717552185,1.612636,1.393537,0.219099
test,"(376, 120)",203,1,129.0,23.0,0.1782945692539215,3.744013,1.823147,1.920866
test,"(342, 26)",388,1,146.0,12.0,0.33561643958091736,1.276881,1.557928,-0.281048
test,"(25, 310)",279,1,210.0,3.0,0.9714285731315613,0.427397,0.063676,0.363721
test,"(11, 510)",363,1,48.0,8.0,0.3958333432674408,3.876731,2.479023,1.397709
test,"(367, 199)",182,1,850.0,21.0,0.36352941393852234,3.936172,2.083546,1.852626
test,"(14, 86)",509,1,90.0,8.0,0.5444444417953491,1.822145,1.552844,0.269300
test,"(199, 31)",14,1,309.0,4.0,0.6893203854560852,1.157674,0.429087,0.728587
test,"(400, 82)",33,1,354.0,44.0,0.12994350492954254,4.877378,4.667519,0.209859
test,"(14, 83)",459,1,178.0,16.0,0.32022473216056824,2.550618,1.295216,1.255402
test,"(459, 301)",298,1,34.0,2.0,0.529411792755127,3.432397,0.775879,2.656519
test,"(50, 398)",84,1,234.0,14.0,0.747863233089447,3.776342,3.079472,0.696870
test,"(11, 134)",233,1,2212.0,121.0,0.059222422540187836,4.678502,5.199441,-0.520939
test,"(301, 178)",68,1,277.0,3.0,0.8483754396438599,1.359638,0.238988,1.120650
test,"(408, 51)",197,1,6.0,2.0,0.6666666865348816,3.701451,0.702474,2.998976
test,"(51, 197)",377,1,117.0,3.0,0.8632478713989258,1.915812,0.240020,1.675792
test,"(398, 84)",79,1,12.0,1.0,1.0,2.385422,0.153704,2.231718
test,"(35, 438)",76,1,35.0,4.0,0.6285714507102966,5.142902,6.320904,-1.178003
test,"(67, 60)",180,1,41.0,11.0,0.4390243887901306,1.929177,0.877422,1.051756
test,"(180, 408)",318,1,606.0,15.0,0.5808581113815308,5.241485,2.923081,2.318404
test,"(186, 297)",230,1,563.0,28.0,0.7033748030662537,0.378741,0.332968,0.045773
test,"(11, 194)",398,1,221.0,27.0,0.22171945869922638,1.937367,2.562052,-0.624686
test,"(13, 66)",263,1,794.0,28.0,0.2745591998100281,4.964435,4.205436,0.758999
test,"(301, 88)",188,1,51.0,1.0,1.0,2.447047,0.109863,2.337184
test,"(34, 241)",82,1,34.0,2.0,0.6764705777168274,2.665783,1.262521,1.403262
test,"(188, 180)",199,1,122.0,25.0,0.26229506731033325,3.267078,2.118346,1.148732
test,"(134, 88)",28,1,125.0,22.0,0.2639999985694885,5.558160,6.505717,-0.947557
test,"(6, 17)",15,0,0.0,0.0,0.0,4.614257,2.332912,2.281345
test,"(23, 11)",27,1,132.0,20.0,0.27272728085517883,7.850155,10.063615,-2.213460
test,"(77, 82)",28,1,193.0,38.0,0.11917098611593246,6.045950,4.113924,1.932026
test,"(13, 86)",18,1,210.0,15.0,0.25238096714019775,8.163787,10.374177,-2.210390
test,"(1, 67)",401,1,10.0,3.0,0.6000000238418579,3.009330,4.107350,-1.098021
test,"(18, 17)",59,1,119.0,24.0,0.22689075767993927,6.250346,3.415307,2.835039
test,"(234, 78)",389,1,195.0,28.0,0.23076923191547394,7.977657,10.086444,-2.108788
test,"(29, 27)",227,1,25.0,2.0,0.9599999785423279,5.641179,7.940349,-2.299170
test,"(88, 13)",179,1,266.0,49.0,0.1428571492433548,3.383725,3.881115,-0.497390
test,"(52, 81)",75,1,143.0,1.0,1.0,4.326859,0.109042,4.217817
test,"(26, 343)",269,1,184.0,18.0,0.33152174949645996,1.100085,1.085337,0.014748
test,"(76, 175)",180,1,578.0,64.0,0.22145329415798187,5.142736,3.887715,1.255022
test,"(78, 242)",188,1,355.0,19.0,0.19718310236930847,1.629648,1.605070,0.024578
test,"(86, 50)",398,1,7.0,1.0,1.0,1.962369,3.940280,-1.977911
test,"(50, 398)",84,1,234.0,14.0,0.747863233089447,2.924214,3.014638,-0.090424
test,"(184, 67)",7,1,251.0,38.0,0.19920319318771362,2.454476,3.973027,-1.518551
test,"(47, 206)",498,1,170.0,9.0,0.4470588266849518,7.020444,3.009732,4.010713
test,"(30, 13)",214,1,485.0,46.0,0.12783505022525787,4.337555,3.695486,0.642069
test,"(4, 11)",134,1,10.0,5.0,0.4000000059604645,1.969086,1.667394,0.301692
test,"(214, 82)",74,1,192.0,12.0,0.453125,6.162971,1.641176,4.521795
test,"(19, 15)",4,1,153.0,41.0,0.09150326997041702,3.705176,3.529821,0.175355
test,"(193, 134)",8,1,864.0,79.0,0.08796296268701553,4.757293,2.525665,2.231628
test,"(259, 186)",225,1,195.0,26.0,0.13333334028720856,3.608365,3.575772,0.032593
test,"(81, 70)",65,1,176.0,1.0,1.0,2.633106,0.101514,2.531592
test,"(474, 67)",200,1,10.0,5.0,0.30000001192092896,4.154268,3.611326,0.542942
test,"(25, 227)",12,1,209.0,3.0,0.880382776260376,1.350198,0.197941,1.152256
test,"(186, 484)",245,1,21.0,3.0,0.8095238208770752,5.365641,0.358258,5.007383
test,"(489, 12)",425,1,628.0,16.0,0.20859873294830322,8.136136,7.766455,0.369681
test,"(287, 12)",19,1,340.0,8.0,0.3735294044017792,3.967559,1.836645,2.130914
test,"(12, 19)",309,1,677.0,27.0,0.3810930550098419,3.162335,2.132015,1.030320
test,"(374, 228)",173,1,514.0,1.0,1.0,0.426451,0.036319,0.390132
test,"(378, 12)",457,1,576.0,3.0,0.9444444179534912,0.417394,0.088972,0.328422
test,"(345, 25)",65,1,558.0,12.0,0.560931921005249,1.427854,0.638443,0.789410
test,"(442, 206)",84,1,147.0,1.0,1.0,1.932846,0.093675,1.839171
test,"(14, 19)",15,1,57.0,3.0,0.9298245906829834,2.728923,0.181631,2.547291
test,"(72, 81)",179,1,560.0,26.0,0.5571428537368774,1.414215,0.642752,0.771463
test,"(253, 29)",347,1,1481.0,23.0,0.18568535149097443,2.622269,2.713908,-0.091639
test,"(70, 415)",67,1,210.0,1.0,1.0,0.281153,0.025046,0.256107
test,"(75, 134)",74,1,66.0,28.0,0.13636364042758942,3.279738,3.721489,-0.441751
test,"(311, 208)",35,1,26.0,12.0,0.23076923191547394,5.560878,4.670224,0.890654
test,"(78, 479)",54,1,335.0,41.0,0.16417910158634186,4.951686,4.008671,0.943015
test,"(133, 92)",133,1,829.0,10.0,0.7647768259048462,1.050694,0.323562,0.727132
test,"(239, 85)",298,1,63.0,3.0,0.8888888955116272,1.200046,0.195627,1.004419
test,"(189, 134)",314,1,667.0,50.0,0.2353823035955429,5.009326,2.946317,2.063009
test,"(178, 76)",389,1,580.0,50.0,0.12586206197738647,2.140961,2.081975,0.058985
test,"(7, 82)",64,1,371.0,32.0,0.32614555954933167,4.506921,3.622254,0.884667
test,"(230, 69)",342,1,124.0,22.0,0.41129031777381897,3.946673,3.754924,0.191750
test,"(199, 66)",366,1,115.0,15.0,0.19130434095859528,3.676707,1.760211,1.916497
test,"(119, 414)",186,1,67.0,23.0,0.16417910158634186,5.678780,5.451865,0.226915
test,"(257, 26)",186,1,64.0,11.0,0.296875,1.379639,1.195665,0.183974
test,"(67, 279)",35,1,117.0,16.0,0.36752137541770935,4.612841,1.102988,3.509853
test,"(84, 471)",35,1,112.0,17.0,0.3482142984867096,3.988706,2.227378,1.761328
test,"(201, 338)",120,1,62.0,1.0,1.0,1.811146,0.097153,1.713993
test,"(0, 270)",213,1,127.0,22.0,0.3779527544975281,5.104310,3.691069,1.413241
test,"(242, 188)",173,1,284.0,29.0,0.21830986440181732,5.501696,2.310480,3.191216
test,"(254, 119)",351,1,418.0,21.0,0.4617224931716919,0.572552,0.729361,-0.156808
test,"(119, 351)",127,1,472.0,33.0,0.31355932354927063,1.571866,1.617940,-0.046074
test,"(190, 435)",25,1,442.0,45.0,0.1719457060098648,1.173056,1.595476,-0.422420
test,"(34, 32)",45,1,85.0,8.0,0.3176470696926117,3.973483,3.591445,0.382037
test,"(36, 35)",207,1,96.0,27.0,0.1770833283662796,6.295228,2.435867,3.859362
test,"(134, 504)",25,1,371.0,41.0,0.4312668442726135,3.669194,2.619764,1.049431
test,"(72, 184)",27,1,511.0,32.0,0.463796466588974,1.575105,0.822544,0.752561
test,"(88, 180)",249,1,188.0,31.0,0.15425531566143036,2.763927,2.308831,0.455097
test,"(50, 34)",6,1,127.0,11.0,0.33070865273475647,7.636270,1.505368,6.130902
test,"(133, 404)",266,1,1049.0,23.0,0.6234509348869324,5.730036,3.656231,2.073804
test,"(82, 228)",335,1,54.0,3.0,0.8703703880310059,0.499393,0.177911,0.321482
test,"(335, 308)",205,1,4.0,1.0,1.0,7.579403,0.307663,7.271740
test,"(219, 34)",458,1,31.0,2.0,0.5806451439857483,3.166970,1.021027,2.145943
test,"(248, 62)",74,1,378.0,23.0,0.27513226866722107,4.887481,2.874001,2.013480
test,"(133, 133)",2,1,2512.0,71.0,0.19864650070667267,1.933920,2.710923,-0.777003
test,"(87, 90)",187,1,1.0,1.0,1.0,9.093270,8.697886,0.395384
test,"(425, 361)",71,1,26.0,1.0,1.0,1.988028,0.111682,1.876347
test,"(25, 189)",72,1,709.0,83.0,0.25528913736343384,7.630286,7.466241,0.164045
test,"(88, 134)",280,1,157.0,48.0,0.14649681746959686,4.949977,3.427043,1.522933
test,"(72, 248)",7,1,458.0,36.0,0.2925764322280884,3.435999,2.463159,0.972841
test,"(76, 65)",67,1,202.0,14.0,0.2871287167072296,6.178071,2.561679,3.616392
test,"(64, 11)",249,1,59.0,12.0,0.6440678238868713,3.586916,5.219487,-1.632571
test,"(77, 223)",60,1,586.0,45.0,0.12457337975502014,3.970707,3.436115,0.534591
test,"(358, 68)",64,1,107.0,6.0,0.44859811663627625,4.600718,1.155770,3.444948
test,"(8, 58)",15,1,104.0,9.0,0.5961538553237915,2.981291,0.614299,2.366992
test,"(473, 180)",396,1,36.0,8.0,0.25,3.726888,1.550693,2.176194
test,"(86, 427)",193,1,2.0,2.0,0.5,1.724730,1.850278,-0.125548
test,"(308, 442)",197,1,3.0,2.0,0.6666666865348816,2.594695,0.843820,1.750875
test,"(83, 7)",85,1,179.0,42.0,0.1508379876613617,3.625514,4.077852,-0.452338
test,"(69, 1)",59,1,674.0,52.0,0.4243323504924774,2.990628,1.904024,1.086605
test,"(77, 40)",12,1,17.0,1.0,1.0,5.212022,6.845738,-1.633717
test,"(45, 49)",282,1,24.0,13.0,0.3333333432674408,7.294828,4.655036,2.639792
test,"(223, 60)",193,1,21.0,11.0,0.2380952388048172,1.870834,2.091441,-0.220606
test,"(74, 230)",90,1,5.0,4.0,0.4000000059604645,3.171758,3.773326,-0.601568
test,"(178, 249)",223,1,21.0,4.0,0.5714285969734192,1.534306,3.099710,-1.565404
test,"(62, 70)",197,1,147.0,19.0,0.22448979318141937,3.888920,2.217666,1.671254
test,"(14, 77)",62,1,66.0,10.0,0.27272728085517883,2.317568,4.424013,-2.106445
test,"(88, 308)",82,1,26.0,15.0,0.23076923191547394,4.766089,4.392074,0.374016
test,"(81, 370)",308,1,108.0,24.0,0.3611111044883728,3.872503,6.100572,-2.228069
test,"(266, 64)",85,1,90.0,5.0,0.46666666865348816,3.292644,1.144165,2.148479
test,"(472, 40)",43,1,284.0,6.0,0.9507042169570923,2.316083,0.144736,2.171347
test,"(195, 134)",54,1,1145.0,73.0,0.1764192134141922,6.048815,6.064848,-0.016034
test,"(177, 77)",68,1,105.0,2.0,0.9904761910438538,2.163814,0.108128,2.055686
test,"(298, 68)",389,1,448.0,34.0,0.3370535671710968,4.809835,3.590717,1.219119
test,"(77, 330)",14,1,102.0,30.0,0.10784313827753067,6.552403,4.473894,2.078509
test,"(38, 192)",383,1,27.0,2.0,0.9259259104728699,5.219731,0.211398,5.008333
test,"(75, 88)",134,1,313.0,54.0,0.11821085959672928,4.277341,2.228682,2.048659
test,"(50, 176)",85,1,295.0,4.0,0.8576270937919617,2.901603,0.254146,2.647457
test,"(192, 231)",261,1,53.0,5.0,0.8867924809455872,5.748028,0.238392,5.509637
test,"(176, 85)",298,1,253.0,1.0,1.0,1.079289,0.070897,1.008391
test,"(13, 73)",86,1,158.0,3.0,0.5696202516555786,5.746370,3.488997,2.257373
test,"(351, 134)",285,1,205.0,24.0,0.35121950507164,4.349875,3.277550,1.072325
test,"(474, 236)",190,1,36.0,2.0,0.9444444179534912,1.598375,0.153087,1.445288
test,"(173, 7)",467,1,145.0,22.0,0.33103448152542114,3.565102,5.140058,-1.574956
test,"(194, 342)",88,1,52.0,29.0,0.1538461595773697,9.315752,3.752678,5.563074
test,"(82, 13)",71,1,1646.0,100.0,0.11907655000686646,4.426589,4.946783,-0.520195
test,"(207, 195)",207,1,172.0,9.0,0.7325581312179565,1.699173,0.389392,1.309781
test,"(388, 134)",31,1,249.0,12.0,0.9156626462936401,2.221818,0.182759,2.039060
test,"(13, 467)",257,1,182.0,11.0,0.5,0.750552,1.980152,-1.229600
test,"(13, 236)",190,1,60.0,6.0,0.699999988079071,1.367215,0.421472,0.945743
test,"(280, 188)",41,1,394.0,35.0,0.2893401086330414,11.390676,7.444279,3.946397
test,"(11, 186)",134,1,483.0,43.0,0.4057970941066742,1.525740,0.930829,0.594911
test,"(201, 25)",212,1,44.0,16.0,0.3863636255264282,3.396284,1.752958,1.643326
test,"(175, 212)",109,1,4.0,3.0,0.5,2.831001,2.544515,0.286485
test,"(25, 474)",67,1,30.0,11.0,0.2666666805744171,7.066574,2.652586,4.413987
test,"(344, 257)",25,1,196.0,16.0,0.3163265287876129,1.313855,1.141298,0.172557
test,"(13, 236)",190,1,60.0,6.0,0.699999988079071,1.140861,0.411655,0.729206
test,"(220, 205)",88,1,73.0,1.0,1.0,0.494011,0.047432,0.446579
test,"(66, 66)",255,1,155.0,5.0,0.8645161390304565,3.557486,0.251511,3.305975
test,"(81, 25)",134,1,74.0,13.0,0.36486485600471497,1.562325,1.750660,-0.188336
test,"(323, 11)",134,1,195.0,25.0,0.25128206610679626,1.752847,1.362619,0.390228
test,"(13, 79)",88,1,945.0,28.0,0.16613756120204926,4.207080,2.041224,2.165856
test,"(69, 12)",23,1,112.0,4.0,0.9285714030265808,3.174554,0.181025,2.993529
test,"(71, 75)",72,1,27.0,4.0,0.8518518805503845,1.805276,0.267031,1.538245
test,"(287, 79)",14,1,505.0,29.0,0.5683168172836304,8.492285,4.487340,4.004945
test,"(428, 175)",13,1,136.0,21.0,0.38235294818878174,5.071973,4.558558,0.513414
test,"(36, 45)",416,1,213.0,21.0,0.2535211145877838,6.090862,5.185450,0.905413
test,"(49, 51)",62,1,77.0,15.0,0.3896103799343109,3.535976,2.543168,0.992808
test,"(62, 40)",35,1,70.0,3.0,0.6000000238418579,3.522215,1.233603,2.288612
test,"(86, 62)",178,1,114.0,18.0,0.19298245012760162,9.059948,6.174731,2.885217
test,"(133, 133)",214,1,2512.0,71.0,0.19864650070667267,3.119137,2.710816,0.408321
test,"(65, 268)",25,1,37.0,4.0,0.4864864945411682,4.742886,2.835798,1.907088
test,"(266, 80)",75,1,23.0,5.0,0.52173912525177,6.127991,0.815965,5.312026
test,"(205, 62)",67,1,128.0,23.0,0.3828125,4.724330,2.119954,2.604376
test,"(200, 184)",62,1,204.0,22.0,0.343137264251709,1.849381,1.693253,0.156128
test,"(62, 179)",283,1,191.0,9.0,0.32460734248161316,5.714806,2.745609,2.969197
test,"(73, 78)",175,1,127.0,2.0,0.8031495809555054,3.328774,0.326695,3.002079
test,"(51, 46)",42,1,121.0,14.0,0.41322314739227295,4.015113,0.993171,3.021942
test,"(84, 387)",62,1,447.0,25.0,0.23042505979537964,2.757943,3.808659,-1.050715
test,"(179, 283)",13,1,233.0,18.0,0.19742488861083984,3.481656,3.916108,-0.434452
test,"(268, 193)",297,1,129.0,28.0,0.1782945692539215,1.604745,2.842965,-1.238219
test,"(268, 186)",297,1,235.0,33.0,0.11063829809427261,2.404379,2.180154,0.224225
test,"(89, 177)",68,1,59.0,1.0,1.0,1.924165,0.098493,1.825673
test,"(1, 60)",92,1,401.0,31.0,0.21945136785507202,4.832622,4.146929,0.685693
test,"(372, 13)",8,1,465.0,54.0,0.11182795464992523,6.168351,3.905564,2.262787
test,"(262, 200)",236,1,88.0,1.0,1.0,1.983434,0.097867,1.885567
test,"(68, 66)",84,1,294.0,20.0,0.3163265287876129,4.255474,1.524773,2.730701
test,"(191, 13)",196,1,59.0,13.0,0.2542372941970825,3.271435,1.710459,1.560976
test,"(200, 64)",378,1,224.0,4.0,0.5223214030265808,3.608437,0.754827,2.853610
test,"(86, 82)",180,1,87.0,18.0,0.14942528307437897,2.594596,2.127893,0.466704
test,"(34, 51)",191,1,156.0,35.0,0.19871795177459717,7.168738,3.966115,3.202623
test,"(78, 324)",7,1,53.0,13.0,0.22641509771347046,4.796885,2.400261,2.396624
test,"(196, 456)",134,1,45.0,10.0,0.31111112236976624,1.674883,1.482199,0.192683
test,"(372, 13)",8,1,465.0,54.0,0.11182795464992523,6.008330,3.903760,2.104570
test,"(186, 213)",200,1,174.0,30.0,0.13218390941619873,3.088169,2.061947,1.026222
test,"(469, 134)",46,1,86.0,18.0,0.43023255467414856,4.498075,2.689823,1.808252
test,"(262, 200)",236,1,88.0,1.0,1.0,2.238155,0.101285,2.136869
test,"(13, 287)",79,1,308.0,2.0,0.9545454382896423,0.956633,0.109354,0.847279
test,"(78, 82)",256,1,273.0,31.0,0.3186813294887543,7.034474,2.807931,4.226544
test,"(185, 330)",7,1,253.0,44.0,0.22529643774032593,4.604728,1.569650,3.035078
test,"(45, 177)",68,1,233.0,1.0,1.0,1.980592,0.092475,1.888117
test,"(4, 44)",25,1,23.0,5.0,0.43478259444236755,4.993343,1.577171,3.416173
test,"(25, 4)",44,1,24.0,2.0,0.75,6.844001,0.430849,6.413152
test,"(79, 197)",67,1,652.0,34.0,0.5245398879051208,2.091636,0.712114,1.379522
test,"(67, 62)",179,1,469.0,45.0,0.1556503176689148,3.979920,4.216616,-0.236696
test,"(180, 469)",416,1,49.0,5.0,0.5918367505073547,3.787005,0.646883,3.140122
test,"(289, 65)",13,1,144.0,5.0,0.7430555820465088,2.410651,0.394783,2.015868
test,"(180, 469)",134,1,49.0,5.0,0.5918367505073547,1.347259,1.285601,0.061658
test,"(196, 180)",469,1,256.0,26.0,0.33203125,5.201230,1.854772,3.346458
test,"(7, 1)",35,1,720.0,89.0,0.11388888955116272,4.755988,4.582385,0.173603
test,"(83, 423)",323,1,300.0,32.0,0.18000000715255737,12.451803,12.972732,-0.520929
test,"(82, 62)",83,1,488.0,44.0,0.11680328100919724,3.543528,2.490034,1.053494
test,"(79, 13)",340,1,621.0,57.0,0.20772947371006012,4.246971,3.336702,0.910269
test,"(62, 196)",25,1,801.0,37.0,0.2821473181247711,2.641888,2.469184,0.172703
test,"(25, 308)",83,1,155.0,10.0,0.9096774458885193,2.410944,0.184259,2.226685
test,"(7, 1)",50,1,720.0,89.0,0.11388888955116272,4.345019,3.043700,1.301319
test,"(413, 267)",25,1,13.0,2.0,0.9230769276618958,4.838036,0.247052,4.590984
test,"(194, 78)",237,1,228.0,3.0,0.640350878238678,3.262294,1.149201,2.113093
test,"(416, 230)",327,1,43.0,9.0,0.3720930218696594,6.678924,2.415293,4.263631
test,"(237, 67)",356,1,199.0,39.0,0.2512562870979309,5.064927,2.660802,2.404125
test,"(14, 354)",173,1,69.0,5.0,0.7101449370384216,1.800271,3.831781,-2.031510
test,"(79, 75)",298,1,358.0,12.0,0.3268156349658966,2.764858,2.573420,0.191438
test,"(83, 79)",82,1,170.0,12.0,0.7470588088035583,4.346824,0.398678,3.948146
test,"(188, 62)",196,1,194.0,25.0,0.1855670064687729,3.183929,1.932145,1.251784
test,"(178, 356)",224,0,0.0,0.0,0.0,2.797824,3.038851,-0.241027
test,"(14, 287)",72,1,144.0,2.0,0.9583333134651184,2.001909,0.135678,1.866231
test,"(188, 14)",65,1,11.0,8.0,0.27272728085517883,4.004515,3.469749,0.534765
test,"(317, 13)",79,1,3.0,3.0,0.3333333432674408,2.803201,3.353226,-0.550025
test,"(278, 72)",247,1,2.0,2.0,0.5,4.864111,2.123324,2.740787
test,"(268, 13)",197,1,144.0,25.0,0.1319444477558136,4.386955,2.919273,1.467682
test,"(64, 480)",427,0,0.0,0.0,0.0,8.016738,8.529289,-0.512551
test,"(180, 278)",64,1,76.0,33.0,0.10526315867900848,4.689307,3.477819,1.211489
test,"(82, 86)",205,1,108.0,6.0,0.7777777910232544,3.391422,1.912077,1.479345
test,"(67, 72)",64,1,642.0,16.0,0.37071651220321655,4.751747,2.719583,2.032163
test,"(300, 330)",390,1,94.0,3.0,0.957446813583374,0.548348,0.088254,0.460095
test,"(244, 82)",456,1,104.0,27.0,0.32692307233810425,5.963278,3.889635,2.073643
test,"(268, 186)",289,1,235.0,33.0,0.11063829809427261,3.476667,2.821776,0.654891
test,"(182, 80)",279,1,169.0,20.0,0.39053255319595337,0.988453,1.455425,-0.466972
test,"(289, 401)",13,1,338.0,29.0,0.20118343830108643,1.291620,1.526212,-0.234592
test,"(134, 39)",51,1,229.0,25.0,0.16157205402851105,2.766437,1.848535,0.917902
test,"(8, 13)",69,1,502.0,57.0,0.12549801170825958,2.872738,2.113754,0.758984
test,"(133, 198)",88,1,61.0,1.0,1.0,5.077434,0.115642,4.961793
test,"(182, 80)",279,1,169.0,20.0,0.39053255319595337,1.011478,1.459063,-0.447585
test,"(356, 13)",179,1,32.0,10.0,0.28125,3.145533,2.625125,0.520408
test,"(13, 179)",235,1,507.0,15.0,0.20512820780277252,4.527857,2.307924,2.219933
test,"(134, 39)",51,1,229.0,25.0,0.16157205402851105,2.523696,1.837623,0.686073
test,"(36, 134)",173,1,85.0,24.0,0.2235294133424759,5.411201,1.947906,3.463295
test,"(188, 173)",356,1,278.0,37.0,0.17985612154006958,6.024755,5.442875,0.581880
test,"(297, 249)",413,1,161.0,13.0,0.6459627151489258,1.654881,0.507298,1.147583
test,"(62, 69)",324,1,599.0,31.0,0.2804674506187439,3.989309,3.380587,0.608722
test,"(179, 13)",73,1,104.0,26.0,0.1538461595773697,4.587043,2.733932,1.853112
test,"(65, 13)",66,1,251.0,33.0,0.16334661841392517,3.563428,1.894785,1.668643
test,"(13, 69)",398,1,1015.0,24.0,0.24039408564567566,4.744047,3.463806,1.280241
test,"(36, 87)",330,1,372.0,12.0,0.3790322542190552,2.998610,1.063832,1.934778
test,"(180, 134)",340,1,1339.0,86.0,0.08513816446065903,6.516512,3.778214,2.738298
test,"(66, 84)",173,1,221.0,9.0,0.5384615659713745,3.548259,1.310433,2.237825
test,"(25, 289)",65,1,116.0,14.0,0.4482758641242981,2.931068,4.492581,-1.561512
test,"(180, 469)",416,1,49.0,5.0,0.5918367505073547,3.680801,0.646398,3.034403
test,"(398, 236)",379,1,292.0,30.0,0.11301369965076447,11.564043,3.663698,7.900345
test,"(196, 1)",60,1,50.0,2.0,0.9399999976158142,1.586107,0.156419,1.429689
test,"(379, 62)",69,1,49.0,12.0,0.16326530277729034,3.118318,4.462995,-1.344677
test,"(8, 8)",13,1,691.0,42.0,0.14616498351097107,2.864290,2.563465,0.300825
test,"(267, 25)",289,1,12.0,1.0,1.0,3.502668,5.654754,-2.152085
test,"(66, 375)",69,1,80.0,4.0,0.7875000238418579,1.047105,0.287918,0.759187
test,"(180, 289)",65,1,242.0,20.0,0.32231405377388,3.626592,1.929609,1.696983
test,"(278, 83)",429,1,54.0,14.0,0.2777777910232544,3.976186,3.701556,0.274629
test,"(88, 62)",83,1,302.0,28.0,0.3178808093070984,3.065434,2.464550,0.600884
test,"(49, 46)",44,1,161.0,14.0,0.4037266969680786,3.958008,1.012327,2.945680
test,"(508, 62)",196,1,37.0,2.0,0.9459459185600281,2.086516,0.165327,1.921190
test,"(83, 423)",317,1,300.0,32.0,0.18000000715255737,3.947768,2.846116,1.101652
test,"(308, 191)",294,1,45.0,8.0,0.6888889074325562,4.959495,4.706744,0.252751
test,"(186, 289)",65,1,142.0,18.0,0.4225352108478546,3.114899,0.951610,2.163289
test,"(134, 48)",84,1,65.0,8.0,0.7846153974533081,2.476053,0.271988,2.204064
test,"(14, 69)",68,1,41.0,14.0,0.2195121943950653,6.846248,4.966663,1.879585
test,"(69, 68)",299,1,56.0,15.0,0.1964285671710968,6.880342,2.459208,4.421134
test,"(229, 25)",189,1,20.0,7.0,0.3499999940395355,1.895863,1.174976,0.720887
test,"(456, 134)",32,1,135.0,28.0,0.27407407760620117,3.736202,5.031782,-1.295580
test,"(92, 356)",133,1,237.0,12.0,0.4135020971298218,1.658881,1.422538,0.236343
test,"(28, 23)",15,1,33.0,5.0,0.8787878751754761,3.837330,3.960197,-0.122866
test,"(248, 232)",194,1,694.0,73.0,0.1541786789894104,5.431953,3.233092,2.198861
test,"(213, 246)",86,1,111.0,14.0,0.7297297120094299,0.768886,0.293838,0.475048
test,"(207, 218)",343,1,625.0,13.0,0.2671999931335449,2.244493,2.497693,-0.253201
test,"(13, 233)",70,1,376.0,3.0,0.9015957713127136,1.125627,0.170329,0.955297
test,"(377, 257)",180,1,18.0,4.0,0.4444444477558136,2.665496,2.508134,0.157363
test,"(13, 80)",84,1,96.0,2.0,0.9791666865348816,0.535394,0.063380,0.472014
test,"(189, 224)",240,1,306.0,35.0,0.1339869350194931,3.932535,2.521136,1.411399
test,"(82, 13)",437,1,1646.0,100.0,0.11907655000686646,4.889101,2.737596,2.151505
test,"(372, 13)",63,1,465.0,54.0,0.11182795464992523,6.353979,5.924203,0.429775
test,"(289, 401)",50,1,338.0,29.0,0.20118343830108643,6.339791,2.128551,4.211240
test,"(7, 63)",129,1,303.0,39.0,0.2013201266527176,7.238288,4.347347,2.890941
test,"(64, 13)",83,1,72.0,20.0,0.1666666716337204,3.610734,3.228539,0.382195
test,"(218, 193)",207,1,571.0,29.0,0.2924693524837494,2.373426,1.296223,1.077203
test,"(188, 82)",249,1,354.0,49.0,0.17231638729572296,7.726114,7.014869,0.711245
test,"(62, 64)",70,1,121.0,22.0,0.1735537201166153,2.027796,2.626159,-0.598363
test,"(1, 224)",134,1,136.0,23.0,0.18382352590560913,1.216535,1.881298,-0.664764
test,"(64, 13)",1,1,72.0,20.0,0.1666666716337204,4.645099,6.441582,-1.796484
test,"(205, 188)",92,1,350.0,26.0,0.22857142984867096,3.546861,1.890285,1.656575
test,"(8, 313)",91,1,56.0,4.0,0.7678571343421936,0.675185,0.290078,0.385107
test,"(178, 317)",129,1,134.0,25.0,0.5895522236824036,4.877459,4.086637,0.790822
test,"(194, 175)",379,1,90.0,4.0,0.8222222328186035,4.285952,0.308605,3.977346
test,"(207, 367)",199,1,659.0,2.0,0.9908952713012695,0.252842,0.030587,0.222255
test,"(298, 424)",82,1,143.0,30.0,0.279720276594162,1.295976,1.131361,0.164615
test,"(189, 195)",508,1,681.0,43.0,0.30837005376815796,4.627275,4.633174,-0.005899
test,"(230, 84)",471,1,25.0,5.0,0.47999998927116394,2.267660,0.873555,1.394105
test,"(27, 32)",234,1,4.0,3.0,0.5,2.879671,2.442359,0.437313
test,"(197, 25)",134,1,41.0,17.0,0.12195122241973877,2.713831,2.159120,0.554711
test,"(179, 317)",14,1,30.0,8.0,0.5666666626930237,6.386290,0.693615,5.692675
test,"(507, 388)",134,1,18.0,5.0,0.5,1.418381,2.545495,-1.127115
test,"(188, 13)",176,1,572.0,39.0,0.32692307233810425,4.951579,1.954910,2.996669
test,"(254, 119)",351,1,418.0,21.0,0.4617224931716919,0.714234,0.744934,-0.030700
test,"(218, 133)",133,1,665.0,16.0,0.2586466073989868,1.232415,2.085313,-0.852898
test,"(180, 231)",80,1,196.0,17.0,0.3520408272743225,3.063094,2.168217,0.894878
test,"(1, 218)",133,1,77.0,7.0,0.4285714328289032,1.610463,0.931630,0.678832
test,"(13, 73)",78,1,158.0,3.0,0.5696202516555786,2.265991,0.654259,1.611732
test,"(306, 202)",62,0,0.0,0.0,0.0,2.993938,2.143607,0.850332
test,"(218, 133)",67,1,665.0,16.0,0.2586466073989868,10.030860,10.091792,-0.060932
test,"(361, 77)",62,1,320.0,23.0,0.4281249940395355,4.008661,5.868030,-1.859369
test,"(84, 179)",25,1,636.0,26.0,0.6305031180381775,4.315193,3.885785,0.429408
test,"(251, 127)",110,1,134.0,6.0,0.31343284249305725,2.324386,1.740693,0.583692
test,"(15, 11)",303,1,337.0,53.0,0.22255192697048187,4.697280,5.173412,-0.476133
test,"(303, 175)",51,1,202.0,15.0,0.3217821717262268,6.290977,3.288126,3.002851
test,"(11, 303)",175,1,160.0,25.0,0.23125000298023224,3.400128,1.520261,1.879867
test,"(179, 25)",396,1,82.0,25.0,0.19512194395065308,3.028607,4.664253,-1.635647
test,"(249, 223)",25,1,302.0,21.0,0.695364236831665,1.094351,0.407772,0.686579
test,"(115, 497)",221,1,8.0,3.0,0.625,2.698703,3.348741,-0.650038
test,"(507, 195)",134,1,94.0,4.0,0.6489361524581909,2.202729,1.934852,0.267877
test,"(249, 223)",11,1,302.0,21.0,0.695364236831665,2.382362,2.491803,-0.109441
test,"(228, 354)",11,1,142.0,9.0,0.8450704216957092,4.859076,4.716118,0.142958
test,"(319, 40)",50,1,28.0,1.0,1.0,3.844207,0.128873,3.715334
test,"(396, 8)",189,1,112.0,18.0,0.3392857015132904,1.957172,1.125697,0.831475
test,"(201, 1)",218,1,17.0,10.0,0.23529411852359772,5.117792,3.905647,1.212145
test,"(218, 195)",297,1,770.0,13.0,0.4259740114212036,2.519001,4.096498,-1.577497
test,"(416, 382)",15,1,8.0,2.0,0.875,3.026121,3.748311,-0.722191
test,"(11, 267)",471,1,35.0,6.0,0.5428571701049805,0.859420,0.588430,0.270990
test,"(226, 478)",251,1,84.0,9.0,0.3333333432674408,2.656559,1.164924,1.491635
test,"(36, 43)",36,1,180.0,18.0,0.32777777314186096,1.716141,1.135081,0.581059
test,"(64, 416)",278,1,8.0,2.0,0.75,0.942344,0.390992,0.551351
test,"(249, 402)",134,1,484.0,38.0,0.6508264541625977,1.766660,0.478243,1.288417
test,"(409, 221)",212,1,125.0,23.0,0.29600000381469727,1.489395,1.198596,0.290799
test,"(229, 134)",260,1,132.0,32.0,0.2651515007019043,2.131816,1.392096,0.739720
test,"(120, 59)",77,0,0.0,0.0,0.0,1.370577,1.090888,0.279689
test,"(260, 351)",134,1,96.0,7.0,0.4479166567325592,2.534144,0.886795,1.647349
test,"(127, 120)",492,1,421.0,37.0,0.1876484602689743,2.868839,1.966168,0.902670
test,"(212, 121)",221,1,535.0,10.0,0.3252336382865906,1.676492,1.157606,0.518886
test,"(226, 128)",149,1,154.0,6.0,0.2857142984867096,1.429065,1.649612,-0.220547
test,"(134, 129)",135,1,471.0,9.0,0.6496815085411072,1.182820,0.476293,0.706527
test,"(8, 1)",186,1,35.0,11.0,0.17142857611179352,1.934308,2.262788,-0.328480
test,"(71, 280)",75,1,147.0,5.0,0.761904776096344,5.974270,1.680408,4.293862
test,"(504, 82)",13,1,279.0,42.0,0.18637992441654205,1.549873,1.922036,-0.372163
test,"(170, 224)",134,1,39.0,13.0,0.3589743673801422,1.834196,1.937461,-0.103264
test,"(268, 6)",6,1,2.0,1.0,1.0,5.196024,0.563684,4.632340
test,"(16, 180)",199,1,47.0,15.0,0.2978723347187042,3.576197,4.721573,-1.145376
test,"(441, 473)",13,1,349.0,29.0,0.3094555735588074,3.402816,3.388385,0.014431
test,"(354, 227)",11,1,49.0,10.0,0.36734694242477417,3.276892,1.971194,1.305699
test,"(511, 317)",50,1,45.0,17.0,0.20000000298023224,4.544317,4.790322,-0.246005
test,"(79, 382)",289,1,3.0,3.0,0.3333333432674408,6.229260,7.935744,-1.706483
test,"(186, 511)",7,1,499.0,3.0,0.9218437075614929,0.295777,0.098191,0.197586
test,"(81, 88)",62,1,294.0,42.0,0.2857142984867096,3.461845,1.440794,2.021052
test,"(81, 88)",13,1,294.0,42.0,0.2857142984867096,2.941995,1.335658,1.606337
test,"(1, 69)",75,1,50.0,12.0,0.25999999046325684,4.944047,3.682963,1.261084
test,"(361, 71)",83,1,311.0,5.0,0.9421221613883972,2.627612,0.158052,2.469561
test,"(76, 78)",73,1,437.0,21.0,0.20366132259368896,5.023951,1.699884,3.324067
test,"(78, 73)",72,1,90.0,2.0,0.9888888597488403,4.161884,0.122245,4.039640
test,"(19, 66)",20,1,21.0,6.0,0.5714285969734192,5.736553,0.728255,5.008298
test,"(58, 1)",83,1,371.0,53.0,0.09164420515298843,4.974672,3.464829,1.509843
test,"(15, 19)",18,1,256.0,15.0,0.65234375,2.171405,0.512186,1.659219
test,"(67, 59)",59,1,32.0,3.0,0.6875,0.840473,1.232196,-0.391723
test,"(78, 179)",11,1,235.0,42.0,0.27234041690826416,4.250395,3.625070,0.625325
test,"(133, 404)",189,1,1049.0,23.0,0.6234509348869324,0.459269,0.457693,0.001577
test,"(480, 133)",31,1,95.0,19.0,0.34736841917037964,3.229613,2.741930,0.487683
test,"(192, 134)",239,1,51.0,18.0,0.13725490868091583,7.840624,7.926663,-0.086039
test,"(134, 33)",261,1,333.0,50.0,0.12912912666797638,4.950283,2.138470,2.811813
test,"(36, 87)",330,1,372.0,12.0,0.3790322542190552,0.896320,0.965082,-0.068762
test,"(32, 75)",75,1,92.0,8.0,0.5869565010070801,3.762704,0.643560,3.119144
test,"(134, 31)",34,1,700.0,31.0,0.23999999463558197,3.575334,1.811550,1.763784
test,"(179, 36)",87,1,50.0,2.0,0.9399999976158142,1.812105,0.161347,1.650758
test,"(76, 317)",196,1,59.0,4.0,0.49152541160583496,4.453733,0.836836,3.616897
test,"(64, 76)",317,1,316.0,55.0,0.10759493708610535,4.287821,2.424192,1.863630
test,"(195, 134)",52,1,1145.0,73.0,0.1764192134141922,3.900405,4.144575,-0.244170
test,"(188, 173)",11,1,278.0,37.0,0.17985612154006958,5.839705,3.841356,1.998350
test,"(207, 367)",199,1,659.0,2.0,0.9908952713012695,0.121886,0.019446,0.102440
test,"(68, 389)",133,1,32.0,5.0,0.53125,0.062753,0.453301,-0.390548
test,"(256, 76)",76,1,202.0,16.0,0.5643564462661743,2.820508,0.669847,2.150661
test,"(182, 274)",315,1,371.0,34.0,0.32614555954933167,3.380895,1.196105,2.184790
test,"(372, 14)",372,1,236.0,18.0,0.4406779706478119,2.428757,0.907888,1.520869
test,"(44, 40)",45,1,85.0,3.0,0.8470588326454163,1.996947,0.259759,1.737188
test,"(11, 134)",315,1,2212.0,121.0,0.059222422540187836,2.822340,3.480899,-0.658559
test,"(38, 36)",49,1,43.0,10.0,0.3255814015865326,2.031564,2.992186,-0.960621
test,"(176, 192)",12,1,173.0,17.0,0.4450867176055908,7.708055,6.385494,1.322561
test,"(76, 480)",195,1,5.0,4.0,0.4000000059604645,3.936815,1.259419,2.677397
test,"(315, 49)",78,1,81.0,1.0,1.0,2.777997,0.106939,2.671058
test,"(442, 197)",176,1,96.0,7.0,0.6145833134651184,2.016206,0.575611,1.440595
test,"(7, 31)",34,1,43.0,4.0,0.5116279125213623,3.983829,1.179917,2.803913
test,"(206, 188)",359,1,216.0,23.0,0.30092594027519226,5.593194,6.481643,-0.888449
test,"(323, 11)",186,1,195.0,25.0,0.25128206610679626,3.369292,2.447125,0.922167
test,"(35, 319)",25,1,190.0,9.0,0.21052631735801697,3.161407,2.443481,0.717925
test,"(179, 32)",248,1,8.0,2.0,0.875,3.439188,3.041521,0.397667
test,"(188, 480)",195,1,4.0,3.0,0.5,2.451034,1.069488,1.381546
test,"(178, 67)",480,1,446.0,49.0,0.19058296084403992,5.456278,6.845277,-1.388999
test,"(223, 25)",230,1,249.0,22.0,0.41767069697380066,4.254755,4.579988,-0.325234
test,"(115, 254)",109,1,76.0,4.0,0.8026315569877625,2.072375,2.282359,-0.209984
test,"(284, 382)",15,1,60.0,6.0,0.5666666626930237,3.113548,1.424299,1.689249
test,"(268, 508)",25,1,20.0,1.0,1.0,3.283429,0.135601,3.147828
test,"(134, 36)",87,1,257.0,27.0,0.17120622098445892,1.813645,2.112587,-0.298942
test,"(8, 189)",186,1,1053.0,24.0,0.2735042870044708,1.633316,1.722339,-0.089023
test,"(317, 65)",322,1,9.0,7.0,0.3333333432674408,3.844465,1.393156,2.451308
test,"(25, 289)",438,1,116.0,14.0,0.4482758641242981,3.087165,3.856844,-0.769680
test,"(14, 84)",79,1,14.0,3.0,0.5,2.452680,0.862407,1.590272
test,"(13, 467)",82,1,182.0,11.0,0.5,2.368109,2.208585,0.159524
test,"(342, 218)",195,1,155.0,13.0,0.3290322721004486,2.509424,1.173868,1.335556
test,"(13, 467)",82,1,182.0,11.0,0.5,2.801202,2.239010,0.562192
test,"(88, 77)",66,1,689.0,4.0,0.9796807169914246,1.912619,0.110018,1.802601
test,"(25, 323)",8,1,966.0,13.0,0.4399586021900177,2.239308,2.069175,0.170133
test,"(13, 467)",82,1,182.0,11.0,0.5,2.764650,2.236891,0.527759
test,"(34, 72)",81,1,37.0,1.0,1.0,4.020585,0.122400,3.898185
test,"(88, 207)",367,1,16.0,3.0,0.875,0.879181,0.216647,0.662533
test,"(67, 205)",44,1,205.0,13.0,0.37560975551605225,3.930186,2.140025,1.790161
test,"(205, 44)",78,1,35.0,2.0,0.7714285850524902,2.186442,0.369764,1.816677
test,"(218, 264)",269,1,74.0,16.0,0.3378378450870514,2.088688,2.929694,-0.841006
test,"(235, 505)",7,1,302.0,33.0,0.23178808391094208,1.394912,2.171687,-0.776775
test,"(207, 183)",190,1,199.0,1.0,1.0,2.061356,0.094832,1.966524
test,"(7, 218)",186,1,584.0,25.0,0.23458904027938843,1.080108,1.385490,-0.305382
test,"(365, 478)",409,1,27.0,9.0,0.25925925374031067,2.920989,1.523307,1.397682
test,"(127, 120)",6,1,421.0,37.0,0.1876484602689743,4.478349,4.077200,0.401149
test,"(257, 11)",189,1,271.0,43.0,0.14760147035121918,4.412655,3.306012,1.106644
test,"(309, 224)",208,1,160.0,7.0,0.48124998807907104,2.432182,0.820736,1.611446
test,"(12, 17)",87,1,931.0,38.0,0.1890440434217453,3.785770,1.754293,2.031477
test,"(12, 175)",134,1,128.0,15.0,0.2421875,4.873057,3.089078,1.783979
test,"(65, 398)",86,1,125.0,2.0,0.9919999837875366,1.216284,0.085075,1.131209
test,"(18, 18)",60,1,34.0,4.0,0.44117647409439087,3.804400,5.609456,-1.805055
test,"(349, 75)",252,1,65.0,26.0,0.20000000298023224,8.127927,4.046481,4.081445
test,"(16, 134)",17,1,36.0,18.0,0.1944444477558136,2.575930,4.321646,-1.745716
test,"(17, 43)",17,0,0.0,0.0,0.0,3.254880,4.904456,-1.649575
test,"(23, 13)",20,1,44.0,8.0,0.3181818127632141,1.328050,3.546993,-2.218943
test,"(208, 253)",29,1,1496.0,16.0,0.8041443824768066,2.832212,2.799261,0.032951
test,"(39, 39)",13,1,35.0,9.0,0.37142857909202576,6.149609,1.322067,4.827542
test,"(85, 222)",185,1,68.0,2.0,0.8529411554336548,4.165866,0.273262,3.892604
test,"(177, 34)",233,1,35.0,3.0,0.8857142925262451,4.068621,0.247682,3.820939
test,"(194, 374)",12,1,659.0,13.0,0.48558422923088074,1.848871,1.289842,0.559029
test,"(272, 252)",79,1,2224.0,26.0,0.254046767950058,3.309517,2.920941,0.388576
test,"(18, 29)",305,1,49.0,12.0,0.18367347121238708,2.047794,1.736705,0.311089
test,"(272, 252)",227,1,2224.0,26.0,0.254046767950058,2.308882,1.427677,0.881205
test,"(464, 309)",127,1,7.0,5.0,0.4285714328289032,1.684605,0.969100,0.715505
test,"(153, 127)",110,1,96.0,15.0,0.21875,1.983376,1.545666,0.437711
test,"(287, 12)",18,1,340.0,8.0,0.3735294044017792,3.820327,1.653834,2.166493
test,"(460, 399)",34,1,32.0,4.0,0.84375,0.409217,0.162159,0.247058
test,"(34, 233)",184,1,91.0,2.0,0.9780219793319702,3.741200,0.132040,3.609161
test,"(165, 229)",127,1,79.0,8.0,0.5822784900665283,2.500837,0.642203,1.858634
test,"(194, 465)",12,1,659.0,6.0,0.8330804109573364,0.094455,0.169634,-0.075179
test,"(133, 14)",14,1,440.0,2.0,0.831818163394928,1.583655,0.264145,1.319510
test,"(173, 79)",134,1,80.0,20.0,0.30000001192092896,5.409813,1.334083,4.075730
test,"(13, 79)",190,1,945.0,28.0,0.16613756120204926,3.273243,1.873206,1.400036
test,"(13, 197)",256,1,220.0,5.0,0.4636363685131073,2.035677,0.847204,1.188474
test,"(127, 155)",338,1,84.0,22.0,0.1666666716337204,4.417887,4.097356,0.320531
test,"(95, 127)",165,1,63.0,10.0,0.2857142984867096,2.851681,1.354133,1.497548
test,"(84, 40)",173,1,5.0,1.0,1.0,1.874350,0.239058,1.635292
test,"(76, 189)",195,1,35.0,3.0,0.48571428656578064,2.884353,4.045505,-1.161152
test,"(133, 133)",354,1,2512.0,71.0,0.19864650070667267,3.785875,3.728760,0.057115
test,"(301, 192)",7,1,543.0,27.0,0.32044199109077454,1.974205,1.182233,0.791972
test,"(134, 196)",25,1,637.0,28.0,0.5023548007011414,2.114098,0.763404,1.350694
test,"(199, 131)",166,1,113.0,1.0,1.0,0.037288,0.003684,0.033603
test,"(18, 24)",66,1,12.0,9.0,0.25,8.593420,3.962529,4.630892
test,"(95, 259)",432,1,1.0,1.0,1.0,3.457793,3.736502,-0.278709
test,"(233, 184)",67,1,213.0,22.0,0.22065727412700653,2.536840,1.995819,0.541021
test,"(311, 199)",81,1,24.0,10.0,0.375,6.915190,6.085273,0.829916
test,"(396, 13)",16,1,160.0,14.0,0.23749999701976776,4.685461,2.927976,1.757485
test,"(13, 16)",20,1,206.0,20.0,0.4417475759983063,2.895166,2.217671,0.677494
test,"(6, 313)",199,1,186.0,5.0,0.8333333134651184,3.709893,0.286742,3.423152
test,"(299, 480)",311,1,8.0,4.0,0.375,5.936280,5.138772,0.797509
test,"(310, 185)",355,1,499.0,3.0,0.8617234230041504,5.086124,3.781702,1.304422
test,"(186, 208)",29,1,78.0,9.0,0.8333333134651184,8.861916,7.284764,1.577152
test,"(133, 245)",189,1,247.0,21.0,0.21862348914146423,3.412610,1.689568,1.723042
test,"(245, 189)",14,1,102.0,16.0,0.529411792755127,3.811021,0.744287,3.066734
test,"(325, 213)",78,1,21.0,8.0,0.2857142984867096,3.705822,1.617698,2.088125
test,"(15, 364)",134,1,84.0,7.0,0.2857142984867096,3.762897,2.173037,1.589860
test,"(64, 368)",92,1,177.0,35.0,0.4576271176338196,4.093750,5.656255,-1.562505
test,"(474, 33)",52,0,0.0,0.0,0.0,6.961774,5.548677,1.413097
test,"(70, 11)",461,1,58.0,21.0,0.2586206793785095,7.225993,2.982351,4.243642
test,"(25, 199)",457,1,2122.0,114.0,0.12205466628074646,7.164598,4.155411,3.009187
test,"(325, 207)",92,1,48.0,11.0,0.2708333432674408,1.790796,1.362129,0.428666
test,"(81, 185)",82,1,364.0,7.0,0.4670329689979553,3.812782,1.146113,2.666669
test,"(347, 134)",188,1,124.0,32.0,0.24193547666072845,5.421589,4.515929,0.905660
test,"(40, 173)",378,1,111.0,2.0,0.6756756901741028,2.191344,1.206906,0.984438
test,"(415, 67)",34,1,235.0,36.0,0.29361701011657715,3.149959,1.319628,1.830331
test,"(70, 415)",67,1,210.0,1.0,1.0,0.623780,0.047757,0.576023
test,"(13, 17)",82,1,175.0,18.0,0.36571428179740906,3.738161,3.222629,0.515532
test,"(207, 92)",264,1,286.0,17.0,0.35664334893226624,2.820519,2.845355,-0.024836
test,"(68, 464)",11,1,24.0,7.0,0.5,3.980428,2.424566,1.555862
test,"(188, 282)",90,1,261.0,15.0,0.7969348430633545,3.011655,0.323414,2.688242
test,"(34, 324)",178,1,400.0,9.0,0.5325000286102295,1.661385,1.000552,0.660833
test,"(460, 302)",29,1,10.0,2.0,0.800000011920929,0.490237,0.275287,0.214950
test,"(485, 29)",224,1,344.0,16.0,0.13372093439102173,2.128695,2.404394,-0.275699
test,"(114, 238)",414,1,52.0,7.0,0.5192307829856873,5.217863,5.980465,-0.762602
test,"(20, 11)",17,1,127.0,24.0,0.35433071851730347,6.230097,2.360000,3.870097
test,"(78, 234)",92,1,188.0,40.0,0.1489361673593521,6.049500,4.122009,1.927491
test,"(109, 251)",203,1,74.0,5.0,0.3513513505458832,2.447789,1.615344,0.832445
test,"(134, 81)",70,1,669.0,43.0,0.22421523928642273,3.629973,3.353918,0.276055
test,"(68, 464)",11,1,24.0,7.0,0.5,3.667435,2.416841,1.250594
test,"(17, 18)",16,1,70.0,18.0,0.2571428716182709,3.686197,5.626035,-1.939838
test,"(274, 51)",200,1,48.0,2.0,0.8541666865348816,5.531131,0.280570,5.250560
test,"(274, 25)",228,1,87.0,16.0,0.3448275923728943,6.190487,7.847185,-1.656698
test,"(68, 361)",71,1,175.0,2.0,0.8799999952316284,1.514242,0.208132,1.306110
test,"(90, 194)",465,1,43.0,3.0,0.7906976938247681,0.865383,0.293980,0.571403
test,"(4, 259)",347,1,24.0,10.0,0.3333333432674408,1.476609,1.175595,0.301014
test,"(362, 25)",199,1,33.0,3.0,0.8787878751754761,1.134130,0.207780,0.926349
test,"(310, 185)",355,1,499.0,3.0,0.8617234230041504,4.594963,3.764641,0.830322
test,"(347, 289)",72,1,23.0,3.0,0.6086956262588501,3.320246,1.198704,2.121542
test,"(189, 347)",134,1,41.0,10.0,0.3414634168148041,3.097023,1.718514,1.378509
test,"(188, 13)",65,1,572.0,39.0,0.32692307233810425,4.731992,2.843528,1.888463
test,"(457, 259)",264,1,31.0,11.0,0.22580644488334656,1.910039,1.555118,0.354921
test,"(67, 217)",25,1,327.0,51.0,0.29663607478141785,2.157582,1.258930,0.898652
test,"(4, 8)",259,1,20.0,6.0,0.4000000059604645,2.776225,1.869081,0.907144
test,"(378, 25)",199,1,40.0,10.0,0.4000000059604645,0.526398,0.846206,-0.319808
test,"(190, 435)",25,1,442.0,45.0,0.1719457060098648,0.837282,1.536380,-0.699098
test,"(180, 303)",82,1,95.0,14.0,0.378947377204895,3.437577,2.302959,1.134617
test,"(87, 218)",195,1,2.0,2.0,0.5,2.449375,2.127976,0.321398
test,"(84, 65)",179,1,393.0,40.0,0.24173027276992798,4.162635,2.184810,1.977824
test,"(311, 249)",342,1,41.0,5.0,0.5609756112098694,2.287208,0.663289,1.623919
test,"(301, 190)",435,1,251.0,4.0,0.9203187227249146,1.021528,0.147472,0.874057
test,"(215, 81)",385,1,55.0,1.0,1.0,4.800604,0.118044,4.682560
test,"(87, 79)",317,1,77.0,8.0,0.4025973975658417,8.083277,10.236585,-2.153308
test,"(134, 233)",70,1,349.0,9.0,0.5845271944999695,1.375586,0.591287,0.784300
test,"(77, 243)",199,1,424.0,48.0,0.18632075190544128,6.481488,8.744156,-2.262668
test,"(176, 83)",317,1,75.0,13.0,0.2266666740179062,5.580867,2.307606,3.273261
test,"(266, 67)",180,1,15.0,5.0,0.3333333432674408,3.965713,1.600618,2.365094
test,"(310, 88)",189,1,294.0,10.0,0.6972789168357849,2.095363,0.448961,1.646402
test,"(505, 7)",41,1,51.0,10.0,0.3529411852359772,7.456783,2.854385,4.602399
test,"(8, 189)",186,1,1053.0,24.0,0.2735042870044708,1.630808,1.722065,-0.091257
test,"(83, 7)",68,1,179.0,42.0,0.1508379876613617,3.665733,3.534458,0.131275
test,"(195, 207)",133,1,543.0,13.0,0.41436463594436646,2.950517,2.644601,0.305916
test,"(33, 88)",257,1,421.0,23.0,0.31353920698165894,3.559500,1.672704,1.886797
test,"(388, 310)",88,1,6.0,1.0,1.0,1.544278,0.188476,1.355802
test,"(88, 189)",186,1,287.0,18.0,0.5052264928817749,2.087174,3.309929,-1.222756
test,"(195, 207)",183,1,543.0,13.0,0.41436463594436646,3.777224,4.315821,-0.538597
test,"(239, 345)",12,1,39.0,16.0,0.1538461595773697,8.081676,3.518690,4.562987
test,"(367, 278)",77,1,14.0,5.0,0.2857142984867096,4.492440,1.529711,2.962730
test,"(234, 71)",14,1,293.0,33.0,0.255972683429718,5.268380,3.537994,1.730386
test,"(311, 249)",342,1,41.0,5.0,0.5609756112098694,2.163026,0.660686,1.502340
test,"(11, 195)",134,1,537.0,36.0,0.4711359441280365,1.603895,0.791488,0.812407
test,"(195, 134)",60,1,1145.0,73.0,0.1764192134141922,5.938036,4.268401,1.669635
test,"(73, 86)",83,1,37.0,2.0,0.9729729890823364,7.390321,0.152963,7.237358
test,"(13, 467)",13,1,182.0,11.0,0.5,1.904619,2.989673,-1.085055
test,"(77, 223)",180,1,586.0,45.0,0.12457337975502014,2.780141,2.717829,0.062312
test,"(232, 13)",467,1,87.0,28.0,0.36781609058380127,4.427209,5.815500,-1.388291
test,"(422, 38)",197,1,18.0,1.0,1.0,2.292868,0.132392,2.160475
test,"(386, 77)",11,1,319.0,21.0,0.4890282154083252,5.554315,2.097651,3.456664
test,"(180, 199)",78,1,254.0,67.0,0.14566929638385773,5.628337,5.731859,-0.103522
test,"(323, 26)",302,1,656.0,22.0,0.38871949911117554,6.265657,5.074238,1.191419
test,"(134, 54)",344,1,227.0,24.0,0.27753305435180664,4.267614,1.963869,2.303746
test,"(177, 345)",82,1,67.0,2.0,0.8805969953536987,1.331739,0.208869,1.122870
test,"(26, 388)",134,1,511.0,21.0,0.34442269802093506,1.414754,1.113026,0.301728
test,"(80, 84)",176,1,561.0,13.0,0.3707664906978607,1.634736,1.041976,0.592760
test,"(39, 391)",40,1,2.0,1.0,1.0,4.320218,0.570655,3.749563
test,"(82, 1)",134,1,120.0,23.0,0.375,2.007588,1.781826,0.225762
test,"(199, 78)",441,1,65.0,10.0,0.5384615659713745,4.713472,2.142877,2.570595
test,"(87, 399)",399,1,3.0,3.0,0.3333333432674408,8.430162,2.586774,5.843389
test,"(40, 45)",35,1,290.0,40.0,0.17241379618644714,3.307033,3.151621,0.155411
test,"(84, 176)",88,1,351.0,2.0,0.9743589758872986,2.334346,0.122188,2.212158
test,"(45, 35)",36,1,92.0,21.0,0.17391304671764374,2.016636,2.168315,-0.151679
test,"(84, 65)",75,1,393.0,40.0,0.24173027276992798,4.709452,2.380856,2.328595
test,"(312, 77)",7,1,195.0,34.0,0.16923077404499054,3.090103,2.612473,0.477631
test,"(80, 84)",176,1,561.0,13.0,0.3707664906978607,1.507192,1.034484,0.472708
test,"(49, 237)",77,1,118.0,7.0,0.9067796468734741,2.419909,0.191188,2.228721
test,"(206, 79)",183,1,247.0,25.0,0.3198380470275879,8.310891,6.911779,1.399112
test,"(47, 363)",46,1,7.0,1.0,1.0,3.945293,0.211041,3.734252
test,"(218, 193)",418,1,571.0,29.0,0.2924693524837494,2.441945,2.710351,-0.268407
test,"(391, 56)",47,1,8.0,1.0,1.0,3.969734,0.181843,3.787891
test,"(18, 281)",281,1,128.0,31.0,0.1953125,4.782841,2.555823,2.227018
test,"(189, 195)",311,1,681.0,43.0,0.30837005376815796,3.202403,3.845472,-0.643069
test,"(92, 397)",23,1,8.0,3.0,0.5,4.076928,1.901452,2.175476
test,"(25, 134)",48,1,1784.0,97.0,0.08464125543832779,6.729141,4.978984,1.750158
test,"(409, 128)",140,1,104.0,2.0,0.8846153616905212,1.721712,0.210438,1.511274
test,"(212, 109)",365,1,138.0,14.0,0.21739129722118378,3.618809,1.843988,1.774821
test,"(212, 166)",254,1,152.0,10.0,0.3486842215061188,2.809546,1.133739,1.675807
test,"(493, 326)",257,1,649.0,40.0,0.40215715765953064,0.718885,0.874884,-0.155999
test,"(276, 257)",259,1,258.0,29.0,0.1782945692539215,2.931172,2.808962,0.122210
test,"(336, 314)",239,1,10.0,2.0,0.800000011920929,8.890729,0.423096,8.467633
test,"(46, 74)",469,1,16.0,4.0,0.5,5.490415,2.646477,2.843938
test,"(180, 336)",301,1,57.0,9.0,0.45614033937454224,5.696549,2.903120,2.793429
test,"(67, 32)",83,1,304.0,4.0,0.9769737124443054,2.545069,0.120914,2.424155
test,"(435, 25)",199,1,250.0,16.0,0.47200000286102295,1.409209,1.484546,-0.075337
test,"(314, 239)",83,1,14.0,1.0,1.0,4.242161,0.136902,4.105259
test,"(203, 25)",212,1,16.0,9.0,0.25,3.107529,2.569425,0.538104
test,"(7, 63)",245,1,303.0,39.0,0.2013201266527176,8.651971,3.802985,4.848986
test,"(32, 45)",35,1,105.0,14.0,0.4952380955219269,3.722683,0.807955,2.914728
test,"(257, 1)",134,1,31.0,7.0,0.32258063554763794,2.420897,1.238456,1.182442
test,"(25, 320)",509,1,58.0,9.0,0.24137930572032928,3.417324,1.524570,1.892754
test,"(13, 83)",82,1,1034.0,21.0,0.1847195327281952,3.422784,1.790399,1.632385
test,"(84, 179)",280,1,636.0,26.0,0.6305031180381775,7.192598,4.322317,2.870281
test,"(482, 217)",303,0,0.0,0.0,0.0,6.858831,5.145268,1.713563
test,"(12, 188)",69,1,44.0,4.0,0.6590909361839294,3.774584,0.542807,3.231776
test,"(180, 195)",313,1,5.0,2.0,0.6000000238418579,10.567604,1.487735,9.079869
test,"(12, 83)",288,1,202.0,14.0,0.3316831588745117,9.026145,11.275405,-2.249260
test,"(191, 205)",188,1,179.0,1.0,1.0,1.908944,0.092721,1.816223
test,"(83, 71)",25,1,681.0,51.0,0.11747430264949799,2.563543,2.173847,0.389696
test,"(68, 359)",134,1,25.0,3.0,0.5199999809265137,2.224118,4.217980,-1.993862
test,"(195, 183)",400,1,248.0,15.0,0.5725806355476379,1.445868,2.468544,-1.022677
test,"(134, 50)",77,1,625.0,63.0,0.12960000336170197,5.526745,4.061304,1.465442
test,"(25, 249)",386,1,250.0,11.0,0.5559999942779541,1.210803,0.634270,0.576533
test,"(50, 79)",185,1,24.0,5.0,0.4583333432674408,5.466901,6.937257,-1.470356
test,"(83, 259)",183,1,35.0,12.0,0.2857142984867096,2.975363,4.672347,-1.696984
test,"(199, 18)",212,1,18.0,8.0,0.2777777910232544,5.584050,7.388092,-1.804042
test,"(68, 25)",199,1,311.0,27.0,0.39228296279907227,1.250249,2.651846,-1.401598
test,"(186, 134)",196,1,1054.0,89.0,0.07020872831344604,5.185009,3.560378,1.624631
test,"(79, 185)",25,1,37.0,4.0,0.837837815284729,2.708207,4.973646,-2.265439
test,"(25, 382)",11,1,63.0,14.0,0.2857142984867096,3.369968,1.360257,2.009711
test,"(334, 79)",197,1,198.0,2.0,0.6868686676025391,2.595973,0.473685,2.122288
test,"(509, 25)",230,1,20.0,4.0,0.699999988079071,4.463566,5.898676,-1.435110
test,"(230, 196)",25,1,27.0,4.0,0.5925925970077515,1.710760,0.623013,1.087747
test,"(196, 26)",195,1,112.0,13.0,0.3214285671710968,1.914158,1.157879,0.756280
test,"(25, 249)",386,1,250.0,11.0,0.5559999942779541,1.158975,0.631286,0.527689
test,"(196, 26)",195,1,112.0,13.0,0.3214285671710968,1.642609,1.143340,0.499270
test,"(188, 200)",44,1,56.0,10.0,0.3214285671710968,6.423687,8.650990,-2.227303
test,"(201, 128)",143,1,228.0,7.0,0.34210526943206787,2.896816,1.764296,1.132520
test,"(82, 6)",25,1,164.0,18.0,0.23170731961727142,2.540126,1.993988,0.546138
test,"(25, 311)",199,1,4.0,1.0,1.0,2.525941,4.569717,-2.043776
test,"(127, 100)",201,1,36.0,6.0,0.5,4.604152,0.756899,3.847254
test,"(311, 199)",127,1,24.0,10.0,0.375,0.979743,0.976056,0.003686
test,"(13, 81)",280,1,144.0,8.0,0.5069444179534912,5.931091,1.352781,4.578311
test,"(26, 133)",133,1,602.0,21.0,0.45348837971687317,1.622453,1.857144,-0.234691
test,"(207, 26)",186,1,443.0,14.0,0.4898419976234436,1.545176,1.886510,-0.341334
test,"(15, 4)",134,1,41.0,14.0,0.17073170840740204,3.657634,2.609348,1.048286
test,"(358, 68)",361,1,107.0,6.0,0.44859811663627625,3.513939,0.913802,2.600137
test,"(68, 361)",71,1,175.0,2.0,0.8799999952316284,1.004109,0.190266,0.813843
test,"(69, 39)",352,0,0.0,0.0,0.0,7.259996,8.099920,-0.839923
test,"(452, 358)",202,1,2.0,2.0,0.5,5.941710,3.971561,1.970150
test,"(134, 17)",11,1,515.0,55.0,0.12038835138082504,3.264901,3.247744,0.017157
test,"(18, 125)",158,0,0.0,0.0,0.0,2.163941,0.105987,2.057955
test,"(4, 134)",125,1,40.0,14.0,0.30000001192092896,8.307567,9.247020,-0.939453
test,"(88, 25)",396,1,326.0,47.0,0.23619632422924042,3.490986,3.994699,-0.503713
test,"(134, 87)",25,1,145.0,23.0,0.30344828963279724,2.565790,1.553937,1.011853
test,"(358, 68)",361,1,107.0,6.0,0.44859811663627625,3.565454,0.914175,2.651278
test,"(134, 38)",284,1,219.0,21.0,0.27397260069847107,7.846316,9.855090,-2.008774
test,"(258, 192)",180,1,56.0,21.0,0.2678571343421936,2.842865,4.183537,-1.340672
test,"(339, 299)",25,1,151.0,26.0,0.15231788158416748,3.099137,1.949951,1.149186
test,"(187, 83)",64,1,298.0,6.0,0.6510066986083984,3.008250,0.528772,2.479478
test,"(13, 196)",207,1,798.0,29.0,0.19298245012760162,4.658104,3.641423,1.016681
test,"(51, 62)",54,1,98.0,15.0,0.15306122601032257,7.068545,8.760010,-1.691465
test,"(82, 301)",298,1,142.0,5.0,0.5,4.624659,6.684316,-2.059657
test,"(375, 69)",13,1,500.0,27.0,0.37400001287460327,3.658529,5.735325,-2.076796
test,"(269, 134)",247,1,416.0,52.0,0.08653846383094788,5.331740,3.846169,1.485571
test,"(247, 87)",57,1,394.0,36.0,0.2842639684677124,11.048400,12.737138,-1.688738
test,"(72, 76)",339,1,456.0,30.0,0.18640351295471191,3.552293,1.773624,1.778669
test,"(233, 184)",54,1,213.0,22.0,0.22065727412700653,7.403779,3.801284,3.602495
test,"(186, 269)",231,1,399.0,37.0,0.2030075192451477,2.805997,3.903803,-1.097805
test,"(134, 196)",193,1,637.0,28.0,0.5023548007011414,6.559525,5.078477,1.481048
test,"(231, 247)",175,1,2.0,1.0,1.0,2.361370,0.504121,1.857248
test,"(175, 72)",76,1,114.0,5.0,0.8333333134651184,4.035686,0.291036,3.744651
test,"(76, 339)",299,1,87.0,3.0,0.8620689511299133,1.179959,0.211344,0.968615
test,"(189, 186)",331,1,766.0,36.0,0.20757180452346802,3.599771,2.538849,1.060922
test,"(87, 11)",134,1,158.0,34.0,0.1582278460264206,2.051880,1.727174,0.324706
test,"(240, 83)",64,1,144.0,8.0,0.4027777910232544,2.969806,1.216512,1.753294
test,"(83, 218)",186,1,27.0,7.0,0.40740740299224854,1.306445,2.611963,-1.305518
test,"(76, 11)",320,1,113.0,29.0,0.14159291982650757,4.688217,5.321078,-0.632861
test,"(196, 180)",270,1,256.0,26.0,0.33203125,1.814669,1.146761,0.667909
test,"(299, 25)",194,1,84.0,23.0,0.2738095223903656,3.954496,1.413098,2.541398
test,"(23, 15)",11,1,134.0,34.0,0.09701492637395859,1.890193,2.733310,-0.843117
test,"(7, 90)",245,1,702.0,49.0,0.15099714696407318,3.752463,2.870584,0.881879
test,"(70, 83)",71,1,325.0,11.0,0.7938461303710938,1.690250,0.311490,1.378760
test,"(13, 89)",177,1,38.0,3.0,0.8684210777282715,2.124258,4.111313,-1.987055
test,"(68, 361)",71,1,175.0,2.0,0.8799999952316284,0.935868,0.187141,0.748727
test,"(83, 71)",25,1,681.0,51.0,0.11747430264949799,2.700677,2.182564,0.518113
test,"(207, 26)",245,1,443.0,14.0,0.4898419976234436,3.813610,3.377003,0.436606
test,"(11, 195)",134,1,537.0,36.0,0.4711359441280365,1.323548,0.777230,0.546318
test,"(45, 36)",43,1,99.0,26.0,0.1818181872367859,3.829125,2.116837,1.712288
test,"(510, 25)",363,1,126.0,10.0,0.7301587462425232,5.007019,3.078378,1.928641
test,"(68, 195)",134,1,21.0,3.0,0.4761904776096344,1.507033,2.903958,-1.396926
test,"(32, 83)",25,1,487.0,31.0,0.30595481395721436,2.567069,1.262028,1.305041
test,"(186, 249)",223,1,117.0,22.0,0.2735042870044708,2.203113,1.331602,0.871511
test,"(199, 467)",257,1,26.0,7.0,0.26923078298568726,1.372267,1.623909,-0.251642
test,"(268, 291)",134,1,492.0,30.0,0.37804877758026123,2.807771,2.977637,-0.169866
test,"(255, 333)",58,1,630.0,47.0,0.24285714328289032,3.943276,3.079400,0.863876
test,"(82, 11)",195,1,676.0,62.0,0.21301774680614471,2.396350,2.811127,-0.414776
test,"(11, 195)",267,1,537.0,36.0,0.4711359441280365,4.414594,3.423434,0.991160
test,"(236, 190)",82,1,488.0,23.0,0.3463114798069,2.607950,1.217235,1.390715
test,"(66, 366)",67,1,305.0,20.0,0.4098360538482666,1.097470,0.884064,0.213405
test,"(7, 7)",64,1,573.0,52.0,0.20244328677654266,5.557824,3.474566,2.083258
test,"(313, 249)",342,1,345.0,2.0,0.9507246613502502,0.811011,0.106556,0.704455
test,"(72, 184)",27,1,511.0,32.0,0.463796466588974,0.956450,0.782986,0.173464
test,"(77, 299)",25,1,290.0,30.0,0.3896551728248596,2.735212,3.439338,-0.704126
test,"(231, 69)",440,1,258.0,15.0,0.3255814015865326,7.105352,1.960346,5.145006
test,"(11, 183)",241,1,302.0,42.0,0.1192052960395813,2.176802,2.095811,0.080990
test,"(134, 454)",217,1,253.0,28.0,0.3754940629005432,0.960458,0.927273,0.033185
test,"(78, 445)",82,1,296.0,43.0,0.17229729890823364,2.091354,2.046750,0.044604
test,"(249, 386)",65,1,289.0,3.0,0.875432550907135,2.427464,0.227980,2.199484
test,"(29, 180)",189,1,97.0,7.0,0.7525773048400879,2.446959,0.383782,2.063177
test,"(344, 25)",134,1,40.0,7.0,0.5249999761581421,1.502487,1.497487,0.005000
test,"(418, 194)",398,1,55.0,1.0,1.0,2.337121,0.107487,2.229634
test,"(194, 64)",72,1,50.0,5.0,0.25999999046325684,1.866852,1.437455,0.429397
test,"(236, 190)",257,1,488.0,23.0,0.3463114798069,2.076287,1.126128,0.950158
test,"(183, 344)",257,1,224.0,23.0,0.2455357164144516,1.180748,1.415051,-0.234303
test,"(236, 44)",255,1,43.0,2.0,0.5116279125213623,1.409572,0.788988,0.620584
test,"(192, 7)",64,1,434.0,54.0,0.24884793162345886,5.612962,3.910407,1.702555
test,"(134, 504)",82,1,371.0,41.0,0.4312668442726135,1.670333,0.837034,0.833300
test,"(82, 33)",88,1,91.0,4.0,0.7692307829856873,1.018122,0.317375,0.700748
test,"(207, 183)",190,1,199.0,1.0,1.0,2.136392,0.095844,2.040548
test,"(494, 8)",189,1,128.0,6.0,0.625,1.367259,0.534595,0.832664
test,"(119, 203)",260,1,125.0,12.0,0.6240000128746033,3.282858,0.569747,2.713111
test,"(351, 212)",115,1,239.0,13.0,0.21757322549819946,2.279500,1.581334,0.698165
test,"(365, 127)",115,1,329.0,8.0,0.31003040075302124,2.148057,1.238501,0.909557
test,"(194, 202)",184,1,155.0,1.0,1.0,1.590954,0.087122,1.503832
test,"(203, 260)",351,1,231.0,29.0,0.32900431752204895,2.313597,1.179997,1.133600
test,"(68, 26)",186,1,9.0,3.0,0.7777777910232544,1.302773,0.367716,0.935057
test,"(67, 217)",25,1,327.0,51.0,0.29663607478141785,2.526901,1.271582,1.255320
test,"(76, 217)",44,1,53.0,24.0,0.24528302252292633,3.012979,1.486914,1.526065
test,"(8, 189)",186,1,1053.0,24.0,0.2735042870044708,1.873150,1.745925,0.127225
test,"(504, 13)",236,1,113.0,15.0,0.3451327383518219,6.636290,3.639779,2.996511
test,"(33, 88)",34,1,421.0,23.0,0.31353920698165894,2.750267,1.245696,1.504571
test,"(0, 0)",66,1,47.0,17.0,0.21276596188545227,4.533654,4.009476,0.524178
test,"(8, 189)",193,1,1053.0,24.0,0.2735042870044708,2.358395,1.799388,0.559007
test,"(58, 236)",190,1,24.0,1.0,1.0,1.519785,0.106820,1.412966
test,"(213, 175)",77,1,47.0,4.0,0.8085106611251831,3.780815,0.331824,3.448991
test,"(337, 236)",190,1,27.0,2.0,0.9629629850387573,1.103202,0.123724,0.979478
test,"(182, 85)",11,1,323.0,22.0,0.16408668458461761,5.098720,2.457461,2.641259
test,"(180, 134)",504,1,1339.0,86.0,0.08513816446065903,3.409111,3.905522,-0.496411
test,"(266, 88)",77,1,93.0,4.0,0.6129032373428345,1.927021,1.547630,0.379391
test,"(77, 299)",45,1,290.0,30.0,0.3896551728248596,7.551044,4.094784,3.456260
test,"(218, 195)",507,1,770.0,13.0,0.4259740114212036,2.122403,2.158639,-0.036235
test,"(358, 280)",188,1,279.0,2.0,0.9713261723518372,0.913241,0.090345,0.822896
test,"(228, 82)",318,1,645.0,63.0,0.15968991816043854,5.890770,3.967471,1.923299
test,"(257, 11)",134,1,271.0,43.0,0.14760147035121918,1.596782,1.769787,-0.173004
test,"(65, 413)",14,1,107.0,13.0,0.5700934529304504,2.571127,0.655075,1.916052
test,"(25, 193)",418,1,583.0,39.0,0.14751286804676056,3.362391,3.292461,0.069931
test,"(176, 83)",28,1,75.0,13.0,0.2266666740179062,6.080359,2.091764,3.988594
test,"(304, 186)",320,1,2.0,1.0,1.0,5.594644,5.305174,0.289470
test,"(336, 83)",202,1,180.0,3.0,0.9888888597488403,3.651158,0.117430,3.533728
test,"(190, 484)",28,1,1.0,1.0,1.0,1.486067,1.123847,0.362221
test,"(46, 44)",508,1,106.0,17.0,0.21698112785816193,7.016006,2.107366,4.908640
test,"(134, 54)",39,1,227.0,24.0,0.27753305435180664,3.045068,1.371233,1.673835
test,"(134, 68)",62,1,722.0,31.0,0.2506925165653229,3.250787,4.799732,-1.548945
test,"(62, 86)",180,1,113.0,21.0,0.2654867172241211,4.346393,3.565295,0.781098
test,"(472, 49)",46,1,61.0,4.0,0.9344262480735779,2.579513,0.173557,2.405956
test,"(183, 366)",67,1,414.0,27.0,0.49275362491607666,1.747078,0.750152,0.996926
test,"(183, 379)",65,1,202.0,10.0,0.7475247383117676,1.250520,0.349349,0.901171
test,"(8, 472)",49,1,6.0,1.0,1.0,3.635142,0.225164,3.409979
test,"(44, 508)",82,1,15.0,1.0,1.0,2.573620,0.140676,2.432944
test,"(235, 255)",134,1,59.0,17.0,0.22033898532390594,3.463300,1.645208,1.818092
test,"(59, 52)",281,1,35.0,1.0,1.0,9.273912,0.126617,9.147296
test,"(59, 77)",1,1,424.0,40.0,0.24056604504585266,3.417523,1.518839,1.898684
test,"(19, 18)",23,1,191.0,18.0,0.15706805884838104,3.348978,2.131309,1.217670
test,"(77, 1)",193,1,103.0,11.0,0.43689319491386414,5.838632,0.942175,4.896457
test,"(84, 79)",28,1,579.0,64.0,0.196891188621521,6.363984,3.545925,2.818059
test,"(190, 265)",77,1,291.0,3.0,0.9896907210350037,1.389383,0.089082,1.300300
test,"(86, 62)",202,1,114.0,18.0,0.19298245012760162,6.961270,2.417242,4.544028
test,"(11, 213)",75,1,294.0,45.0,0.10884353518486023,3.661257,3.509540,0.151717
test,"(194, 1)",131,1,172.0,27.0,0.302325576543808,6.459547,2.190147,4.269400
test,"(84, 173)",7,1,286.0,30.0,0.1818181872367859,4.560218,1.802193,2.758025
test,"(46, 44)",134,1,106.0,17.0,0.21698112785816193,5.044721,1.702831,3.341890
test,"(200, 268)",134,1,21.0,6.0,0.380952388048172,3.139756,2.800094,0.339662
test,"(8, 6)",6,1,47.0,14.0,0.19148936867713928,4.751393,1.817387,2.934005
test,"(6, 6)",198,1,74.0,8.0,0.3513513505458832,6.025191,8.313831,-2.288640
test,"(196, 11)",134,1,318.0,46.0,0.11320754885673523,1.515351,2.329931,-0.814580
test,"(17, 59)",84,1,15.0,2.0,0.800000011920929,3.746771,0.364175,3.382596
test,"(84, 15)",19,1,219.0,1.0,1.0,1.708248,0.088574,1.619674
test,"(59, 84)",15,1,238.0,3.0,0.9201680421829224,1.919408,0.174061,1.745347
test,"(27, 14)",65,1,543.0,15.0,0.2504604160785675,3.896575,2.537996,1.358580
test,"(18, 23)",59,1,31.0,5.0,0.7096773982048035,2.942324,0.471059,2.471265
test,"(15, 19)",18,1,256.0,15.0,0.65234375,1.094566,0.476020,0.618545
test,"(60, 134)",178,1,122.0,33.0,0.2540983557701111,6.017262,5.674546,0.342716
test,"(59, 77)",1,1,424.0,40.0,0.24056604504585266,3.437135,1.519130,1.918004
test,"(378, 70)",11,1,178.0,24.0,0.32022473216056824,4.974213,3.030734,1.943478
test,"(231, 79)",75,1,67.0,8.0,0.746268630027771,3.257989,0.402740,2.855249
test,"(319, 62)",261,1,114.0,18.0,0.15789473056793213,7.616603,4.013603,3.603000
test,"(186, 240)",173,1,63.0,7.0,0.4285714328289032,2.096928,0.919532,1.177396
test,"(180, 240)",173,1,46.0,5.0,0.54347825050354,2.279251,0.701448,1.577803
test,"(511, 317)",37,1,45.0,17.0,0.20000000298023224,5.431494,1.770314,3.661180
test,"(224, 134)",197,1,586.0,68.0,0.11262798309326172,4.594224,4.776051,-0.181827
test,"(72, 188)",133,1,560.0,59.0,0.1428571492433548,5.324659,3.672490,1.652169
test,"(242, 411)",303,1,229.0,41.0,0.1572052389383316,5.996716,6.655921,-0.659205
test,"(134, 50)",236,1,625.0,63.0,0.12960000336170197,4.846365,3.124201,1.722164
test,"(190, 265)",77,1,291.0,3.0,0.9896907210350037,1.576127,0.093734,1.482393
test,"(233, 83)",62,1,117.0,15.0,0.38461539149284363,2.168763,1.126588,1.042175
test,"(357, 219)",67,1,264.0,20.0,0.625,3.691008,2.948575,0.742433
test,"(50, 34)",46,1,127.0,11.0,0.33070865273475647,1.969989,2.610328,-0.640340
test,"(44, 32)",55,1,108.0,16.0,0.35185185074806213,7.228159,2.277623,4.950536
test,"(133, 133)",133,1,2512.0,71.0,0.19864650070667267,1.174477,1.540747,-0.366270
test,"(84, 79)",82,1,579.0,64.0,0.196891188621521,3.696967,4.227400,-0.530433
test,"(188, 360)",202,1,11.0,2.0,0.9090909361839294,2.216458,0.239204,1.977254
test,"(72, 202)",339,1,164.0,30.0,0.2195121943950653,5.352830,1.691340,3.661491
test,"(187, 67)",8,1,262.0,15.0,0.5839694738388062,4.384055,3.625634,0.758421
test,"(78, 441)",473,1,207.0,19.0,0.6521739363670349,0.650640,0.413843,0.236797
test,"(69, 352)",28,1,50.0,2.0,0.9800000190734863,1.336018,0.101919,1.234099
test,"(239, 72)",202,1,40.0,1.0,1.0,5.009314,0.123153,4.886161
test,"(410, 62)",82,1,56.0,9.0,0.4285714328289032,2.841760,2.503953,0.337807
test,"(452, 29)",391,1,239.0,15.0,0.2970711290836334,5.924791,3.152995,2.771796
test,"(410, 62)",67,1,56.0,9.0,0.4285714328289032,4.150708,2.844169,1.306539
test,"(319, 74)",197,1,266.0,11.0,0.8157894611358643,1.491641,0.276738,1.214904
test,"(82, 84)",187,1,321.0,10.0,0.3333333432674408,3.826962,1.557032,2.269930
test,"(473, 133)",133,1,4.0,1.0,1.0,2.142280,0.241394,1.900886
test,"(79, 190)",265,1,485.0,8.0,0.6701030731201172,2.653625,1.548804,1.104822
test,"(265, 77)",82,1,365.0,27.0,0.3369863033294678,2.105181,1.155977,0.949204
test,"(11, 134)",89,1,2212.0,121.0,0.059222422540187836,4.424190,5.169707,-0.745517
test,"(72, 65)",62,1,377.0,27.0,0.2864721417427063,2.700152,2.623932,0.076219
test,"(304, 213)",190,1,5.0,1.0,1.0,2.983376,0.251913,2.731463
test,"(213, 190)",265,1,220.0,10.0,0.44545453786849976,2.580427,0.896915,1.683512
test,"(17, 180)",289,1,41.0,14.0,0.24390244483947754,3.849452,4.280063,-0.430611
test,"(180, 134)",89,1,1339.0,86.0,0.08513816446065903,4.075128,3.366720,0.708408
test,"(410, 62)",82,1,56.0,9.0,0.4285714328289032,2.805669,2.501335,0.304334
test,"(75, 72)",65,1,617.0,17.0,0.3565640151500702,2.021290,1.283641,0.737649
test,"(191, 64)",70,1,103.0,7.0,0.3883495032787323,2.758717,1.321747,1.436970
test,"(28, 240)",82,1,24.0,2.0,0.875,1.383306,0.216546,1.166760
test,"(85, 200)",369,1,377.0,17.0,0.692307710647583,2.836626,1.863581,0.973045
test,"(78, 441)",473,1,207.0,19.0,0.6521739363670349,0.661161,0.414669,0.246492
test,"(60, 224)",334,1,92.0,18.0,0.19565217196941376,3.374814,1.748055,1.626759
test,"(205, 62)",62,1,128.0,23.0,0.3828125,3.551239,1.062036,2.489203
test,"(69, 62)",77,1,274.0,16.0,0.25182482600212097,3.119771,1.729789,1.389981
test,"(247, 228)",82,1,6.0,1.0,1.0,1.554415,0.171464,1.382951
test,"(82, 236)",68,1,181.0,3.0,0.8453038930892944,1.464280,0.245818,1.218462
test,"(82, 236)",68,1,181.0,3.0,0.8453038930892944,1.146828,0.234831,0.911997
test,"(72, 179)",217,1,617.0,52.0,0.15559157729148865,5.530200,2.483191,3.047009
test,"(247, 180)",496,1,22.0,6.0,0.3636363744735718,4.327566,1.200697,3.126868
test,"(261, 67)",62,1,272.0,27.0,0.2867647111415863,2.004518,2.521984,-0.517466
test,"(247, 7)",82,1,18.0,4.0,0.2777777910232544,3.984753,1.780877,2.203876
test,"(13, 69)",72,1,1015.0,24.0,0.24039408564567566,1.333387,1.817762,-0.484374
test,"(370, 13)",449,1,40.0,12.0,0.17499999701976776,2.925655,1.910662,1.014993
test,"(62, 69)",62,1,599.0,31.0,0.2804674506187439,2.463853,3.182946,-0.719093
test,"(177, 66)",192,1,4.0,3.0,0.5,5.105961,1.234653,3.871308
test,"(193, 134)",318,1,864.0,79.0,0.08796296268701553,4.155745,4.736424,-0.580679
test,"(445, 133)",193,1,6.0,4.0,0.3333333432674408,2.156515,1.489080,0.667435
test,"(308, 496)",13,1,53.0,1.0,1.0,0.126938,0.012344,0.114595
test,"(177, 68)",193,1,678.0,62.0,0.14749263226985931,4.249706,3.347511,0.902195
test,"(213, 190)",265,1,220.0,10.0,0.44545453786849976,2.551507,0.896370,1.655137
test,"(7, 227)",8,1,149.0,11.0,0.2751677930355072,3.206321,1.706668,1.499653
test,"(134, 43)",68,1,402.0,22.0,0.305970162153244,3.480563,3.313696,0.166867
test,"(62, 75)",21,1,255.0,21.0,0.3803921639919281,7.844149,4.461910,3.382239
test,"(77, 82)",268,1,193.0,38.0,0.11917098611593246,4.682449,3.831864,0.850586
test,"(248, 62)",77,1,378.0,23.0,0.27513226866722107,3.057499,3.107207,-0.049708
test,"(76, 65)",175,1,202.0,14.0,0.2871287167072296,5.372355,2.137612,3.234742
test,"(74, 68)",88,1,717.0,37.0,0.651324987411499,2.573595,0.519176,2.054419
test,"(345, 62)",67,1,25.0,7.0,0.4000000059604645,3.924785,1.616477,2.308308
test,"(175, 299)",180,1,218.0,28.0,0.2110091745853424,2.996665,3.244282,-0.247617
test,"(224, 213)",288,1,162.0,23.0,0.1419753134250641,2.927460,3.153318,-0.225858
test,"(62, 77)",402,1,453.0,20.0,0.33112582564353943,3.689341,1.346016,2.343325
test,"(428, 86)",11,1,175.0,29.0,0.46857142448425293,4.897360,2.907434,1.989925
test,"(248, 62)",319,1,378.0,23.0,0.27513226866722107,4.146066,1.392315,2.753750
test,"(7, 65)",84,1,202.0,27.0,0.2524752616882324,2.609490,2.031112,0.578378
test,"(449, 1)",193,1,297.0,15.0,0.3265993297100067,2.970018,1.340269,1.629749
test,"(134, 62)",70,1,548.0,48.0,0.18248175084590912,5.697814,4.489857,1.207956
test,"(233, 190)",8,1,261.0,21.0,0.3333333432674408,5.985561,4.437552,1.548010
test,"(419, 225)",308,1,36.0,10.0,0.1944444477558136,5.681843,2.853097,2.828746
test,"(37, 37)",25,1,29.0,10.0,0.517241358757019,5.340923,3.225807,2.115116
test,"(193, 213)",64,1,211.0,35.0,0.1895734667778015,2.804495,2.996464,-0.191969
test,"(173, 200)",428,1,28.0,1.0,1.0,3.358836,0.127779,3.231057
test,"(384, 11)",289,1,158.0,24.0,0.15189872682094574,3.935008,2.978138,0.956870
test,"(1, 193)",228,1,191.0,33.0,0.12041884660720825,5.266989,3.810560,1.456430
test,"(356, 193)",310,1,129.0,21.0,0.23255814611911774,5.306184,4.574074,0.732110
test,"(193, 311)",360,1,387.0,42.0,0.24547803401947021,5.667796,4.758109,0.909687
test,"(449, 1)",193,1,297.0,15.0,0.3265993297100067,3.093464,1.342548,1.750916
test,"(308, 496)",13,1,53.0,1.0,1.0,0.104372,0.010311,0.094061
test,"(11, 289)",72,1,227.0,20.0,0.303964763879776,1.911523,1.220704,0.690819
test,"(11, 134)",53,1,2212.0,121.0,0.059222422540187836,4.909537,4.388991,0.520546
test,"(224, 311)",225,1,131.0,29.0,0.1679389327764511,3.294070,2.640324,0.653746
test,"(360, 202)",84,1,196.0,17.0,0.2908163368701935,4.982304,1.342756,3.639548
test,"(65, 308)",360,1,3.0,3.0,0.3333333432674408,6.082311,2.558929,3.523381
test,"(88, 173)",82,1,514.0,18.0,0.8618677258491516,1.425836,0.221367,1.204469
test,"(258, 81)",8,1,231.0,17.0,0.350649356842041,3.377336,1.733000,1.644336
test,"(299, 62)",85,1,104.0,11.0,0.25,3.291013,2.123965,1.167048
test,"(77, 287)",82,1,348.0,12.0,0.7528735399246216,1.536463,0.356308,1.180155
test,"(7, 85)",202,1,253.0,19.0,0.3122529685497284,2.316285,1.230127,1.086158
test,"(214, 7)",184,1,183.0,25.0,0.3442623019218445,3.746781,2.812914,0.933867
test,"(64, 76)",217,1,316.0,55.0,0.10759493708610535,5.904454,2.934331,2.970123
test,"(193, 183)",78,1,120.0,26.0,0.17499999701976776,1.969187,1.876323,0.092864
test,"(88, 173)",200,1,514.0,18.0,0.8618677258491516,7.057115,3.037270,4.019845
test,"(247, 8)",13,1,14.0,5.0,0.4285714328289032,3.628786,3.494806,0.133980
test,"(247, 193)",360,1,4.0,4.0,0.25,4.757667,2.769737,1.987930
test,"(69, 13)",79,1,167.0,21.0,0.28742516040802,2.140284,2.576677,-0.436392
test,"(13, 79)",190,1,945.0,28.0,0.16613756120204926,2.508093,1.845260,0.662833
test,"(7, 85)",202,1,253.0,19.0,0.3122529685497284,2.447853,1.234297,1.213556
test,"(62, 85)",501,1,229.0,14.0,0.34061136841773987,3.288427,2.323961,0.964466
test,"(69, 13)",83,1,167.0,21.0,0.28742516040802,4.021132,2.430910,1.590222
test,"(62, 85)",200,1,229.0,14.0,0.34061136841773987,2.260639,1.146059,1.114579
test,"(7, 85)",65,1,253.0,19.0,0.3122529685497284,5.674510,3.298496,2.376014
test,"(193, 134)",300,1,864.0,79.0,0.08796296268701553,4.109046,3.658360,0.450686
test,"(74, 68)",249,1,717.0,37.0,0.651324987411499,7.584002,7.773964,-0.189961
test,"(193, 461)",363,1,153.0,19.0,0.5751634240150452,4.017213,2.712758,1.304456
test,"(8, 224)",225,1,334.0,35.0,0.23053891956806183,3.921892,2.947190,0.974703
test,"(391, 81)",279,1,91.0,5.0,0.6153846383094788,2.731876,0.589322,2.142554
test,"(82, 13)",449,1,1646.0,100.0,0.11907655000686646,2.194477,3.497505,-1.303028
test,"(32, 77)",88,1,154.0,9.0,0.5,4.644373,1.519459,3.124914
test,"(453, 417)",25,1,578.0,9.0,0.47058823704719543,2.787900,4.206892,-1.418992
test,"(169, 289)",72,1,21.0,3.0,0.761904776096344,2.922113,3.450480,-0.528367
test,"(72, 248)",336,1,458.0,36.0,0.2925764322280884,5.691835,4.359564,1.332271
test,"(134, 318)",307,1,344.0,23.0,0.21511627733707428,1.285364,1.852340,-0.566977
test,"(75, 72)",65,1,617.0,17.0,0.3565640151500702,2.090999,1.286866,0.804132
test,"(69, 62)",77,1,274.0,16.0,0.25182482600212097,3.026435,1.727356,1.299079
test,"(28, 134)",43,1,255.0,33.0,0.18431372940540314,5.146851,3.272710,1.874142
test,"(62, 188)",85,1,43.0,3.0,0.7209302186965942,3.364965,0.450169,2.914796
test,"(13, 62)",237,1,501.0,37.0,0.12175648659467697,7.657462,4.652942,3.004520
test,"(7, 79)",64,1,525.0,42.0,0.13523809611797333,4.248415,2.198055,2.050361
test,"(134, 53)",501,1,151.0,32.0,0.1192052960395813,4.230889,2.059980,2.170909
test,"(62, 77)",402,1,453.0,20.0,0.33112582564353943,2.879026,1.334100,1.544927
test,"(193, 266)",236,1,153.0,28.0,0.1568627506494522,3.119001,2.364717,0.754284
test,"(8, 452)",29,1,260.0,13.0,0.7961538434028625,2.280584,0.310132,1.970452
test,"(79, 322)",213,1,160.0,8.0,0.35624998807907104,5.102316,6.189723,-1.087407
test,"(193, 419)",134,1,170.0,21.0,0.23529411852359772,1.854621,1.911355,-0.056734
test,"(81, 185)",219,1,364.0,7.0,0.4670329689979553,1.719576,0.827033,0.892543
test,"(370, 13)",340,1,40.0,12.0,0.17499999701976776,5.192130,1.915179,3.276951
test,"(243, 17)",7,1,4.0,1.0,1.0,2.949776,0.304276,2.645500
test,"(77, 193)",297,1,3.0,3.0,0.3333333432674408,2.046193,2.062641,-0.016449
test,"(454, 25)",225,1,51.0,9.0,0.529411792755127,4.199621,2.349506,1.850115
test,"(19, 25)",266,1,41.0,17.0,0.2195121943950653,4.597328,4.856240,-0.258912
test,"(84, 255)",193,1,141.0,30.0,0.1560283750295639,5.910016,4.733370,1.176646
test,"(360, 202)",84,1,196.0,17.0,0.2908163368701935,4.951949,1.342675,3.609273
test,"(134, 62)",85,1,548.0,48.0,0.18248175084590912,3.837360,2.132848,1.704512
test,"(45, 316)",69,1,1.0,1.0,1.0,5.494095,1.361128,4.132966
test,"(193, 134)",173,1,864.0,79.0,0.08796296268701553,6.226692,4.227226,1.999466
test,"(177, 13)",67,1,97.0,9.0,0.3711340129375458,4.756906,1.168411,3.588495
test,"(37, 202)",184,1,53.0,2.0,0.9811320900917053,2.001090,0.119910,1.881179
test,"(233, 190)",8,1,261.0,21.0,0.3333333432674408,5.600356,4.427608,1.172749
test,"(356, 193)",310,1,129.0,21.0,0.23255814611911774,5.357904,4.576501,0.781403
test,"(416, 258)",81,1,8.0,2.0,0.875,1.219563,0.269312,0.950251
test,"(205, 82)",8,1,142.0,23.0,0.2112676054239273,3.168692,2.715869,0.452822
test,"(88, 173)",82,1,514.0,18.0,0.8618677258491516,1.121273,0.210748,0.910525
test,"(81, 370)",13,1,108.0,24.0,0.3611111044883728,2.048288,1.026004,1.022284
test,"(72, 92)",92,1,39.0,13.0,0.3333333432674408,4.900969,2.300946,2.600022
test,"(6, 224)",297,1,46.0,7.0,0.5652173757553101,2.466355,2.861640,-0.395285
test,"(11, 240)",82,1,59.0,7.0,0.4406779706478119,1.593002,0.831997,0.761006
test,"(8, 193)",334,1,697.0,38.0,0.19368723034858704,5.578198,3.772780,1.805418
test,"(240, 82)",84,1,342.0,6.0,0.8274853825569153,3.550986,1.981059,1.569927
test,"(8, 193)",297,1,697.0,38.0,0.19368723034858704,2.188092,2.424017,-0.235925
test,"(82, 296)",83,1,328.0,4.0,0.7987805008888245,2.504628,0.319834,2.184794
test,"(473, 352)",28,1,108.0,12.0,0.7592592835426331,0.616511,0.282151,0.334360
test,"(84, 255)",58,1,141.0,30.0,0.1560283750295639,2.959749,2.799833,0.159916
test,"(256, 214)",8,1,480.0,49.0,0.37708333134651184,3.720188,3.285669,0.434519
test,"(296, 75)",244,1,223.0,2.0,0.8071748614311218,4.704305,0.322317,4.381988
test,"(62, 51)",56,1,179.0,11.0,0.31284916400909424,3.632682,1.466678,2.166004
test,"(82, 11)",396,1,676.0,62.0,0.21301774680614471,4.901842,4.951175,-0.049333
test,"(193, 134)",246,1,864.0,79.0,0.08796296268701553,6.300729,5.604743,0.695986
test,"(127, 94)",444,1,245.0,18.0,0.3510203957557678,5.058578,3.677941,1.380637
test,"(186, 269)",337,1,399.0,37.0,0.2030075192451477,1.404087,1.964053,-0.559965
test,"(240, 82)",78,1,342.0,6.0,0.8274853825569153,3.515934,0.292995,3.222939
test,"(25, 259)",134,1,54.0,11.0,0.5,3.129649,0.802839,2.326811
test,"(75, 298)",74,1,532.0,14.0,0.7875939607620239,0.754764,0.275639,0.479125
test,"(70, 489)",12,1,64.0,2.0,0.875,0.175532,0.130340,0.045192
test,"(66, 479)",506,1,220.0,14.0,0.5681818127632141,5.539900,4.016868,1.523032
test,"(12, 256)",75,1,519.0,4.0,0.978805422782898,0.826400,0.078297,0.748103
test,"(178, 266)",71,1,18.0,5.0,0.7222222089767456,2.833737,0.444736,2.389001
test,"(64, 70)",424,1,604.0,37.0,0.4867549538612366,5.354248,3.080588,2.273660
test,"(298, 74)",88,1,488.0,29.0,0.7049180269241333,5.060618,4.391982,0.668636
test,"(65, 75)",241,1,433.0,10.0,0.6766743659973145,5.108502,2.007474,3.101028
test,"(18, 87)",75,1,50.0,1.0,1.0,2.112523,0.104924,2.007599
test,"(208, 71)",17,1,102.0,6.0,0.4803921580314636,3.267515,1.748307,1.519208
test,"(208, 253)",272,1,1496.0,16.0,0.8041443824768066,0.067966,0.198818,-0.130852
test,"(76, 399)",50,1,28.0,4.0,0.6785714030265808,3.222841,0.514446,2.708395
test,"(12, 88)",12,1,222.0,3.0,0.9234234094619751,1.355894,0.156639,1.199255
test,"(12, 65)",324,1,1221.0,22.0,0.29893529415130615,1.150231,1.843468,-0.693237
test,"(172, 272)",252,1,50.0,2.0,0.8799999952316284,0.149871,0.117235,0.032636
test,"(272, 252)",86,1,2224.0,26.0,0.254046767950058,2.499485,1.943839,0.555646
test,"(14, 20)",15,1,315.0,25.0,0.3142857253551483,2.276012,1.211227,1.064785
test,"(304, 12)",227,1,1230.0,20.0,0.43252032995224,2.802888,0.928275,1.874613
test,"(316, 234)",78,1,49.0,2.0,0.6938775777816772,2.390864,0.472787,1.918078
test,"(115, 285)",112,1,254.0,8.0,0.31889763474464417,2.740186,1.228788,1.511398
test,"(88, 12)",18,1,1182.0,29.0,0.20473773777484894,3.546096,2.618589,0.927508
test,"(67, 267)",79,1,56.0,3.0,0.9642857313156128,0.666149,0.078933,0.587216
test,"(180, 270)",191,1,677.0,38.0,0.5450516939163208,5.960465,4.146889,1.813576
test,"(84, 79)",12,1,579.0,64.0,0.196891188621521,2.302900,1.973009,0.329891
test,"(201, 212)",116,1,289.0,17.0,0.2560553550720215,2.574160,2.521986,0.052174
test,"(175, 373)",305,1,142.0,18.0,0.19014084339141846,0.724530,1.497161,-0.772631
test,"(12, 233)",66,1,32.0,6.0,0.375,4.338225,1.121685,3.216540
test,"(213, 88)",12,1,500.0,9.0,0.8040000200271606,0.818336,0.264010,0.554325
test,"(20, 15)",362,1,309.0,38.0,0.1877022683620453,3.719901,1.762711,1.957191
test,"(426, 232)",12,1,538.0,30.0,0.7342007160186768,0.319553,0.301823,0.017730
test,"(305, 172)",302,1,574.0,37.0,0.23693379759788513,4.321492,3.772859,0.548634
test,"(188, 248)",305,1,399.0,38.0,0.1654135286808014,7.388717,3.971444,3.417273
test,"(17, 87)",75,1,183.0,4.0,0.9726775884628296,1.840546,0.117027,1.723520
test,"(200, 74)",12,1,189.0,28.0,0.27513226866722107,1.939744,1.340257,0.599487
test,"(189, 14)",9,1,204.0,1.0,1.0,1.908259,0.092488,1.815771
test,"(376, 112)",201,1,191.0,13.0,0.8952879309654236,1.750025,0.184560,1.565465
test,"(68, 12)",88,1,259.0,22.0,0.5019304752349854,3.174658,0.789556,2.385102
test,"(66, 235)",505,1,337.0,4.0,0.8961424231529236,0.547561,0.145229,0.402331
test,"(127, 95)",127,1,117.0,16.0,0.43589743971824646,1.083808,0.801094,0.282713
test,"(16, 364)",60,1,208.0,7.0,0.8846153616905212,0.487913,0.145004,0.342909
test,"(450, 310)",185,1,42.0,3.0,0.5952380895614624,0.793856,0.546523,0.247333
test,"(289, 438)",293,1,169.0,6.0,0.7692307829856873,1.524326,0.336620,1.187706
test,"(20, 281)",14,1,439.0,38.0,0.39179953932762146,2.882618,1.013564,1.869055
test,"(434, 199)",127,1,364.0,49.0,0.24725274741649628,2.232391,1.422737,0.809654
test,"(328, 292)",253,1,161.0,10.0,0.695652186870575,0.437595,0.336819,0.100776
test,"(88, 133)",2,1,98.0,9.0,0.5918367505073547,2.372123,0.621110,1.751013
test,"(0, 14)",435,1,31.0,2.0,0.9677419066429138,6.252859,0.163031,6.089828
test,"(65, 175)",14,1,83.0,13.0,0.3734939694404602,4.349768,1.107703,3.242065
test,"(178, 79)",435,1,52.0,4.0,0.5384615659713745,3.743274,0.745722,2.997552
test,"(399, 249)",386,0,0.0,0.0,0.0,3.168408,2.409479,0.758929
test,"(79, 190)",71,1,485.0,8.0,0.6701030731201172,1.305609,0.461348,0.844261
test,"(458, 62)",256,1,78.0,13.0,0.23076923191547394,3.688211,2.079195,1.609016
test,"(197, 386)",176,1,100.0,7.0,0.7699999809265137,3.267335,0.365831,2.901504
test,"(437, 7)",76,1,519.0,60.0,0.09441233426332474,4.757376,3.623638,1.133738
test,"(337, 437)",7,1,1.0,1.0,1.0,0.646509,0.836622,-0.190113
test,"(60, 13)",197,1,191.0,34.0,0.0890052393078804,4.049022,3.773730,0.275292
test,"(13, 197)",256,1,220.0,5.0,0.4636363685131073,2.257842,0.853292,1.404549
test,"(256, 214)",7,1,480.0,49.0,0.37708333134651184,2.673493,1.045128,1.628365
test,"(188, 85)",243,1,128.0,4.0,0.796875,4.964575,0.337729,4.626846
test,"(179, 67)",13,1,96.0,21.0,0.2291666716337204,3.493437,1.588883,1.904554
test,"(234, 69)",12,1,114.0,3.0,0.9122806787490845,6.019309,0.203846,5.815463
test,"(75, 64)",399,1,306.0,16.0,0.4575163424015045,9.465867,11.386033,-1.920166
test,"(13, 214)",256,1,275.0,14.0,0.27272728085517883,2.396043,1.366493,1.029551
test,"(428, 86)",360,1,175.0,29.0,0.46857142448425293,9.768533,11.030866,-1.262333
test,"(308, 134)",295,1,316.0,37.0,0.3670886158943176,6.462062,6.679956,-0.217894
test,"(303, 308)",303,1,27.0,4.0,0.5185185074806213,5.351241,0.812900,4.538341
test,"(461, 472)",72,1,18.0,8.0,0.5,4.595938,3.469515,1.126423
test,"(72, 81)",179,1,560.0,26.0,0.5571428537368774,2.112639,0.666265,1.446375
test,"(134, 197)",386,1,349.0,11.0,0.32091689109802246,4.515321,1.472834,3.042487
test,"(134, 55)",46,1,43.0,13.0,0.27906978130340576,3.987775,2.343818,1.643957
test,"(180, 28)",213,1,310.0,24.0,0.2548387050628662,3.721014,5.084873,-1.363858
test,"(15, 60)",264,1,281.0,35.0,0.13523131608963013,4.865546,3.373494,1.492051
test,"(87, 37)",37,1,8.0,2.0,0.625,5.896137,0.730267,5.165870
test,"(82, 352)",28,1,67.0,10.0,0.5373134613037109,0.675932,0.588072,0.087860
test,"(185, 330)",7,1,253.0,44.0,0.22529643774032593,3.730271,1.562954,2.167317
test,"(330, 7)",66,1,86.0,20.0,0.3372093141078949,5.123053,5.069794,0.053259
test,"(225, 205)",82,1,51.0,12.0,0.5098039507865906,4.529943,2.297855,2.232087
test,"(227, 6)",60,1,16.0,7.0,0.4375,1.232375,3.089754,-1.857379
test,"(86, 62)",319,1,114.0,18.0,0.19298245012760162,3.589577,1.752528,1.837050
test,"(7, 76)",58,1,193.0,22.0,0.17616580426692963,3.840619,4.808452,-0.967833
test,"(62, 498)",62,1,59.0,3.0,0.7118644118309021,2.809661,0.449358,2.360303
test,"(82, 134)",134,1,518.0,77.0,0.11776062101125717,4.950891,5.656952,-0.706061
test,"(343, 461)",134,1,148.0,7.0,0.837837815284729,0.736133,0.205085,0.531047
test,"(428, 175)",134,1,136.0,21.0,0.38235294818878174,4.416738,5.531462,-1.114724
test,"(310, 64)",175,1,68.0,3.0,0.9411764740943909,2.751909,0.168604,2.583306
test,"(28, 16)",24,1,85.0,13.0,0.3294117748737335,4.375832,2.108128,2.267703
test,"(401, 28)",67,1,34.0,5.0,0.7352941036224365,4.688126,2.423849,2.264277
test,"(8, 193)",134,1,697.0,38.0,0.19368723034858704,1.888901,1.644447,0.244453
test,"(193, 191)",180,1,117.0,25.0,0.25641027092933655,3.721772,5.336505,-1.614733
test,"(72, 78)",282,1,391.0,42.0,0.18414321541786194,9.900975,4.890182,5.010793
test,"(19, 62)",236,1,61.0,14.0,0.21311475336551666,5.179054,2.216882,2.962173
test,"(134, 81)",190,1,669.0,43.0,0.22421523928642273,3.960869,3.780748,0.180121
test,"(472, 81)",222,1,64.0,2.0,0.921875,5.293981,0.198394,5.095587
test,"(67, 7)",7,1,564.0,82.0,0.06914893537759781,4.306479,2.893397,1.413082
test,"(84, 182)",416,1,173.0,39.0,0.24277456104755402,7.659947,9.598961,-1.939014
test,"(191, 200)",340,1,95.0,2.0,0.9368420839309692,4.732054,0.176493,4.555560
test,"(46, 49)",40,1,247.0,24.0,0.2712550461292267,3.224568,4.081277,-0.856709
test,"(308, 249)",223,1,18.0,8.0,0.3333333432674408,1.479057,2.731483,-1.252426
test,"(340, 134)",243,1,6.0,5.0,0.3333333432674408,4.008481,4.499859,-0.491378
test,"(81, 179)",250,1,313.0,32.0,0.6517571806907654,5.238761,0.531538,4.707223
test,"(26, 133)",92,1,602.0,21.0,0.45348837971687317,1.514210,0.841705,0.672505
test,"(359, 290)",493,1,5.0,2.0,0.800000011920929,2.120880,0.480141,1.640740
test,"(78, 188)",185,1,657.0,14.0,0.5190258622169495,2.287609,1.145804,1.141805
test,"(133, 133)",300,1,2512.0,71.0,0.19864650070667267,3.692444,1.770003,1.922440
test,"(308, 265)",69,1,80.0,7.0,0.637499988079071,3.269106,0.556920,2.712187
test,"(78, 70)",428,1,161.0,18.0,0.23602484166622162,5.737407,1.762916,3.974490
test,"(65, 78)",479,1,428.0,8.0,0.7196261882781982,2.781213,0.426617,2.354596
test,"(20, 20)",21,1,147.0,18.0,0.45578232407569885,5.856832,6.733155,-0.876323
test,"(87, 45)",23,0,0.0,0.0,0.0,7.457949,9.012517,-1.554568
test,"(7, 78)",82,1,97.0,8.0,0.4536082446575165,2.479202,0.888618,1.590584
test,"(8, 133)",198,1,571.0,42.0,0.31873905658721924,5.998049,3.705573,2.292476
test,"(212, 113)",127,1,67.0,5.0,0.4029850661754608,2.677888,2.348280,0.329608
test,"(65, 78)",479,1,428.0,8.0,0.7196261882781982,2.596799,0.424696,2.172103
test,"(154, 203)",229,1,7.0,3.0,0.5714285969734192,2.559041,1.594821,0.964220
test,"(356, 11)",183,1,91.0,13.0,0.3076923191547394,3.979139,5.449541,-1.470402
test,"(166, 254)",119,1,87.0,8.0,0.5517241358757019,1.882253,0.667306,1.214947
test,"(186, 289)",79,1,142.0,18.0,0.4225352108478546,6.871602,2.825748,4.045854
test,"(186, 289)",79,1,142.0,18.0,0.4225352108478546,6.747769,2.825518,3.922252
test,"(75, 84)",214,1,283.0,7.0,0.5053003430366516,2.588886,0.776005,1.812881
test,"(66, 379)",12,1,168.0,24.0,0.3095238208770752,5.112781,3.524818,1.587962
test,"(268, 189)",195,1,155.0,12.0,0.3290322721004486,3.281578,1.202362,2.079216
test,"(45, 51)",36,1,142.0,20.0,0.2112676054239273,1.979448,1.592005,0.387443
test,"(78, 188)",13,1,657.0,14.0,0.5190258622169495,3.347648,0.753153,2.594495
test,"(189, 245)",297,1,641.0,35.0,0.16380655765533447,3.149372,2.869570,0.279802
test,"(51, 60)",391,1,9.0,3.0,0.6666666865348816,8.021047,8.891654,-0.870608
test,"(7, 34)",32,1,52.0,10.0,0.2884615361690521,4.814387,5.809911,-0.995524
test,"(43, 43)",62,1,96.0,22.0,0.2395833283662796,4.228223,2.304090,1.924133
test,"(325, 320)",509,1,5.0,3.0,0.6000000238418579,2.260655,3.110571,-0.849916
test,"(354, 77)",68,1,98.0,1.0,1.0,3.347331,0.108500,3.238831
test,"(66, 235)",505,1,337.0,4.0,0.8961424231529236,0.532036,0.144184,0.387853
test,"(235, 505)",303,1,302.0,33.0,0.23178808391094208,6.788748,4.591463,2.197285
test,"(505, 303)",84,1,4.0,1.0,1.0,5.053391,0.307871,4.745520
test,"(35, 255)",66,1,92.0,2.0,0.804347813129425,2.481438,0.321093,2.160346
test,"(268, 388)",310,1,3.0,2.0,0.6666666865348816,4.970558,0.973275,3.997284
test,"(310, 88)",189,1,294.0,10.0,0.6972789168357849,2.375789,0.453685,1.922104
test,"(84, 66)",66,1,224.0,8.0,0.5223214030265808,4.343827,0.757544,3.586284
test,"(81, 8)",189,1,141.0,16.0,0.304964542388916,1.830341,1.226006,0.604336
test,"(79, 82)",11,1,301.0,25.0,0.4451827108860016,4.902700,5.702602,-0.799901
test,"(190, 178)",389,1,125.0,28.0,0.2720000147819519,6.090420,2.202290,3.888130
test,"(505, 359)",323,1,30.0,1.0,1.0,0.300857,0.043157,0.257700
test,"(26, 388)",134,1,511.0,21.0,0.34442269802093506,1.236459,1.098695,0.137764
test,"(183, 78)",242,1,442.0,11.0,0.44570136070251465,3.776499,0.910054,2.866444
test,"(202, 268)",195,1,72.0,8.0,0.625,1.245840,0.531667,0.714173
test,"(31, 40)",82,1,168.0,1.0,1.0,1.073929,0.071923,1.002006
test,"(35, 192)",301,1,538.0,27.0,0.26579925417900085,2.720037,3.542983,-0.822946
test,"(83, 81)",185,1,408.0,22.0,0.34558823704719543,3.276714,1.155445,2.121269
test,"(355, 177)",184,1,192.0,2.0,0.984375,2.185230,0.111754,2.073477
test,"(340, 7)",1,1,233.0,32.0,0.4163089990615845,2.807180,0.960320,1.846860
test,"(289, 192)",62,1,86.0,8.0,0.604651153087616,4.330241,2.422709,1.907532
test,"(184, 25)",264,1,217.0,23.0,0.21658986806869507,2.744697,1.611934,1.132762
test,"(88, 25)",328,1,326.0,47.0,0.23619632422924042,4.300797,3.689263,0.611534
test,"(12, 4)",67,1,18.0,2.0,0.5,3.532478,0.867691,2.664787
test,"(134, 300)",330,1,475.0,11.0,0.39157894253730774,2.766618,1.814577,0.952041
test,"(296, 241)",28,1,62.0,6.0,0.4516128897666931,5.219315,2.391001,2.828314
test,"(189, 83)",200,1,79.0,17.0,0.2405063360929489,4.481359,2.750045,1.731313
test,"(112, 338)",119,1,100.0,6.0,0.8199999928474426,1.706512,0.279166,1.427346
test,"(64, 72)",7,1,136.0,21.0,0.27941176295280457,6.734135,3.829220,2.904915
test,"(180, 191)",459,1,227.0,21.0,0.3259911835193634,4.074255,3.179095,0.895160
test,"(192, 83)",423,1,52.0,1.0,1.0,1.317511,0.089728,1.227783
test,"(264, 134)",300,1,396.0,55.0,0.12121212482452393,4.068840,3.820774,0.248066
test,"(25, 264)",358,1,234.0,33.0,0.14102564752101898,4.003559,3.625629,0.377930
test,"(369, 11)",191,1,36.0,11.0,0.25,4.357508,2.802771,1.554737
test,"(296, 241)",82,1,62.0,6.0,0.4516128897666931,1.756139,0.866299,0.889840
test,"(76, 205)",268,1,344.0,31.0,0.151162788271904,4.110865,2.897882,1.212984
test,"(456, 278)",129,1,118.0,42.0,0.17796610295772552,5.058495,5.973188,-0.914693
test,"(143, 130)",116,0,0.0,0.0,0.0,7.567154,0.127605,7.439549
test,"(162, 153)",416,1,1.0,1.0,1.0,4.685024,6.607039,-1.922015
test,"(166, 154)",140,1,71.0,21.0,0.11267605423927307,5.463482,2.597420,2.866062
test,"(352, 28)",194,1,391.0,24.0,0.42455244064331055,4.191275,3.429042,0.762233
test,"(59, 59)",77,1,320.0,18.0,0.22499999403953552,0.865660,1.364266,-0.498606
test,"(27, 72)",29,1,4.0,3.0,0.5,6.112421,1.265639,4.846782
test,"(6, 6)",6,1,74.0,8.0,0.3513513505458832,4.463763,1.254455,3.209308
test,"(65, 413)",14,1,107.0,13.0,0.5700934529304504,2.500865,0.654004,1.846861
test,"(477, 367)",199,1,27.0,1.0,1.0,0.595987,0.053801,0.542187
test,"(175, 74)",11,1,171.0,26.0,0.2982456088066101,3.307701,3.785309,-0.477609
test,"(363, 400)",35,1,146.0,17.0,0.27397260069847107,4.362944,6.535353,-2.172409
test,"(66, 400)",82,1,384.0,33.0,0.3020833432674408,1.136764,1.135876,0.000888
test,"(14, 83)",459,1,178.0,16.0,0.32022473216056824,2.486776,1.293339,1.193438
test,"(398, 236)",51,1,292.0,30.0,0.11301369965076447,3.248222,2.315551,0.932671
test,"(389, 302)",14,1,4.0,1.0,1.0,0.258398,0.137467,0.120931
test,"(432, 175)",74,1,40.0,2.0,0.574999988079071,4.909479,1.000265,3.909214
test,"(11, 195)",510,1,537.0,36.0,0.4711359441280365,5.711387,4.242175,1.469211
test,"(14, 287)",72,1,144.0,2.0,0.9583333134651184,1.271277,0.119163,1.152114
test,"(472, 237)",77,1,16.0,1.0,1.0,2.724270,0.137615,2.586655
test,"(87, 79)",75,1,77.0,8.0,0.4025973975658417,2.640023,4.624413,-1.984390
test,"(263, 207)",367,0,0.0,0.0,0.0,0.672411,1.704765,-1.032354
test,"(25, 199)",127,1,2122.0,114.0,0.12205466628074646,2.441123,2.102999,0.338124
test,"(199, 127)",153,1,615.0,41.0,0.17398373782634735,3.233446,2.574309,0.659136
test,"(14, 18)",15,1,130.0,1.0,1.0,1.738644,0.091051,1.647593
test,"(134, 5)",5,1,588.0,14.0,0.896258533000946,1.272782,0.173364,1.099418
test,"(82, 54)",205,1,69.0,4.0,0.47826087474823,2.929943,0.830795,2.099148
test,"(396, 26)",195,1,97.0,12.0,0.3814432919025421,3.142035,3.160492,-0.018457
test,"(14, 59)",13,1,6.0,3.0,0.5,5.605268,1.663964,3.941305
test,"(69, 60)",90,1,11.0,2.0,0.9090909361839294,5.341675,0.277455,5.064220
test,"(92, 3)",14,1,2.0,1.0,1.0,5.423337,0.542034,4.881303
test,"(441, 298)",68,1,1.0,1.0,1.0,1.869519,1.756053,0.113466
test,"(313, 91)",199,1,629.0,37.0,0.4101748764514923,0.939118,0.868845,0.070273
test,"(199, 79)",67,1,125.0,18.0,0.2160000056028366,6.174589,4.662184,1.512405
test,"(66, 75)",84,1,407.0,12.0,0.4004913866519928,3.326701,1.013179,2.313522
test,"(214, 82)",317,1,192.0,12.0,0.453125,5.403332,2.567164,2.836167
test,"(84, 214)",82,1,148.0,16.0,0.3513513505458832,2.479209,1.116064,1.363145
test,"(317, 378)",12,0,0.0,0.0,0.0,1.918398,0.766244,1.152154
test,"(184, 11)",195,1,187.0,33.0,0.1764705926179886,4.001067,3.428748,0.572319
test,"(82, 78)",241,1,505.0,19.0,0.5841584205627441,3.622478,1.514367,2.108111
test,"(34, 233)",184,1,91.0,2.0,0.9780219793319702,3.973689,0.132601,3.841088
test,"(64, 368)",92,1,177.0,35.0,0.4576271176338196,3.337537,5.225000,-1.887463
test,"(133, 92)",25,1,829.0,10.0,0.7647768259048462,5.586141,4.283383,1.302758
test,"(199, 385)",220,1,14.0,2.0,0.9285714030265808,6.572371,5.338203,1.234168
test,"(68, 11)",186,1,132.0,29.0,0.17424242198467255,3.414004,2.835397,0.578607
test,"(258, 276)",257,1,205.0,12.0,0.37560975551605225,1.416239,1.160164,0.256075
test,"(331, 43)",78,1,149.0,3.0,0.9463087320327759,1.167789,0.127118,1.040671
test,"(241, 66)",255,1,112.0,1.0,1.0,3.089483,0.106672,2.982811
test,"(82, 8)",291,1,622.0,44.0,0.17845658957958221,0.423798,1.465393,-1.041595
test,"(82, 324)",368,1,132.0,7.0,0.7803030014038086,6.635347,2.864097,3.771251
test,"(199, 129)",135,1,23.0,6.0,0.30434781312942505,1.118032,1.718393,-0.600361
test,"(49, 78)",188,1,188.0,9.0,0.7180851101875305,1.605879,0.408081,1.197797
test,"(388, 269)",442,1,396.0,33.0,0.3080808222293854,6.202638,8.362650,-2.160012
test,"(82, 8)",291,1,622.0,44.0,0.17845658957958221,0.835702,1.565954,-0.730252
test,"(351, 127)",109,1,96.0,3.0,0.8854166865348816,3.970166,2.793478,1.176688
test,"(51, 459)",35,1,243.0,20.0,0.3086419701576233,5.007876,2.981121,2.026755
test,"(47, 182)",85,1,79.0,5.0,0.7848101258277893,2.723979,2.065434,0.658545
test,"(88, 60)",180,1,52.0,19.0,0.32692307233810425,1.511125,1.096051,0.415074
test,"(341, 36)",215,1,1.0,1.0,1.0,3.537632,3.112344,0.425288
test,"(180, 408)",301,1,606.0,15.0,0.5808581113815308,0.301503,0.507125,-0.205622
test,"(269, 337)",235,1,371.0,51.0,0.14016172289848328,7.303900,9.505190,-2.201290
test,"(243, 47)",190,0,0.0,0.0,0.0,2.768319,3.075941,-0.307621
test,"(66, 84)",341,1,221.0,9.0,0.5384615659713745,2.543540,0.713224,1.830316
test,"(195, 269)",337,1,608.0,32.0,0.4013157784938812,1.274160,0.933350,0.340810
test,"(269, 337)",84,1,371.0,51.0,0.14016172289848328,5.257047,6.644871,-1.387824
test,"(192, 82)",11,1,79.0,20.0,0.17721518874168396,3.573092,3.379338,0.193754
test,"(79, 75)",298,1,358.0,12.0,0.3268156349658966,1.600334,2.406184,-0.805850
test,"(480, 311)",199,1,14.0,7.0,0.2142857164144516,4.854126,3.836164,1.017962
test,"(184, 77)",70,1,255.0,7.0,0.3803921639919281,5.382335,7.440635,-2.058300
test,"(25, 183)",400,1,148.0,21.0,0.15540540218353271,1.201649,1.805380,-0.603731
test,"(344, 82)",287,1,390.0,31.0,0.18974359333515167,8.040304,1.803981,6.236323
test,"(297, 230)",66,1,954.0,66.0,0.39308175444602966,2.936210,3.612381,-0.676171
test,"(66, 400)",13,1,384.0,33.0,0.3020833432674408,3.530529,1.939880,1.590649
test,"(207, 194)",175,1,69.0,1.0,1.0,4.217309,0.114405,4.102904
test,"(291, 189)",245,1,740.0,19.0,0.47162163257598877,1.586278,2.175646,-0.589369
test,"(428, 69)",83,0,0.0,0.0,0.0,3.666928,3.758506,-0.091578
test,"(230, 68)",8,1,265.0,9.0,0.4377358555793762,3.884254,1.751547,2.132707
test,"(400, 13)",196,1,80.0,16.0,0.1875,3.117000,2.281581,0.835419
test,"(26, 186)",269,1,592.0,40.0,0.2753378450870514,1.840164,2.531318,-0.691154
test,"(60, 218)",245,1,250.0,14.0,0.5,2.053813,2.790920,-0.737106
test,"(269, 334)",79,1,50.0,6.0,0.46000000834465027,1.890718,0.850731,1.039987
test,"(26, 388)",269,1,511.0,21.0,0.34442269802093506,1.051590,1.040115,0.011475
test,"(297, 230)",0,1,954.0,66.0,0.39308175444602966,0.963788,0.926899,0.036889
test,"(81, 178)",317,1,699.0,49.0,0.23032903671264648,2.731009,1.793101,0.937907
test,"(249, 402)",134,1,484.0,38.0,0.6508264541625977,1.392223,0.465799,0.926424
test,"(338, 112)",226,1,220.0,20.0,0.15000000596046448,2.592030,1.995952,0.596078
test,"(298, 192)",7,1,28.0,10.0,0.4285714328289032,2.040984,2.940015,-0.899031
test,"(341, 317)",6,1,9.0,7.0,0.2222222238779068,3.557119,3.394646,0.162473
test,"(280, 188)",32,1,394.0,35.0,0.2893401086330414,6.263971,3.487270,2.776702
test,"(83, 371)",268,1,199.0,7.0,0.80402010679245,0.412614,0.218147,0.194467
test,"(75, 222)",68,1,281.0,3.0,0.9786477088928223,1.007797,0.086321,0.921476
test,"(371, 268)",313,1,160.0,14.0,0.2750000059604645,5.002326,1.796375,3.205950
test,"(217, 47)",75,1,10.0,2.0,0.5,4.379200,6.124641,-1.745441
test,"(454, 34)",400,1,41.0,5.0,0.6585366129875183,1.124555,2.210983,-1.086428
test,"(72, 188)",218,1,560.0,59.0,0.1428571492433548,5.628911,4.070999,1.557912
test,"(66, 241)",182,1,257.0,17.0,0.6031128168106079,1.650821,0.565362,1.085458
test,"(0, 86)",509,1,26.0,3.0,0.4615384638309479,2.072418,0.901708,1.170711
test,"(84, 66)",66,1,224.0,8.0,0.5223214030265808,4.308231,0.757443,3.550788
test,"(8, 189)",245,1,1053.0,24.0,0.2735042870044708,0.998957,1.259798,-0.260841
test,"(207, 343)",310,1,232.0,19.0,0.3448275923728943,6.087276,5.094241,0.993035
test,"(134, 35)",192,1,676.0,36.0,0.417159765958786,1.855384,0.925009,0.930374
test,"(371, 268)",11,1,160.0,14.0,0.2750000059604645,4.353124,1.649591,2.703533
test,"(423, 317)",16,1,19.0,2.0,0.9473684430122375,9.513515,10.299580,-0.786065
test,"(51, 459)",82,1,243.0,20.0,0.3086419701576233,1.396161,1.157898,0.238263
test,"(226, 6)",218,1,30.0,7.0,0.6000000238418579,0.966770,0.544235,0.422535
test,"(337, 69)",178,1,26.0,8.0,0.3461538553237915,3.316504,1.204524,2.111980
test,"(180, 230)",8,1,289.0,62.0,0.12802767753601074,3.142236,2.082247,1.059989
test,"(218, 245)",336,1,553.0,32.0,0.2151898741722107,4.532675,2.553717,1.978957
test,"(73, 84)",179,1,421.0,1.0,1.0,1.566607,0.084018,1.482589
test,"(12, 65)",75,1,1221.0,22.0,0.29893529415130615,2.552518,1.283806,1.268712
test,"(245, 208)",253,1,180.0,12.0,0.8055555820465088,0.393418,0.211799,0.181618
test,"(85, 71)",60,1,6.0,2.0,0.8333333134651184,5.525206,0.448667,5.076539
test,"(70, 12)",66,1,613.0,21.0,0.26101142168045044,4.362527,1.684323,2.678203
test,"(178, 266)",71,1,18.0,5.0,0.7222222089767456,2.207849,0.436789,1.771060
test,"(78, 234)",309,1,188.0,40.0,0.1489361673593521,6.422344,8.639226,-2.216882
test,"(60, 309)",347,1,68.0,13.0,0.14705882966518402,1.930493,2.710392,-0.779899
test,"(14, 71)",17,1,96.0,9.0,0.3125,4.380954,1.998849,2.382104
test,"(71, 17)",29,1,60.0,6.0,0.3499999940395355,5.901550,1.239464,4.662087
test,"(252, 485)",1,1,85.0,1.0,1.0,1.956659,0.097542,1.859117
test,"(201, 414)",212,1,136.0,12.0,0.5,1.814620,0.746052,1.068568
test,"(201, 25)",134,1,44.0,16.0,0.3863636255264282,1.684020,0.957636,0.726384
test,"(324, 67)",304,1,293.0,26.0,0.351535826921463,2.702545,1.135030,1.567516
test,"(442, 287)",12,1,369.0,4.0,0.9214091897010803,0.201925,0.093887,0.108038
test,"(19, 213)",88,1,91.0,7.0,0.7582417726516724,2.012825,0.364262,1.648563
test,"(185, 426)",232,1,438.0,1.0,1.0,0.083640,0.008728,0.074913
test,"(304, 12)",87,1,1230.0,20.0,0.43252032995224,3.079611,2.450082,0.629529
test,"(134, 372)",13,1,235.0,1.0,1.0,0.403981,0.034825,0.369156
test,"(69, 178)",76,1,479.0,24.0,0.6743215322494507,1.650979,0.464414,1.186565
test,"(12, 76)",84,1,499.0,14.0,0.8316633105278015,1.021282,0.242886,0.778396
test,"(295, 12)",256,1,438.0,12.0,0.5365296602249146,2.536162,0.713744,1.822418
test,"(253, 29)",481,1,1481.0,23.0,0.18568535149097443,2.361708,3.071123,-0.709414
test,"(481, 208)",34,1,193.0,25.0,0.46113988757133484,6.389746,4.907503,1.482242
test,"(208, 34)",205,1,53.0,11.0,0.3207547068595886,6.678918,8.194030,-1.515112
test,"(372, 13)",69,1,465.0,54.0,0.11182795464992523,2.831403,2.554582,0.276821
test,"(84, 387)",303,1,447.0,25.0,0.23042505979537964,5.258587,2.288813,2.969774
test,"(254, 111)",203,1,161.0,18.0,0.5093167424201965,1.537071,0.700276,0.836795
test,"(29, 204)",211,1,108.0,4.0,0.6944444179534912,0.037350,0.306154,-0.268805
test,"(211, 134)",8,1,48.0,20.0,0.1666666716337204,4.463926,2.272480,2.191446
test,"(70, 71)",83,1,115.0,17.0,0.747826099395752,2.329069,0.378853,1.950216
test,"(362, 12)",65,1,677.0,17.0,0.43279173970222473,1.353694,0.878177,0.475517
test,"(282, 79)",13,1,38.0,13.0,0.21052631735801697,3.734157,1.663916,2.070241
test,"(12, 77)",177,1,225.0,8.0,0.8222222328186035,2.589168,0.294151,2.295018
test,"(87, 82)",194,1,184.0,18.0,0.3913043439388275,4.359942,1.049537,3.310405
test,"(194, 465)",12,1,659.0,6.0,0.8330804109573364,0.225900,0.183002,0.042898
test,"(13, 20)",489,1,416.0,39.0,0.32932692766189575,7.316095,3.462499,3.853596
test,"(92, 204)",211,1,53.0,3.0,0.9622641801834106,0.040750,0.018478,0.022272
test,"(8, 291)",331,1,1310.0,44.0,0.3946564793586731,2.433858,2.316386,0.117472
test,"(134, 372)",13,1,235.0,1.0,1.0,0.437390,0.037099,0.400291
test,"(77, 177)",68,1,234.0,1.0,1.0,1.158204,0.073337,1.084867
test,"(12, 450)",267,1,720.0,20.0,0.6152777671813965,5.285878,5.373232,-0.087354
test,"(12, 256)",75,1,519.0,4.0,0.978805422782898,0.719739,0.072984,0.646755
test,"(20, 281)",6,1,439.0,38.0,0.39179953932762146,4.437656,3.741553,0.696102
test,"(29, 481)",292,1,166.0,5.0,0.40361446142196655,1.730136,1.026543,0.703593
test,"(75, 362)",310,1,47.0,5.0,0.6382978558540344,5.536359,2.765588,2.770771
test,"(199, 65)",70,1,260.0,15.0,0.642307698726654,1.550045,0.510342,1.039703
test,"(304, 12)",87,1,1230.0,20.0,0.43252032995224,3.473291,2.467574,1.005717
test,"(293, 82)",324,1,148.0,9.0,0.6959459185600281,1.812609,0.448828,1.363781
test,"(67, 309)",31,1,24.0,14.0,0.2916666567325592,13.856754,12.090423,1.766331
test,"(211, 399)",34,1,32.0,3.0,0.9375,0.457263,0.083204,0.374058
test,"(506, 12)",75,1,576.0,9.0,0.3125,3.858190,1.596276,2.261914
test,"(194, 465)",12,1,659.0,6.0,0.8330804109573364,0.107326,0.171014,-0.063688
test,"(17, 15)",289,1,399.0,40.0,0.14035087823867798,6.447197,5.740361,0.706836
test,"(29, 347)",292,1,263.0,6.0,0.39923954010009766,1.491127,1.162642,0.328485
test,"(24, 194)",374,0,0.0,0.0,0.0,1.308781,1.795856,-0.487075
test,"(12, 65)",70,1,1221.0,22.0,0.29893529415130615,1.192330,2.156885,-0.964556
test,"(71, 11)",78,1,153.0,29.0,0.12418300658464432,10.577000,10.814161,-0.237161
test,"(65, 70)",12,1,689.0,18.0,0.8795355558395386,0.735683,0.174130,0.561552
test,"(347, 208)",485,1,262.0,28.0,0.4198473393917084,2.813042,2.171090,0.641951
test,"(296, 345)",25,1,577.0,6.0,0.9549393653869629,0.566216,0.085527,0.480689
test,"(264, 212)",100,1,21.0,11.0,0.190476194024086,5.734458,6.342333,-0.607875
test,"(426, 232)",12,1,538.0,30.0,0.7342007160186768,0.336566,0.303482,0.033084
test,"(175, 255)",6,1,180.0,33.0,0.17777778208255768,5.302367,6.086196,-0.783829
test,"(189, 14)",9,1,204.0,1.0,1.0,3.419914,0.105252,3.314662
test,"(12, 87)",82,1,452.0,4.0,0.5508849620819092,3.121232,1.091425,2.029807
test,"(67, 194)",374,1,21.0,7.0,0.3333333432674408,1.193961,1.588018,-0.394057
test,"(12, 227)",12,1,713.0,4.0,0.9943898916244507,0.188035,0.021257,0.166778
test,"(176, 309)",127,1,13.0,6.0,0.3076923191547394,2.111443,1.261028,0.850415
test,"(69, 72)",188,1,604.0,5.0,0.45860928297042847,2.443713,0.865846,1.577866
test,"(460, 399)",34,1,32.0,4.0,0.84375,0.584828,0.174819,0.410009
test,"(110, 201)",128,1,234.0,20.0,0.4145299196243286,1.931782,2.374563,-0.442781
test,"(47, 14)",49,1,1.0,1.0,1.0,5.105726,7.167775,-2.062048
test,"(282, 67)",78,1,31.0,7.0,0.4193548262119293,3.933186,5.603002,-1.669816
test,"(227, 12)",76,1,1258.0,27.0,0.3298887014389038,2.837069,1.195209,1.641859
test,"(178, 76)",190,1,580.0,50.0,0.12586206197738647,6.758915,2.887174,3.871741
test,"(166, 251)",338,1,72.0,7.0,0.3055555522441864,3.131701,3.268576,-0.136875
test,"(70, 12)",65,1,613.0,21.0,0.26101142168045044,2.235802,2.950182,-0.714380
test,"(12, 65)",70,1,1221.0,22.0,0.29893529415130615,1.676257,2.262972,-0.586715
test,"(171, 134)",292,1,92.0,23.0,0.20652173459529877,4.603249,2.629492,1.973756
test,"(21, 15)",1,1,163.0,37.0,0.19018404185771942,2.889327,4.216474,-1.327147
test,"(374, 228)",173,1,514.0,1.0,1.0,0.362019,0.031824,0.330196
test,"(272, 252)",86,1,2224.0,26.0,0.254046767950058,2.051879,1.911964,0.139915
test,"(304, 397)",85,1,291.0,6.0,0.32302406430244446,2.621028,1.820496,0.800532
test,"(324, 67)",194,1,293.0,26.0,0.351535826921463,4.361794,5.251003,-0.889209
test,"(29, 133)",328,1,434.0,16.0,0.20506912469863892,4.268605,2.744362,1.524243
test,"(69, 374)",442,1,510.0,13.0,0.3803921639919281,3.576425,2.698141,0.878285
test,"(295, 12)",256,1,438.0,12.0,0.5365296602249146,2.456813,0.712410,1.744402
test,"(83, 423)",1,1,300.0,32.0,0.18000000715255737,6.720449,8.834633,-2.114183
test,"(423, 1)",305,0,0.0,0.0,0.0,0.826974,2.512218,-1.685243
test,"(29, 204)",211,1,108.0,4.0,0.6944444179534912,0.036030,0.305982,-0.269952
test,"(485, 460)",510,1,19.0,3.0,0.4736842215061188,4.716335,0.932152,3.784183
test,"(304, 12)",227,1,1230.0,20.0,0.43252032995224,2.447476,0.921749,1.525727
test,"(426, 232)",12,1,538.0,30.0,0.7342007160186768,0.382123,0.307800,0.074323
test,"(199, 65)",70,1,260.0,15.0,0.642307698726654,1.280525,0.499465,0.781060
test,"(282, 63)",364,1,192.0,25.0,0.2552083432674408,6.305205,2.081750,4.223455
test,"(65, 295)",12,1,496.0,6.0,0.8830645084381104,0.158090,0.123629,0.034461
test,"(190, 35)",192,1,7.0,1.0,1.0,2.862623,0.190474,2.672149
test,"(120, 492)",229,1,133.0,13.0,0.1654135286808014,4.339279,2.053186,2.286093
test,"(371, 268)",218,1,160.0,14.0,0.2750000059604645,3.364193,4.058819,-0.694626
test,"(18, 32)",18,1,47.0,2.0,0.5744680762290955,4.645654,0.994388,3.651266
test,"(300, 8)",60,1,115.0,4.0,0.939130425453186,3.030693,0.168551,2.862142
test,"(12, 69)",342,1,478.0,16.0,0.7196652889251709,0.788669,0.367157,0.421513
test,"(178, 506)",12,1,29.0,1.0,1.0,0.108767,0.015582,0.093185
test,"(120, 127)",120,1,82.0,5.0,0.5609756112098694,2.619056,1.245735,1.373320
test,"(63, 474)",66,1,112.0,23.0,0.1696428507566452,3.456571,2.250374,1.206197
test,"(204, 211)",134,1,433.0,32.0,0.22401846945285797,2.915143,2.687260,0.227884
test,"(8, 434)",134,1,94.0,14.0,0.521276593208313,2.007973,3.171707,-1.163734
test,"(374, 12)",16,1,339.0,7.0,0.43067845702171326,2.826794,0.955951,1.870843
test,"(70, 176)",314,1,454.0,40.0,0.28854626417160034,9.096504,11.144419,-2.047915
test,"(291, 189)",204,1,740.0,19.0,0.47162163257598877,6.244665,8.528893,-2.284227
test,"(204, 211)",310,1,433.0,32.0,0.22401846945285797,6.364931,8.615193,-2.250262
test,"(30, 13)",7,1,485.0,46.0,0.12783505022525787,7.501512,7.485111,0.016401
test,"(254, 112)",285,1,336.0,36.0,0.1488095223903656,3.352015,3.101638,0.250378
test,"(79, 272)",252,1,102.0,1.0,1.0,0.048674,0.005305,0.043368
test,"(79, 29)",328,1,102.0,14.0,0.18627451360225677,2.997205,2.074858,0.922348
test,"(438, 50)",64,1,5.0,2.0,0.800000011920929,4.053182,4.693677,-0.640495
test,"(305, 172)",484,1,574.0,37.0,0.23693379759788513,3.632250,3.204356,0.427894
test,"(25, 189)",206,1,709.0,83.0,0.25528913736343384,8.144163,10.275058,-2.130895
test,"(229, 25)",134,1,20.0,7.0,0.3499999940395355,1.461155,1.604128,-0.142972
test,"(489, 12)",65,1,628.0,16.0,0.20859873294830322,1.564337,1.682708,-0.118371
test,"(501, 282)",67,1,180.0,26.0,0.18333333730697632,7.021432,2.553868,4.467564
test,"(181, 208)",175,1,136.0,23.0,0.375,4.461579,3.397794,1.063785
test,"(252, 364)",12,1,143.0,1.0,1.0,1.773441,0.091085,1.682356
test,"(134, 372)",13,1,235.0,1.0,1.0,0.397599,0.034383,0.363216
test,"(17, 20)",134,1,174.0,24.0,0.6206896305084229,2.953164,4.214318,-1.261154
test,"(127, 94)",203,1,245.0,18.0,0.3510203957557678,2.693555,1.919579,0.773976
test,"(275, 29)",328,1,1.0,1.0,1.0,3.279185,3.489909,-0.210724
test,"(248, 232)",272,1,694.0,73.0,0.1541786789894104,8.464546,10.542200,-2.077654
test,"(208, 78)",505,1,48.0,1.0,1.0,4.841297,0.120038,4.721259
test,"(409, 127)",109,1,314.0,8.0,0.5828025341033936,3.286245,2.250303,1.035942
test,"(493, 175)",255,1,124.0,1.0,1.0,3.474361,0.107702,3.366659
test,"(342, 213)",87,1,88.0,8.0,0.7386363744735718,2.905901,0.406439,2.499463
test,"(489, 12)",65,1,628.0,16.0,0.20859873294830322,1.742594,1.701258,0.041336
test,"(94, 444)",203,1,14.0,6.0,0.2857142984867096,2.629163,3.205716,-0.576553
test,"(399, 34)",357,1,587.0,4.0,0.5962521433830261,2.823504,1.325376,1.498128
test,"(501, 433)",204,1,87.0,10.0,0.24137930572032928,4.550151,3.648286,0.901866
test,"(75, 222)",68,1,281.0,3.0,0.9786477088928223,0.674644,0.070711,0.603933
test,"(328, 208)",253,1,230.0,23.0,0.5260869860649109,0.671069,0.593731,0.077339
test,"(398, 86)",68,1,143.0,2.0,0.9860140085220337,2.302322,0.112995,2.189327
test,"(71, 484)",396,1,67.0,4.0,0.89552241563797,2.521177,0.209986,2.311191
test,"(86, 196)",68,1,259.0,9.0,0.6988416910171509,0.795798,0.394515,0.401284
test,"(338, 120)",365,1,246.0,33.0,0.1991869956254959,4.053114,2.699765,1.353349
test,"(119, 1)",460,1,3.0,3.0,0.3333333432674408,3.902546,4.719900,-0.817353
test,"(204, 211)",194,1,433.0,32.0,0.22401846945285797,4.364012,4.789995,-0.425983
test,"(204, 211)",208,1,433.0,32.0,0.22401846945285797,1.889224,1.490474,0.398750
test,"(212, 112)",476,1,371.0,14.0,0.2533692717552185,3.658014,2.340940,1.317074
test,"(134, 128)",148,1,266.0,7.0,0.39849624037742615,2.103125,0.995449,1.107676
test,"(13, 66)",366,1,794.0,28.0,0.2745591998100281,3.877636,1.389575,2.488061
test,"(14, 355)",185,1,136.0,1.0,1.0,0.267313,0.026894,0.240418
test,"(33, 88)",13,1,421.0,23.0,0.31353920698165894,3.386033,5.408395,-2.022362
test,"(13, 75)",477,1,231.0,12.0,0.523809552192688,2.713568,0.742059,1.971509
test,"(213, 88)",12,1,500.0,9.0,0.8040000200271606,1.235616,0.283804,0.951812
test,"(293, 188)",67,1,573.0,54.0,0.38394415378570557,3.018015,1.038493,1.979521
test,"(134, 229)",338,1,252.0,12.0,0.3571428656578064,3.064141,1.472395,1.591746
test,"(326, 73)",78,1,2.0,1.0,1.0,3.866120,0.523031,3.343090
test,"(13, 22)",16,1,15.0,8.0,0.2666666805744171,3.582169,4.292986,-0.710817
test,"(489, 397)",85,1,53.0,2.0,0.6792452931404114,2.853239,0.496500,2.356739
test,"(438, 293)",188,1,157.0,1.0,1.0,1.049429,0.070451,0.978978
test,"(71, 44)",78,1,5.0,1.0,1.0,1.800144,0.225826,1.574318
test,"(178, 76)",13,1,580.0,50.0,0.12586206197738647,3.196841,2.200459,0.996382
test,"(77, 243)",51,1,424.0,48.0,0.18632075190544128,6.220295,5.776964,0.443331
test,"(75, 326)",92,1,520.0,43.0,0.25,3.902441,6.193878,-2.291437
test,"(72, 179)",487,1,617.0,52.0,0.15559157729148865,5.096509,3.113156,1.983353
test,"(173, 378)",12,1,689.0,21.0,0.8359941840171814,0.369093,0.185319,0.183774
test,"(12, 69)",342,1,478.0,16.0,0.7196652889251709,1.101198,0.384922,0.716276
test,"(65, 362)",12,1,63.0,2.0,0.9365079402923584,0.598410,0.106493,0.491917
test,"(69, 178)",76,1,479.0,24.0,0.6743215322494507,1.994392,0.473327,1.521065
test,"(15, 134)",296,1,128.0,26.0,0.2421875,2.184795,1.485457,0.699338
test,"(282, 268)",291,1,265.0,1.0,1.0,0.235896,0.023347,0.212549
test,"(66, 13)",241,1,371.0,44.0,0.10512129217386246,4.575884,6.822071,-2.246187
test,"(266, 81)",66,1,39.0,2.0,0.9743589758872986,4.105815,0.148681,3.957134
test,"(199, 78)",441,1,65.0,10.0,0.5384615659713745,5.010090,2.144842,2.865248
test,"(76, 304)",12,1,38.0,3.0,0.8421052694320679,0.388214,0.170117,0.218097
test,"(12, 87)",82,1,452.0,4.0,0.5508849620819092,2.263221,1.073738,1.189484
test,"(218, 264)",207,1,74.0,16.0,0.3378378450870514,3.739624,1.195837,2.543787
test,"(208, 71)",18,1,102.0,6.0,0.4803921580314636,3.520876,0.845472,2.675404
test,"(127, 109)",221,1,181.0,20.0,0.23204420506954193,3.172439,1.778169,1.394269
test,"(201, 13)",212,1,37.0,13.0,0.3513513505458832,3.850415,1.198804,2.651611
test,"(221, 134)",229,1,349.0,30.0,0.28080227971076965,2.465858,2.836824,-0.370966
test,"(251, 409)",229,1,131.0,18.0,0.4351145029067993,3.530847,0.924493,2.606354
test,"(134, 129)",135,1,471.0,9.0,0.6496815085411072,0.428410,0.422213,0.006197
test,"(485, 328)",510,1,20.0,3.0,0.44999998807907104,3.733446,1.426110,2.307336
test,"(25, 65)",70,1,462.0,5.0,0.6320346593856812,1.983767,0.541632,1.442135
test,"(213, 88)",12,1,500.0,9.0,0.8040000200271606,0.450403,0.238783,0.211620
test,"(133, 92)",133,1,829.0,10.0,0.7647768259048462,2.217524,0.357410,1.860114
test,"(385, 389)",133,1,120.0,1.0,1.0,0.074398,0.008318,0.066080
test,"(400, 11)",363,1,35.0,13.0,0.2571428716182709,3.706641,2.770244,0.936397
test,"(459, 11)",195,1,27.0,9.0,0.25925925374031067,2.609373,1.488282,1.121091
test,"(14, 467)",82,1,52.0,2.0,0.557692289352417,2.872591,0.931093,1.941499
test,"(6, 507)",195,1,128.0,11.0,0.34375,0.705370,1.236095,-0.530724
test,"(360, 501)",25,1,369.0,43.0,0.4878048896789551,1.490797,1.900683,-0.409886
test,"(25, 199)",66,1,2122.0,114.0,0.12205466628074646,4.567602,4.287454,0.280149
test,"(259, 195)",183,1,119.0,29.0,0.22689075767993927,2.918538,2.483500,0.435037
test,"(18, 15)",259,1,243.0,45.0,0.16872428357601166,2.471186,4.308302,-1.837116
test,"(68, 51)",78,1,47.0,6.0,0.42553192377090454,2.372673,0.951556,1.421117
test,"(195, 269)",289,1,608.0,32.0,0.4013157784938812,5.168335,4.725498,0.442838
test,"(82, 180)",230,1,821.0,46.0,0.1973203420639038,3.543244,4.250823,-0.707579
test,"(480, 8)",311,1,50.0,12.0,0.30000001192092896,3.471625,2.731860,0.739766
test,"(13, 179)",200,1,507.0,15.0,0.20512820780277252,3.968774,2.149832,1.818942
test,"(474, 67)",361,1,10.0,5.0,0.30000001192092896,5.095138,5.961565,-0.866427
test,"(179, 200)",83,1,144.0,2.0,0.9861111044883728,1.752782,0.103460,1.649322
test,"(67, 361)",205,1,59.0,1.0,1.0,3.178562,0.112835,3.065727
test,"(11, 195)",134,1,537.0,36.0,0.4711359441280365,1.655219,0.793711,0.861508
test,"(198, 44)",64,1,11.0,1.0,1.0,3.627996,0.170151,3.457844
test,"(8, 218)",388,1,116.0,13.0,0.2931034564971924,3.411492,4.017091,-0.605599
test,"(388, 269)",337,1,396.0,33.0,0.3080808222293854,1.655247,1.792566,-0.137319
test,"(180, 408)",301,1,606.0,15.0,0.5808581113815308,0.226348,0.497584,-0.271236
test,"(68, 248)",7,1,641.0,47.0,0.17628705501556396,2.463576,1.779165,0.684411
test,"(248, 7)",268,1,167.0,25.0,0.5209580659866333,3.122875,0.753139,2.369736
test,"(469, 30)",194,1,76.0,13.0,0.31578946113586426,5.690946,4.173512,1.517433
test,"(81, 178)",7,1,699.0,49.0,0.23032903671264648,2.222513,1.516577,0.705937
test,"(245, 310)",88,1,20.0,2.0,0.949999988079071,2.141696,0.168869,1.972828
test,"(188, 34)",366,1,76.0,16.0,0.18421052396297455,4.725749,2.995979,1.729770
test,"(115, 285)",112,1,254.0,8.0,0.31889763474464417,2.860184,1.231285,1.628899
test,"(193, 375)",82,1,55.0,9.0,0.41818180680274963,2.911372,0.949210,1.962161
test,"(13, 196)",11,1,798.0,29.0,0.19298245012760162,3.451004,1.728266,1.722738
test,"(410, 47)",71,0,0.0,0.0,0.0,6.532592,5.060642,1.471950
test,"(70, 428)",76,1,183.0,5.0,0.6666666865348816,3.848480,0.508521,3.339959
test,"(36, 85)",327,1,156.0,2.0,0.9807692170143127,2.400889,0.118574,2.282315
test,"(189, 14)",9,1,204.0,1.0,1.0,3.801555,0.106405,3.695150
test,"(9, 134)",39,1,135.0,34.0,0.13333334028720856,4.928227,2.404338,2.523889
test,"(244, 194)",374,1,6.0,3.0,0.5,1.307835,0.875498,0.432336
test,"(86, 68)",197,1,199.0,6.0,0.7085427045822144,3.732379,0.451052,3.281328
test,"(83, 267)",79,1,6.0,2.0,0.8333333134651184,0.311901,0.203282,0.108619
test,"(208, 485)",399,1,347.0,16.0,0.2046109437942505,2.345407,2.477267,-0.131860
test,"(12, 450)",12,1,720.0,20.0,0.6152777671813965,0.973691,0.505560,0.468130
test,"(256, 75)",82,1,702.0,26.0,0.5470085740089417,5.241189,2.339686,2.901503
test,"(272, 252)",355,1,2224.0,26.0,0.254046767950058,3.120754,3.294090,-0.173336
test,"(75, 293)",243,1,264.0,3.0,0.9848484992980957,0.582088,0.060221,0.521867
test,"(69, 342)",213,1,402.0,36.0,0.21641790866851807,2.498558,1.583350,0.915208
test,"(77, 177)",68,1,234.0,1.0,1.0,1.307130,0.078024,1.229106
test,"(232, 12)",379,1,398.0,6.0,0.80402010679245,4.167226,0.323428,3.843798
test,"(489, 12)",66,1,628.0,16.0,0.20859873294830322,4.687592,2.069399,2.618192
test,"(295, 12)",256,1,438.0,12.0,0.5365296602249146,2.206128,0.707444,1.498684
test,"(282, 7)",68,1,225.0,6.0,0.9733333587646484,2.296503,0.123686,2.172817
test,"(481, 208)",175,1,193.0,25.0,0.46113988757133484,4.747629,2.959261,1.788369
test,"(501, 207)",433,1,60.0,4.0,0.6166666746139526,1.525925,1.167382,0.358543
test,"(66, 464)",310,1,323.0,9.0,0.8544891476631165,0.513417,0.182767,0.330650
test,"(251, 254)",112,1,326.0,11.0,0.42944785952568054,2.901347,2.420007,0.481339
test,"(69, 178)",76,1,479.0,24.0,0.6743215322494507,1.808687,0.468878,1.339809
test,"(374, 228)",173,1,514.0,1.0,1.0,0.186124,0.018095,0.168029
test,"(228, 173)",378,1,595.0,2.0,0.9697479009628296,0.427312,0.064792,0.362520
test,"(450, 12)",20,1,592.0,5.0,0.6216216087341309,4.224958,1.316538,2.908421
test,"(464, 310)",322,1,276.0,1.0,1.0,0.261677,0.025275,0.236402
test,"(303, 75)",12,1,76.0,2.0,0.9868420958518982,3.251938,0.123910,3.128028
test,"(75, 12)",17,1,144.0,21.0,0.3541666567325592,2.823202,1.937602,0.885599
test,"(78, 390)",291,1,39.0,3.0,0.8461538553237915,8.675506,10.743986,-2.068480
test,"(465, 12)",65,1,580.0,5.0,0.7413793206214905,1.499975,0.372802,1.127173
test,"(12, 21)",213,1,266.0,28.0,0.20676691830158234,3.387914,1.659864,1.728050
test,"(76, 13)",82,1,447.0,52.0,0.08501118421554565,5.294003,3.284098,2.009905
test,"(27, 14)",78,1,543.0,15.0,0.2504604160785675,5.260104,2.856226,2.403878
test,"(78, 505)",29,1,112.0,8.0,0.4285714328289032,1.852544,0.920189,0.932355
test,"(328, 189)",82,1,79.0,29.0,0.29113924503326416,6.699675,2.985504,3.714171
test,"(264, 208)",253,1,291.0,23.0,0.5017182230949402,0.575859,0.635563,-0.059704
test,"(196, 12)",256,1,72.0,3.0,0.9722222089767456,2.469558,0.133611,2.335947
test,"(79, 79)",27,1,219.0,48.0,0.12328767031431198,8.471603,4.309590,4.162013
test,"(27, 14)",355,1,543.0,15.0,0.2504604160785675,2.406827,1.454425,0.952402
test,"(53, 72)",65,1,57.0,3.0,0.859649121761322,3.814097,2.277704,1.536393
test,"(208, 355)",185,1,225.0,1.0,1.0,0.231553,0.022789,0.208764
test,"(75, 228)",173,1,44.0,3.0,0.9318181872367859,0.594747,0.115168,0.479580
test,"(328, 208)",355,1,230.0,23.0,0.5260869860649109,2.950946,2.184469,0.766477
test,"(82, 194)",465,1,98.0,11.0,0.7346938848495483,0.405717,0.311038,0.094679
test,"(12, 19)",506,1,677.0,27.0,0.3810930550098419,2.693132,2.564249,0.128884
test,"(68, 296)",75,1,180.0,1.0,1.0,3.156487,0.104321,3.052167
test,"(12, 68)",76,1,126.0,3.0,0.6190476417541504,2.877459,0.583243,2.294216
test,"(12, 20)",281,1,522.0,18.0,0.7471264600753784,0.567120,0.311887,0.255233
test,"(229, 351)",134,1,508.0,42.0,0.2696850299835205,1.777689,1.516553,0.261136
test,"(14, 18)",15,1,130.0,1.0,1.0,1.652637,0.089323,1.563314
test,"(252, 355)",222,1,81.0,1.0,1.0,2.449093,0.103956,2.345137
test,"(19, 309)",264,1,88.0,13.0,0.14772726595401764,2.632238,2.325839,0.306399
test,"(12, 17)",213,1,931.0,38.0,0.1890440434217453,2.920128,2.052685,0.867443
test,"(450, 12)",20,1,592.0,5.0,0.6216216087341309,3.842506,1.313999,2.528507
test,"(227, 12)",450,1,1258.0,27.0,0.3298887014389038,1.695005,1.408546,0.286459
test,"(379, 266)",71,1,13.0,2.0,0.7692307829856873,2.876270,0.417724,2.458546
test,"(12, 256)",75,1,519.0,4.0,0.978805422782898,0.465609,0.057944,0.407664
test,"(27, 14)",253,1,543.0,15.0,0.2504604160785675,3.253532,1.750968,1.502564
test,"(272, 282)",63,1,193.0,7.0,0.9637305736541748,3.106196,0.138568,2.967628
test,"(196, 68)",179,1,533.0,32.0,0.32457786798477173,1.595295,1.162318,0.432977
test,"(506, 12)",87,1,576.0,9.0,0.3125,3.444854,1.260387,2.184467
test,"(12, 20)",281,1,522.0,18.0,0.7471264600753784,0.561287,0.311434,0.249854
test,"(253, 29)",328,1,1481.0,23.0,0.18568535149097443,3.154519,2.873739,0.280780
test,"(68, 76)",60,1,469.0,22.0,0.26439231634140015,3.187991,2.011994,1.175996
test,"(29, 347)",292,1,263.0,6.0,0.39923954010009766,1.300383,1.147624,0.152760
test,"(252, 69)",374,1,489.0,8.0,0.8670756816864014,0.242004,0.153041,0.088963
test,"(65, 295)",12,1,496.0,6.0,0.8830645084381104,0.207979,0.128342,0.079638
test,"(12, 425)",64,1,37.0,2.0,0.9729729890823364,4.368934,0.149633,4.219301
test,"(229, 127)",120,1,115.0,5.0,0.40869563817977905,2.257056,1.522071,0.734984
test,"(312, 12)",87,1,228.0,13.0,0.24122807383537292,3.831583,2.200592,1.630992
test,"(134, 50)",84,1,625.0,63.0,0.12960000336170197,2.947187,3.322584,-0.375397
test,"(290, 64)",70,1,29.0,4.0,0.5517241358757019,1.896811,0.697317,1.199493
test,"(487, 27)",32,1,53.0,8.0,0.2641509473323822,4.238755,5.137709,-0.898954
test,"(84, 65)",82,1,393.0,40.0,0.24173027276992798,4.860643,2.620044,2.240599
test,"(134, 340)",34,1,260.0,42.0,0.1846153885126114,3.970089,2.685650,1.284439
test,"(25, 323)",427,1,966.0,13.0,0.4399586021900177,3.643977,2.564433,1.079545
test,"(68, 247)",349,1,457.0,25.0,0.43763676285743713,1.289453,0.853834,0.435619
test,"(25, 199)",127,1,2122.0,114.0,0.12205466628074646,2.408970,2.100671,0.308298
test,"(426, 232)",25,1,538.0,30.0,0.7342007160186768,2.009471,2.324514,-0.315043
test,"(256, 445)",13,1,399.0,45.0,0.1303258091211319,4.448550,2.535522,1.913028
test,"(259, 264)",249,1,172.0,21.0,0.38372093439102173,5.900774,7.419927,-1.519153
test,"(398, 64)",349,1,22.0,11.0,0.1818181872367859,3.618226,2.818638,0.799588
test,"(85, 78)",196,1,114.0,4.0,0.5877193212509155,4.216253,0.644202,3.572051
test,"(32, 66)",256,1,68.0,3.0,0.6470588445663452,5.318861,0.556748,4.762113
test,"(445, 249)",413,1,3.0,1.0,1.0,1.813720,0.334922,1.478797
test,"(225, 66)",81,1,32.0,1.0,1.0,4.244408,0.126865,4.117543
test,"(86, 249)",402,1,89.0,1.0,1.0,0.851532,0.065817,0.785715
test,"(293, 326)",83,1,155.0,1.0,1.0,4.248613,0.108114,4.140499
test,"(193, 302)",14,1,129.0,3.0,0.8682170510292053,0.949456,0.197566,0.751890
test,"(184, 27)",47,1,237.0,19.0,0.2320675104856491,4.857108,2.900152,1.956955
test,"(255, 79)",177,1,30.0,1.0,1.0,6.263146,0.130380,6.132766
test,"(189, 224)",191,1,306.0,35.0,0.1339869350194931,4.383492,2.648631,1.734861
test,"(6, 218)",193,1,653.0,19.0,0.30781009793281555,1.669539,1.955676,-0.286137
test,"(72, 81)",179,1,560.0,26.0,0.5571428537368774,1.390833,0.641659,0.749174
test,"(52, 81)",75,1,143.0,1.0,1.0,3.986790,0.108446,3.878344
test,"(13, 475)",30,1,167.0,13.0,0.6107784509658813,7.881091,2.882273,4.998818
test,"(199, 259)",224,1,90.0,18.0,0.2222222238779068,1.886781,3.619559,-1.732778
test,"(232, 25)",199,1,111.0,19.0,0.5495495200157166,1.442066,0.633868,0.808198
test,"(357, 219)",47,1,264.0,20.0,0.625,5.632381,3.426412,2.205969
test,"(508, 13)",475,1,131.0,21.0,0.28244274854660034,3.191611,1.614398,1.577212
test,"(426, 487)",13,1,398.0,11.0,0.4246231019496918,1.243611,0.881096,0.362515
test,"(25, 189)",134,1,709.0,83.0,0.25528913736343384,2.663806,1.414177,1.249628
test,"(492, 201)",6,1,66.0,17.0,0.3181818127632141,4.001519,1.266796,2.734724
test,"(494, 35)",319,1,7.0,1.0,1.0,2.282072,4.116675,-1.834603
test,"(193, 207)",420,1,441.0,20.0,0.27210885286331177,5.130683,6.693470,-1.562786
test,"(475, 318)",448,1,50.0,1.0,1.0,0.350132,0.038588,0.311545
test,"(193, 134)",188,1,864.0,79.0,0.08796296268701553,6.222051,3.980838,2.241212
test,"(331, 83)",217,1,35.0,2.0,0.8857142925262451,2.815548,0.242164,2.573383
test,"(82, 25)",310,1,913.0,60.0,0.1489594727754593,4.387307,3.821147,0.566161
test,"(289, 319)",25,1,86.0,3.0,0.6860465407371521,3.377337,1.485150,1.892187
test,"(13, 84)",471,1,98.0,7.0,0.6836734414100647,2.910649,0.486758,2.423891
test,"(471, 7)",473,1,50.0,13.0,0.25999999046325684,6.054100,7.478092,-1.423992
test,"(193, 418)",503,1,136.0,12.0,0.3970588147640228,0.427697,1.483226,-1.055530
test,"(507, 193)",134,1,74.0,11.0,0.3378378450870514,2.262611,2.195981,0.066630
test,"(50, 410)",11,1,132.0,10.0,0.689393937587738,3.372279,3.990617,-0.618338
test,"(505, 82)",13,1,76.0,12.0,0.6315789222717285,2.989583,2.955328,0.034255
test,"(83, 202)",47,1,324.0,40.0,0.25925925374031067,6.395671,7.537480,-1.141809
test,"(82, 13)",79,1,1646.0,100.0,0.11907655000686646,2.782361,2.165397,0.616964
test,"(83, 202)",302,1,324.0,40.0,0.25925925374031067,8.411023,4.216359,4.194664
test,"(190, 443)",36,1,19.0,3.0,0.6315789222717285,4.575610,6.801353,-2.225744
test,"(13, 69)",350,1,1015.0,24.0,0.24039408564567566,1.639126,1.445749,0.193377
test,"(15, 11)",224,1,337.0,53.0,0.22255192697048187,3.580113,4.595333,-1.015220
test,"(206, 234)",217,1,15.0,2.0,0.5333333611488342,8.063417,0.831108,7.232310
test,"(203, 251)",13,1,408.0,33.0,0.18382352590560913,8.844007,5.851450,2.992557
test,"(223, 7)",78,1,67.0,12.0,0.43283581733703613,6.640571,0.966331,5.674240
test,"(13, 293)",355,1,27.0,2.0,0.5925925970077515,3.727897,0.671134,3.056763
test,"(197, 176)",190,1,211.0,7.0,0.44549763202667236,4.788605,1.055920,3.732685
test,"(127, 120)",134,1,421.0,37.0,0.1876484602689743,4.425002,3.218489,1.206512
test,"(203, 251)",25,1,408.0,33.0,0.18382352590560913,7.640097,5.250766,2.389331
test,"(229, 376)",115,1,101.0,6.0,0.5742574334144592,2.484810,3.009536,-0.524726
test,"(251, 365)",229,1,236.0,15.0,0.5127118825912476,3.305231,2.857932,0.447299
test,"(115, 201)",128,1,118.0,20.0,0.22033898532390594,1.560387,1.573518,-0.013131
test,"(196, 299)",193,1,13.0,3.0,0.7692307829856873,5.286213,6.837973,-1.551760
test,"(134, 128)",148,1,266.0,7.0,0.39849624037742615,1.922663,0.988937,0.933726
test,"(492, 229)",409,1,42.0,19.0,0.3333333432674408,3.040672,2.233585,0.807087
test,"(241, 82)",178,1,182.0,7.0,0.7252747416496277,5.404098,0.431108,4.972989
test,"(25, 230)",8,1,157.0,35.0,0.19745223224163055,3.463121,1.691331,1.771790
test,"(441, 68)",248,1,151.0,2.0,0.9867549538612366,3.278653,0.118910,3.159743
test,"(82, 178)",52,1,238.0,25.0,0.20168067514896393,9.591478,3.915141,5.676337
test,"(11, 224)",249,1,449.0,41.0,0.20935411751270294,3.284780,3.348590,-0.063811
test,"(249, 413)",455,1,325.0,31.0,0.19384615123271942,2.162268,2.219101,-0.056833
test,"(424, 50)",78,1,7.0,1.0,1.0,2.836698,0.203246,2.633452
test,"(319, 79)",36,1,154.0,17.0,0.2532467544078827,6.030964,2.553793,3.477171
test,"(11, 264)",183,1,254.0,34.0,0.22047244012355804,3.366807,2.877473,0.489334
test,"(331, 35)",255,1,46.0,8.0,0.41304346919059753,3.589448,1.012238,2.577211
test,"(441, 68)",248,1,151.0,2.0,0.9867549538612366,2.589523,0.114709,2.474814
test,"(67, 25)",134,1,268.0,51.0,0.13059701025485992,1.957370,1.921873,0.035497
test,"(190, 71)",13,1,542.0,35.0,0.33763837814331055,2.732587,1.167698,1.564890
test,"(81, 369)",7,1,82.0,7.0,0.792682945728302,1.530320,0.295190,1.235130
test,"(80, 92)",11,1,5.0,3.0,0.6000000238418579,3.693493,0.879076,2.814418
test,"(458, 66)",13,1,66.0,20.0,0.1818181872367859,3.171409,1.792126,1.379283
test,"(458, 66)",13,1,66.0,20.0,0.1818181872367859,3.217446,1.793259,1.424187
test,"(361, 13)",477,1,47.0,17.0,0.1702127605676651,5.250161,3.663260,1.586902
test,"(134, 17)",8,1,515.0,55.0,0.12038835138082504,2.455758,2.395634,0.060124
test,"(7, 79)",82,1,525.0,42.0,0.13523809611797333,3.474116,4.565564,-1.091448
test,"(69, 92)",87,1,273.0,38.0,0.12820513546466827,8.456650,2.804805,5.651845
test,"(11, 92)",225,1,92.0,19.0,0.31521740555763245,4.649366,2.622962,2.026404
test,"(186, 511)",7,1,499.0,3.0,0.9218437075614929,0.230729,0.092690,0.138039
test,"(193, 194)",13,1,135.0,18.0,0.24444444477558136,5.098299,1.658988,3.439311
test,"(81, 369)",7,1,82.0,7.0,0.792682945728302,1.291634,0.287381,1.004254
test,"(62, 8)",11,1,43.0,7.0,0.3720930218696594,3.464489,1.322293,2.142195
test,"(72, 74)",78,1,61.0,5.0,0.7868852615356445,4.134851,2.085374,2.049477
test,"(268, 186)",134,1,235.0,33.0,0.11063829809427261,1.781596,2.190318,-0.408722
test,"(180, 258)",244,1,92.0,10.0,0.43478259444236755,8.809610,5.846886,2.962724
test,"(79, 268)",25,1,75.0,17.0,0.1599999964237213,4.792105,2.655445,2.136660
test,"(261, 75)",175,1,20.0,2.0,0.75,4.261010,1.642398,2.618612
test,"(361, 180)",270,1,13.0,6.0,0.4615384638309479,2.852297,3.529236,-0.676939
test,"(14, 77)",70,1,66.0,10.0,0.27272728085517883,6.056901,3.454026,2.602876
test,"(45, 191)",425,1,5.0,3.0,0.4000000059604645,1.865756,2.268928,-0.403172
test,"(81, 196)",219,1,175.0,17.0,0.4000000059604645,8.084716,2.038493,6.046223
test,"(219, 12)",77,1,43.0,8.0,0.7209302186965942,4.911704,3.556814,1.354890
test,"(219, 13)",233,1,27.0,15.0,0.2222222238779068,4.413583,3.010610,1.402974
test,"(67, 13)",340,1,128.0,31.0,0.140625,4.504141,2.383888,2.120253
test,"(472, 40)",43,1,284.0,6.0,0.9507042169570923,1.787359,0.136823,1.650536
test,"(243, 12)",68,1,10.0,2.0,0.8999999761581421,6.350225,0.296178,6.054048
test,"(265, 69)",222,1,115.0,1.0,1.0,4.432069,0.110472,4.321597
test,"(68, 11)",134,1,132.0,29.0,0.17424242198467255,1.929122,1.641974,0.287148
test,"(11, 134)",48,1,2212.0,121.0,0.059222422540187836,5.965639,5.718721,0.246918
test,"(76, 389)",133,1,95.0,3.0,0.9578947424888611,0.227294,0.049440,0.177854
test,"(77, 25)",391,1,70.0,16.0,0.2142857164144516,4.303800,5.137848,-0.834049
test,"(176, 13)",261,1,254.0,39.0,0.11811023950576782,6.130936,4.749343,1.381592
test,"(13, 82)",78,1,629.0,30.0,0.1621621549129486,3.610570,2.075655,1.534915
test,"(186, 418)",503,1,76.0,11.0,0.28947368264198303,1.549367,1.543139,0.006227
test,"(386, 77)",7,1,319.0,21.0,0.4890282154083252,3.669617,0.817116,2.852501
test,"(34, 324)",386,1,400.0,9.0,0.5325000286102295,0.916626,0.652927,0.263700
test,"(25, 310)",279,1,210.0,3.0,0.9714285731315613,0.352477,0.058283,0.294194
test,"(214, 87)",7,1,127.0,25.0,0.16535432636737823,3.417069,1.885647,1.531422
test,"(25, 199)",40,1,2122.0,114.0,0.12205466628074646,7.276975,6.844563,0.432411
test,"(243, 62)",68,1,40.0,5.0,0.625,4.755564,0.602977,4.152587
test,"(62, 319)",301,1,368.0,10.0,0.4211956560611725,2.720808,4.172061,-1.451253
test,"(8, 11)",186,1,663.0,52.0,0.1161387637257576,2.722754,2.358507,0.364247
test,"(134, 218)",195,1,269.0,15.0,0.3828996419906616,3.025786,1.973393,1.052393
test,"(84, 65)",75,1,393.0,40.0,0.24173027276992798,4.188204,2.374213,1.813991
test,"(84, 176)",88,1,351.0,2.0,0.9743589758872986,1.900001,0.116252,1.783750
test,"(176, 88)",49,1,348.0,23.0,0.29885056614875793,4.759387,1.315155,3.444232
test,"(85, 327)",82,1,353.0,33.0,0.22662889957427979,2.677211,1.521046,1.156165
test,"(84, 176)",88,1,351.0,2.0,0.9743589758872986,2.267110,0.121427,2.145683
test,"(88, 49)",237,1,111.0,3.0,0.9729729890823364,4.430645,0.137264,4.293382
test,"(8, 189)",245,1,1053.0,24.0,0.2735042870044708,2.115212,1.351136,0.764076
test,"(293, 188)",250,1,573.0,54.0,0.38394415378570557,6.930397,3.716522,3.213875
test,"(77, 7)",83,1,220.0,28.0,0.459090918302536,3.877878,3.357094,0.520784
test,"(300, 482)",510,1,629.0,19.0,0.37201908230781555,3.918519,1.073713,2.844806
test,"(199, 473)",83,1,4.0,1.0,1.0,2.365912,0.284355,2.081557
test,"(413, 319)",76,1,80.0,1.0,1.0,4.099914,0.112402,3.987511
test,"(235, 70)",71,1,116.0,6.0,0.732758641242981,3.499453,0.419612,3.079841
test,"(410, 213)",176,1,2.0,2.0,0.5,4.839384,1.996341,2.843043
test,"(25, 189)",320,1,709.0,83.0,0.25528913736343384,7.069321,9.258228,-2.188907
test,"(75, 47)",185,1,6.0,2.0,0.6666666865348816,6.253982,0.712915,5.541067
test,"(36, 222)",71,1,41.0,1.0,1.0,2.412501,0.111414,2.301088
test,"(432, 64)",88,1,28.0,4.0,0.3571428656578064,2.110756,1.140578,0.970177
test,"(334, 69)",189,1,223.0,30.0,0.3273542523384094,10.530609,11.663361,-1.132752
test,"(25, 396)",11,1,120.0,4.0,0.7250000238418579,2.327223,0.415567,1.911656
test,"(12, 83)",288,1,202.0,14.0,0.3316831588745117,9.920066,12.096987,-2.176921
test,"(134, 206)",86,1,236.0,12.0,0.4449152648448944,1.327489,1.420379,-0.092891
test,"(79, 185)",25,1,37.0,4.0,0.837837815284729,2.440596,4.714634,-2.274037
test,"(25, 382)",11,1,63.0,14.0,0.2857142984867096,3.469692,1.361530,2.108163
test,"(71, 83)",259,1,454.0,50.0,0.2070484608411789,3.146118,3.776747,-0.630629
test,"(188, 69)",83,1,104.0,1.0,1.0,3.484305,0.109004,3.375301
test,"(259, 183)",324,1,51.0,7.0,0.6274510025978088,1.145482,0.527093,0.618389
test,"(25, 134)",17,1,1784.0,97.0,0.08464125543832779,3.149549,3.981861,-0.832313
test,"(25, 199)",18,1,2122.0,114.0,0.12205466628074646,5.163486,5.211367,-0.047881
test,"(18, 259)",183,1,37.0,10.0,0.4054054021835327,3.115472,4.855693,-1.740221
test,"(319, 76)",12,1,85.0,5.0,0.4941176474094391,6.079600,1.072543,5.007058
test,"(301, 298)",74,1,22.0,1.0,1.0,2.468287,0.121513,2.346775
test,"(459, 8)",291,1,25.0,6.0,0.7200000286102295,1.708835,0.416298,1.292537
test,"(83, 25)",249,1,339.0,32.0,0.2566371560096741,4.184933,2.741993,1.442940
test,"(25, 249)",386,1,250.0,11.0,0.5559999942779541,1.233698,0.635543,0.598155
test,"(26, 195)",303,1,684.0,39.0,0.17105263471603394,6.124324,5.121360,1.002964
test,"(127, 100)",201,1,36.0,6.0,0.5,4.409750,0.756441,3.653309
test,"(389, 186)",183,1,62.0,18.0,0.20967741310596466,3.432965,2.056236,1.376729
test,"(217, 82)",6,1,303.0,54.0,0.09570956975221634,3.531668,2.953459,0.578209
test,"(377, 6)",25,1,1.0,1.0,1.0,2.216936,2.702501,-0.485566
test,"(502, 127)",120,1,25.0,4.0,0.6800000071525574,2.234597,0.503546,1.731051
test,"(243, 231)",248,1,2.0,1.0,1.0,7.744271,9.897732,-2.153460
test,"(38, 8)",302,1,4.0,3.0,0.5,4.418315,5.569258,-1.150943
test,"(7, 66)",86,1,264.0,31.0,0.21212121844291687,5.837866,7.692164,-1.854298
test,"(134, 39)",202,1,229.0,25.0,0.16157205402851105,8.107353,6.868297,1.239056
test,"(38, 11)",358,1,10.0,7.0,0.20000000298023224,4.689385,5.469196,-0.779810
test,"(6, 25)",311,1,345.0,25.0,0.36811593174934387,6.934613,5.119424,1.815189
test,"(83, 71)",25,1,681.0,51.0,0.11747430264949799,2.642170,2.178981,0.463189
test,"(442, 81)",196,1,67.0,4.0,0.7611940503120422,4.932468,0.390586,4.541882
test,"(25, 183)",86,1,148.0,21.0,0.15540540218353271,6.308600,8.429991,-2.121390
test,"(509, 301)",178,1,59.0,2.0,0.9322034120559692,2.261888,0.172772,2.089116
test,"(189, 186)",269,1,766.0,36.0,0.20757180452346802,2.650129,1.636165,1.013964
test,"(83, 64)",313,1,563.0,40.0,0.16341030597686768,9.101542,11.016210,-1.914668
test,"(217, 13)",196,1,69.0,25.0,0.260869562625885,3.811967,4.505045,-0.693078
test,"(509, 257)",25,1,69.0,10.0,0.24637681245803833,1.627093,1.612183,0.014910
test,"(7, 76)",11,1,193.0,22.0,0.17616580426692963,4.377248,3.451525,0.925723
test,"(207, 26)",343,1,443.0,14.0,0.4898419976234436,2.342006,2.275719,0.066288
test,"(228, 82)",301,1,645.0,63.0,0.15968991816043854,3.735093,5.747459,-2.012366
test,"(87, 57)",352,0,0.0,0.0,0.0,6.075574,6.907579,-0.832005
test,"(218, 186)",269,1,1021.0,27.0,0.46523016691207886,2.732947,2.031766,0.701181
test,"(0, 270)",134,1,127.0,22.0,0.3779527544975281,1.733434,0.998174,0.735260
test,"(11, 320)",13,1,137.0,18.0,0.2846715450286865,5.498070,4.561078,0.936992
test,"(245, 320)",509,1,33.0,5.0,0.7272727489471436,0.624010,2.340358,-1.716348
test,"(7, 196)",8,1,133.0,8.0,0.29323309659957886,2.544310,2.316500,0.227810
test,"(90, 245)",320,1,50.0,9.0,0.47999998927116394,3.707037,0.862254,2.844784
test,"(134, 247)",87,1,315.0,8.0,0.6793650984764099,1.304905,0.445692,0.859213
test,"(339, 299)",25,1,151.0,26.0,0.15231788158416748,2.825595,1.940030,0.885564
test,"(509, 257)",25,1,69.0,10.0,0.24637681245803833,1.460819,1.594518,-0.133699
test,"(196, 11)",134,1,318.0,46.0,0.11320754885673523,1.792693,2.386179,-0.593486
test,"(11, 266)",77,1,172.0,35.0,0.11046511679887772,3.873123,2.686607,1.186515
test,"(68, 8)",311,1,385.0,20.0,0.5896103978157043,2.682686,4.880443,-2.197756
test,"(8, 311)",26,1,225.0,21.0,0.5822222232818604,1.850341,0.608063,1.242278
test,"(11, 396)",218,1,131.0,11.0,0.37404578924179077,2.987407,2.194301,0.793106
test,"(287, 57)",177,0,0.0,0.0,0.0,6.547132,4.522571,2.024561
test,"(71, 25)",231,1,150.0,25.0,0.3199999928474426,4.600495,6.546615,-1.946119
test,"(25, 382)",17,1,63.0,14.0,0.2857142984867096,3.843394,4.389850,-0.546456
test,"(77, 287)",318,1,348.0,12.0,0.7528735399246216,8.976171,9.023354,-0.047182
test,"(291, 432)",13,1,1.0,1.0,1.0,7.534750,1.470818,6.063932
test,"(218, 186)",297,1,1021.0,27.0,0.46523016691207886,1.699498,1.967878,-0.268379
test,"(68, 222)",71,1,28.0,1.0,1.0,2.015997,0.114012,1.901985
test,"(177, 255)",13,1,10.0,4.0,0.5,2.183432,3.152507,-0.969076
test,"(10, 8)",189,1,15.0,4.0,0.5333333611488342,2.055493,0.763558,1.291935
test,"(89, 314)",214,1,17.0,1.0,1.0,1.625376,0.123376,1.502000
test,"(186, 331)",7,1,170.0,21.0,0.25882354378700256,5.813574,2.602606,3.210968
test,"(86, 11)",134,1,42.0,11.0,0.380952388048172,1.725784,0.974948,0.750836
test,"(218, 195)",507,1,770.0,13.0,0.4259740114212036,2.146780,2.161139,-0.014359
test,"(189, 195)",199,1,681.0,43.0,0.30837005376815796,9.338174,5.783290,3.554884
test,"(186, 240)",82,1,63.0,7.0,0.4285714328289032,1.251922,1.021759,0.230162
test,"(75, 477)",314,1,233.0,14.0,0.5278970003128052,9.256132,4.731023,4.525109
test,"(403, 8)",189,1,2.0,2.0,0.5,2.011153,1.639164,0.371989
test,"(79, 75)",222,1,358.0,12.0,0.3268156349658966,3.237035,1.214183,2.022851
test,"(202, 184)",26,1,482.0,24.0,0.4045643210411072,5.370614,2.928391,2.442223
test,"(180, 337)",60,1,340.0,35.0,0.520588219165802,1.359594,0.672713,0.686882
test,"(49, 43)",218,1,82.0,21.0,0.2195121943950653,7.771023,5.866754,1.904269
test,"(186, 207)",26,1,870.0,14.0,0.25287356972694397,2.385212,2.383249,0.001962
test,"(184, 77)",67,1,255.0,7.0,0.3803921639919281,2.842162,1.602171,1.239990
test,"(7, 69)",237,1,1118.0,36.0,0.5635062456130981,4.044936,3.951384,0.093551
test,"(230, 79)",197,1,89.0,22.0,0.1910112351179123,2.593236,2.957983,-0.364747
test,"(60, 8)",189,1,360.0,29.0,0.14166666567325592,1.111107,2.917974,-1.806867
test,"(199, 66)",233,1,115.0,15.0,0.19130434095859528,5.022097,3.356910,1.665187
test,"(71, 7)",69,1,150.0,32.0,0.15333333611488342,2.938811,2.905359,0.033452
test,"(193, 225)",182,1,125.0,20.0,0.3440000116825104,6.886653,2.320129,4.566524
test,"(5, 5)",303,1,527.0,39.0,0.36622390151023865,5.221868,3.187717,2.034151
test,"(232, 179)",192,1,21.0,1.0,1.0,4.822656,0.139837,4.682820
test,"(236, 185)",219,1,215.0,2.0,0.669767439365387,1.540413,1.152136,0.388277
test,"(236, 185)",219,1,215.0,2.0,0.669767439365387,1.440952,1.145068,0.295883
test,"(199, 77)",402,1,106.0,12.0,0.4245283007621765,3.671264,1.886902,1.784362
test,"(232, 179)",192,1,21.0,1.0,1.0,3.662295,0.137811,3.524484
test,"(81, 322)",180,1,76.0,28.0,0.15789473056793213,3.486594,2.066032,1.420563
test,"(180, 249)",342,1,459.0,15.0,0.37690630555152893,2.497073,2.842753,-0.345680
test,"(202, 217)",179,1,57.0,16.0,0.2631579041481018,8.751760,1.485388,7.266373
test,"(25, 337)",60,1,175.0,23.0,0.3085714280605316,2.127773,1.684971,0.442802
test,"(62, 206)",188,1,70.0,4.0,0.6000000238418579,3.718793,1.980950,1.737843
test,"(188, 180)",134,1,122.0,25.0,0.26229506731033325,2.332495,1.599837,0.732658
test,"(72, 179)",217,1,617.0,52.0,0.15559157729148865,4.160043,2.469341,1.690701
test,"(361, 13)",298,1,47.0,17.0,0.1702127605676651,7.090842,3.712193,3.378649
test,"(360, 200)",134,1,104.0,23.0,0.2211538404226303,4.386014,1.634795,2.751220
test,"(8, 469)",266,1,31.0,9.0,0.32258063554763794,5.556229,4.858684,0.697545
test,"(13, 241)",75,1,17.0,3.0,0.8823529481887817,3.683901,0.266714,3.417188
test,"(60, 218)",347,1,250.0,14.0,0.5,4.481513,6.600847,-2.119334
test,"(324, 85)",299,1,6.0,1.0,1.0,3.278137,0.230473,3.047664
test,"(199, 237)",214,1,18.0,3.0,0.4444444477558136,3.315084,0.976989,2.338095
test,"(13, 62)",182,1,501.0,37.0,0.12175648659467697,2.885475,3.385190,-0.499715
test,"(66, 400)",7,1,384.0,33.0,0.3020833432674408,3.552607,4.880516,-1.327908
test,"(400, 26)",507,1,3.0,3.0,0.3333333432674408,4.929575,2.497328,2.432247
test,"(413, 72)",424,1,32.0,1.0,1.0,5.536490,0.128537,5.407953
test,"(429, 13)",62,1,142.0,20.0,0.28169015049934387,5.806840,1.381386,4.425454
test,"(346, 176)",82,1,37.0,3.0,0.5405405163764954,2.418565,1.346046,1.072519
test,"(346, 176)",82,1,37.0,3.0,0.5405405163764954,2.604888,1.351879,1.253009
test,"(134, 68)",85,1,722.0,31.0,0.2506925165653229,3.336260,2.225530,1.110730
test,"(280, 75)",176,1,41.0,1.0,1.0,4.828181,0.122618,4.705563
test,"(505, 82)",313,1,76.0,12.0,0.6315789222717285,4.389929,4.123190,0.266739
test,"(7, 82)",67,1,371.0,32.0,0.32614555954933167,8.198956,3.512158,4.686797
test,"(66, 202)",35,1,355.0,37.0,0.3718309998512268,5.698735,2.817567,2.881168
test,"(301, 192)",180,1,543.0,27.0,0.32044199109077454,2.860010,3.305208,-0.445198
test,"(375, 82)",66,1,186.0,5.0,0.8763440847396851,3.005199,0.235093,2.770106
test,"(13, 83)",321,1,1034.0,21.0,0.1847195327281952,2.681553,2.172643,0.508911
test,"(188, 218)",245,1,21.0,7.0,0.2857142984867096,2.172259,2.008046,0.164213
test,"(72, 184)",13,1,511.0,32.0,0.463796466588974,3.869223,2.878496,0.990727
test,"(375, 82)",66,1,186.0,5.0,0.8763440847396851,3.543092,0.237703,3.305389
test,"(12, 214)",82,1,14.0,6.0,0.4285714328289032,2.135972,2.103558,0.032414
test,"(7, 77)",402,1,549.0,25.0,0.31147539615631104,2.816422,2.595291,0.221131
test,"(77, 202)",217,1,172.0,19.0,0.33139535784721375,3.935148,1.304819,2.630329
test,"(81, 42)",350,1,9.0,2.0,0.6666666865348816,6.934411,0.641870,6.292541
test,"(25, 194)",237,1,222.0,14.0,0.47297295928001404,2.400648,1.917583,0.483065
test,"(368, 7)",77,1,101.0,26.0,0.11881188303232193,3.451496,3.239039,0.212457
test,"(66, 255)",25,1,413.0,35.0,0.6416465044021606,3.837816,3.969485,-0.131669
test,"(77, 67)",182,1,290.0,41.0,0.24482758343219757,6.364970,5.461300,0.903670
test,"(232, 268)",189,1,40.0,4.0,0.824999988079071,2.852608,0.307299,2.545309
test,"(352, 199)",183,1,24.0,14.0,0.1666666716337204,8.355202,9.289757,-0.934555
test,"(25, 199)",354,1,2122.0,114.0,0.12205466628074646,4.997630,5.542671,-0.545042
test,"(249, 342)",11,1,611.0,27.0,0.23567920923233032,2.764659,2.101859,0.662800
test,"(25, 249)",342,1,250.0,11.0,0.5559999942779541,2.883184,1.809846,1.073338
test,"(34, 82)",183,0,0.0,0.0,0.0,7.272712,6.397217,0.875496
test,"(134, 46)",235,1,298.0,29.0,0.14429530501365662,8.636921,3.560468,5.076453
test,"(176, 34)",177,1,82.0,5.0,0.47560974955558777,3.679471,1.480412,2.199059
test,"(34, 47)",68,1,23.0,4.0,0.782608687877655,4.734953,0.390270,4.344683
test,"(134, 314)",265,1,154.0,23.0,0.3246753215789795,4.740004,3.171439,1.568564
test,"(46, 45)",11,1,245.0,41.0,0.22040815651416779,4.935168,4.601053,0.334115
test,"(231, 82)",483,1,706.0,15.0,0.3243626058101654,2.754779,1.212368,1.542411
test,"(134, 5)",5,1,588.0,14.0,0.896258533000946,1.300008,0.174259,1.125749
test,"(213, 66)",50,1,59.0,6.0,0.6779661178588867,6.937847,9.093734,-2.155887
test,"(231, 82)",483,1,706.0,15.0,0.3243626058101654,2.301795,1.200188,1.101606
test,"(256, 76)",217,1,202.0,16.0,0.5643564462661743,4.808062,2.098470,2.709592
test,"(200, 83)",298,1,634.0,65.0,0.25867506861686707,3.245221,1.435023,1.810198
test,"(178, 13)",187,1,82.0,20.0,0.15853658318519592,4.784298,4.141295,0.643003
test,"(341, 317)",66,1,9.0,7.0,0.2222222238779068,2.911262,2.412533,0.498729
test,"(17, 26)",186,1,6.0,5.0,0.3333333432674408,1.456024,1.825381,-0.369357
test,"(35, 68)",179,1,359.0,14.0,0.37883007526397705,4.251508,4.544516,-0.293008
test,"(179, 175)",424,1,29.0,2.0,0.8965517282485962,4.539314,2.637459,1.901856
test,"(207, 26)",388,1,443.0,14.0,0.4898419976234436,2.159558,0.789318,1.370240
test,"(13, 440)",324,1,59.0,5.0,0.4067796468734741,7.080137,1.949563,5.130573
test,"(440, 324)",368,1,19.0,2.0,0.9473684430122375,5.958481,0.200086,5.758395
test,"(259, 74)",350,0,0.0,0.0,0.0,11.447118,5.062706,6.384412
test,"(214, 85)",298,1,39.0,5.0,0.8717948794364929,1.856461,0.234737,1.621724
test,"(25, 6)",70,1,7.0,4.0,0.4285714328289032,9.128884,8.270090,0.858794
test,"(25, 303)",78,1,78.0,15.0,0.23076923191547394,3.094007,1.879454,1.214553
test,"(78, 393)",47,1,217.0,17.0,0.6313363909721375,5.194001,1.878948,3.315053
test,"(74, 207)",367,1,4.0,2.0,0.75,0.915504,0.518657,0.396847
test,"(53, 222)",185,1,38.0,1.0,1.0,2.494590,0.114356,2.380234
test,"(217, 82)",11,1,303.0,54.0,0.09570956975221634,3.645412,2.402567,1.242845
test,"(71, 53)",222,1,26.0,2.0,0.807692289352417,3.537325,0.347297,3.190028
test,"(199, 31)",14,1,309.0,4.0,0.6893203854560852,1.321601,0.436410,0.885191
test,"(220, 192)",50,1,229.0,32.0,0.20960699021816254,6.774517,4.341305,2.433212
test,"(76, 424)",44,1,24.0,10.0,0.2916666567325592,4.307005,5.813572,-1.506567
test,"(179, 363)",46,1,10.0,2.0,0.800000011920929,5.495923,2.129988,3.365935
test,"(67, 480)",218,1,18.0,6.0,0.4444444477558136,5.118237,4.116240,1.001997
test,"(195, 269)",337,1,608.0,32.0,0.4013157784938812,0.835963,0.894986,-0.059023
test,"(222, 185)",66,1,152.0,1.0,1.0,3.460900,0.106506,3.354393
test,"(60, 180)",408,1,685.0,41.0,0.5240876078605652,0.739879,0.651727,0.088152
test,"(217, 47)",493,1,10.0,2.0,0.5,2.186579,0.902636,1.283942
test,"(180, 213)",493,1,185.0,31.0,0.13513512909412384,2.570176,2.840121,-0.269945
test,"(258, 276)",82,1,205.0,12.0,0.37560975551605225,2.873738,1.056005,1.817733
test,"(25, 266)",273,1,61.0,17.0,0.37704917788505554,7.749722,5.548140,2.201582
test,"(8, 207)",434,1,13.0,8.0,0.38461539149284363,4.725084,3.927602,0.797482
test,"(79, 403)",255,1,6.0,4.0,0.5,9.852724,1.031376,8.821348
test,"(82, 78)",187,1,505.0,19.0,0.5841584205627441,8.528088,3.905026,4.623062
test,"(196, 469)",30,1,25.0,8.0,0.3199999928474426,5.174500,1.268689,3.905811
test,"(326, 257)",359,1,261.0,25.0,0.15325669944286346,3.169541,3.040302,0.129239
test,"(255, 7)",58,1,105.0,28.0,0.10476190596818924,4.532031,3.224863,1.307168
test,"(13, 176)",81,1,212.0,2.0,0.9952830076217651,2.817883,0.106022,2.711860
test,"(177, 184)",30,1,217.0,22.0,0.3179723620414734,3.749064,1.249671,2.499393
test,"(222, 82)",11,0,0.0,0.0,0.0,5.036747,3.496548,1.540199
test,"(222, 82)",13,0,0.0,0.0,0.0,3.263661,2.577374,0.686287
test,"(401, 7)",218,1,20.0,7.0,0.25,1.926848,1.532284,0.394565
test,"(241, 182)",274,1,305.0,3.0,0.9770491719245911,1.345560,0.101166,1.244393
test,"(66, 88)",257,1,245.0,38.0,0.17142857611179352,2.678906,2.221772,0.457134
test,"(201, 338)",120,1,62.0,1.0,1.0,1.695489,0.094947,1.600542
test,"(257, 218)",343,1,131.0,10.0,0.2671755850315094,3.661117,3.587235,0.073881
test,"(117, 212)",110,1,129.0,14.0,0.20930232107639313,2.016902,2.108172,-0.091271
test,"(203, 238)",439,1,311.0,37.0,0.2668810188770294,3.698390,1.409745,2.288645
test,"(217, 82)",7,1,303.0,54.0,0.09570956975221634,2.935962,2.473599,0.462364
test,"(221, 212)",121,1,368.0,17.0,0.24184782803058624,2.709682,1.485416,1.224265
test,"(218, 245)",311,1,553.0,32.0,0.2151898741722107,2.856961,2.478573,0.378388
test,"(11, 245)",375,1,327.0,40.0,0.2110091745853424,5.445020,4.383552,1.061467
test,"(366, 67)",180,1,359.0,22.0,0.688022255897522,3.992396,3.867169,0.125226
test,"(255, 7)",83,1,105.0,28.0,0.10476190596818924,3.608409,2.332239,1.276170
test,"(230, 79)",190,1,89.0,22.0,0.1910112351179123,3.028693,3.072267,-0.043574
test,"(66, 230)",8,1,188.0,27.0,0.4308510720729828,2.992326,0.930962,2.061364
test,"(405, 47)",493,1,63.0,1.0,1.0,0.882662,0.070865,0.811797
test,"(13, 176)",81,1,212.0,2.0,0.9952830076217651,2.583948,0.104273,2.479674
test,"(180, 230)",198,1,289.0,62.0,0.12802767753601074,7.375823,3.531891,3.843932
test,"(476, 492)",226,1,21.0,2.0,0.9523809552192688,0.688403,0.106974,0.581429
test,"(13, 67)",401,1,527.0,16.0,0.47817838191986084,2.057338,0.814130,1.243208
test,"(255, 82)",25,1,346.0,31.0,0.263005793094635,2.986819,2.257343,0.729476
test,"(199, 127)",153,1,615.0,41.0,0.17398373782634735,2.855567,2.550834,0.304733
test,"(254, 110)",201,1,712.0,51.0,0.16853933036327362,2.513699,1.806348,0.707351
test,"(313, 91)",337,1,629.0,37.0,0.4101748764514923,2.466389,2.961574,-0.495185
test,"(8, 11)",193,1,663.0,52.0,0.1161387637257576,2.659132,2.178671,0.480461
test,"(26, 343)",269,1,184.0,18.0,0.33152174949645996,1.224738,1.096953,0.127786
test,"(199, 127)",164,1,615.0,41.0,0.17398373782634735,1.934888,1.756219,0.178669
test,"(110, 226)",229,1,108.0,10.0,0.5277777910232544,1.976709,0.708213,1.268496
test,"(226, 229)",351,1,468.0,24.0,0.55982905626297,1.186936,0.619223,0.567713
test,"(218, 186)",297,1,1021.0,27.0,0.46523016691207886,2.089218,2.011005,0.078212
test,"(230, 8)",291,1,204.0,3.0,0.9607843160629272,1.564284,0.123785,1.440499
test,"(127, 94)",203,1,245.0,18.0,0.3510203957557678,2.038287,1.877776,0.160511
test,"(476, 492)",226,1,21.0,2.0,0.9523809552192688,0.730639,0.109289,0.621350
test,"(365, 502)",285,1,166.0,10.0,0.6204819083213806,1.408450,0.533945,0.874505
test,"(13, 82)",11,1,629.0,30.0,0.1621621549129486,4.543399,4.642214,-0.098815
test,"(245, 418)",231,1,95.0,15.0,0.2631579041481018,4.319614,1.843285,2.476329
test,"(493, 326)",301,1,649.0,40.0,0.40215715765953064,2.995309,2.679494,0.315815
test,"(63, 127)",96,1,26.0,9.0,0.19230769574642181,3.901449,1.882061,2.019388
test,"(276, 13)",77,1,89.0,12.0,0.31460675597190857,3.973881,2.712030,1.261851
test,"(115, 127)",120,1,153.0,6.0,0.516339898109436,2.164341,0.952776,1.211565
test,"(226, 221)",212,1,297.0,35.0,0.23569023609161377,1.732636,1.430868,0.301768
test,"(118, 201)",6,1,114.0,30.0,0.18421052396297455,4.173358,4.182657,-0.009299
test,"(67, 7)",218,1,564.0,82.0,0.06914893537759781,2.280431,2.875955,-0.595524
test,"(388, 269)",266,1,396.0,33.0,0.3080808222293854,3.812468,4.034673,-0.222206
test,"(7, 218)",186,1,584.0,25.0,0.23458904027938843,1.109316,1.389404,-0.280089
test,"(66, 235)",505,1,337.0,4.0,0.8961424231529236,0.311417,0.127573,0.183844
test,"(66, 230)",8,1,188.0,27.0,0.4308510720729828,2.985040,0.930868,2.054171
test,"(32, 248)",405,1,349.0,4.0,0.7621776461601257,0.830962,0.317070,0.513893
test,"(186, 207)",8,1,870.0,14.0,0.25287356972694397,1.942510,3.132658,-1.190148
test,"(418, 336)",477,1,17.0,1.0,1.0,1.917213,0.126771,1.790442
test,"(152, 238)",259,1,29.0,5.0,0.4137931168079376,6.462740,1.632616,4.830124
test,"(155, 221)",285,1,7.0,2.0,0.8571428656578064,3.536851,0.383873,3.152978
test,"(77, 66)",230,1,688.0,38.0,0.26889535784721375,2.248963,1.376715,0.872248
test,"(152, 127)",165,1,32.0,9.0,0.46875,2.708830,2.949001,-0.240171
test,"(127, 159)",127,1,160.0,18.0,0.643750011920929,0.887900,0.416167,0.471733
test,"(12, 247)",175,1,31.0,2.0,0.9032257795333862,2.780358,0.221303,2.559055
test,"(175, 14)",24,1,39.0,7.0,0.7692307829856873,7.052402,7.532624,-0.480221
test,"(179, 455)",88,1,401.0,1.0,1.0,0.783889,0.056685,0.727204
test,"(415, 67)",1,1,235.0,36.0,0.29361701011657715,5.194854,3.861054,1.333800
test,"(450, 12)",71,1,592.0,5.0,0.6216216087341309,3.467317,0.576955,2.890362
test,"(227, 12)",76,1,1258.0,27.0,0.3298887014389038,3.192273,1.201015,1.991258
test,"(484, 347)",208,1,47.0,4.0,0.5531914830207825,1.630908,0.664295,0.966613
test,"(12, 77)",312,1,225.0,8.0,0.8222222328186035,3.246966,2.722754,0.524212
test,"(362, 362)",12,1,403.0,2.0,0.9354838728904724,0.893519,0.124388,0.769131
test,"(178, 134)",296,1,83.0,28.0,0.22891566157341003,2.156485,1.770981,0.385504
test,"(63, 92)",325,1,194.0,20.0,0.34020617604255676,3.198009,2.701688,0.496322
test,"(159, 127)",167,1,134.0,23.0,0.17164179682731628,5.695276,5.433085,0.262192
test,"(14, 92)",245,1,204.0,10.0,0.2647058963775635,5.633994,1.444495,4.189499
test,"(12, 86)",12,1,851.0,12.0,0.4618096351623535,2.064743,2.210170,-0.145427
test,"(86, 12)",20,1,664.0,27.0,0.22590361535549164,4.211068,3.386590,0.824478
test,"(213, 78)",175,1,219.0,5.0,0.3561643958091736,3.758496,2.408487,1.350009
test,"(304, 12)",75,1,1230.0,20.0,0.43252032995224,3.676039,4.925362,-1.249323
test,"(12, 256)",75,1,519.0,4.0,0.978805422782898,0.525111,0.061794,0.463317
test,"(328, 208)",175,1,230.0,23.0,0.5260869860649109,4.649354,3.731180,0.918174
test,"(86, 12)",69,1,664.0,27.0,0.22590361535549164,3.438931,1.578597,1.860334
test,"(376, 120)",221,1,129.0,23.0,0.1782945692539215,2.636815,1.971794,0.665021
test,"(79, 11)",249,1,55.0,22.0,0.27272728085517883,4.517807,2.822308,1.695499
test,"(260, 476)",226,1,25.0,5.0,0.800000011920929,0.532911,0.234516,0.298395
test,"(450, 334)",234,1,41.0,1.0,1.0,1.140381,0.085856,1.054525
test,"(230, 90)",134,1,139.0,40.0,0.26618704199790955,2.906115,1.366717,1.539399
test,"(188, 67)",282,1,483.0,38.0,0.3188405930995941,1.982687,1.868016,0.114672
test,"(372, 13)",6,1,465.0,54.0,0.11182795464992523,7.359333,2.523577,4.835756
test,"(127, 156)",127,1,139.0,12.0,0.6834532618522644,0.177166,0.320051,-0.142885
test,"(12, 175)",12,1,128.0,15.0,0.2421875,3.040000,1.810979,1.229021
test,"(87, 75)",213,1,491.0,20.0,0.36456212401390076,2.970175,2.609654,0.360520
test,"(79, 222)",205,1,229.0,5.0,0.7336244583129883,2.042928,0.398078,1.644850
test,"(27, 14)",253,1,543.0,15.0,0.2504604160785675,2.275788,1.714723,0.561065
test,"(374, 228)",173,1,514.0,1.0,1.0,0.316645,0.028493,0.288152
test,"(70, 12)",247,1,613.0,21.0,0.26101142168045044,7.566226,3.216364,4.349862
test,"(194, 465)",12,1,659.0,6.0,0.8330804109573364,0.126981,0.173090,-0.046109
test,"(20, 281)",14,1,439.0,38.0,0.39179953932762146,2.990675,1.015145,1.975531
test,"(196, 358)",280,1,30.0,2.0,0.9666666388511658,3.577940,0.150433,3.427507
test,"(94, 203)",128,1,54.0,3.0,0.6666666865348816,2.202675,0.509428,1.693247
test,"(264, 208)",253,1,291.0,23.0,0.5017182230949402,0.402116,0.615621,-0.213504
test,"(12, 462)",309,1,236.0,30.0,0.3050847351551056,3.702944,3.350386,0.352558
test,"(322, 217)",12,1,332.0,10.0,0.7620481848716736,0.646205,0.302932,0.343273
test,"(165, 127)",123,1,176.0,25.0,0.17045454680919647,2.995891,2.102587,0.893304
test,"(69, 342)",231,1,402.0,36.0,0.21641790866851807,5.117461,5.613036,-0.495575
test,"(12, 247)",175,1,31.0,2.0,0.9032257795333862,2.885911,0.222079,2.663833
test,"(60, 310)",185,1,52.0,3.0,0.7115384340286255,0.883333,0.385460,0.497873
test,"(291, 213)",190,1,49.0,5.0,0.4693877696990967,3.403048,2.105192,1.297855
test,"(47, 493)",326,1,222.0,2.0,0.7567567825317383,0.148087,0.262176,-0.114089
test,"(340, 13)",85,1,214.0,7.0,0.7102803587913513,2.540486,0.439631,2.100855
test,"(312, 12)",87,1,228.0,13.0,0.24122807383537292,3.931581,2.202456,1.729124
test,"(64, 16)",21,1,6.0,4.0,0.5,4.170595,3.922614,0.247982
test,"(11, 16)",12,1,24.0,7.0,0.2916666567325592,6.929346,6.538574,0.390772
test,"(96, 127)",123,1,26.0,13.0,0.23076923191547394,3.534480,1.539520,1.994959
test,"(175, 373)",204,1,142.0,18.0,0.19014084339141846,4.782111,3.532461,1.249650
test,"(76, 175)",12,1,578.0,64.0,0.22145329415798187,2.605284,3.554246,-0.948962
test,"(219, 282)",7,1,165.0,6.0,0.8303030133247375,2.281414,0.279628,2.001785
test,"(68, 88)",35,1,687.0,44.0,0.22270742058753967,7.624849,3.842171,3.782677
test,"(12, 75)",70,1,244.0,9.0,0.9098360538482666,3.700737,0.199378,3.501359
test,"(362, 12)",17,1,677.0,17.0,0.43279173970222473,2.326265,3.663860,-1.337595
test,"(113, 128)",144,1,18.0,2.0,0.5555555820465088,1.160190,0.910775,0.249415
test,"(221, 212)",121,1,368.0,17.0,0.24184782803058624,2.105892,1.461337,0.644555
test,"(362, 12)",65,1,677.0,17.0,0.43279173970222473,1.537967,0.888692,0.649274
test,"(75, 178)",489,1,384.0,35.0,0.1510416716337204,5.269833,2.938730,2.331102
test,"(296, 345)",25,1,577.0,6.0,0.9549393653869629,0.720457,0.094405,0.626052
test,"(134, 73)",84,1,548.0,11.0,0.7281022071838379,0.420125,0.323636,0.096489
test,"(134, 128)",148,1,266.0,7.0,0.39849624037742615,1.925301,0.989041,0.936260
test,"(68, 8)",291,1,385.0,20.0,0.5896103978157043,1.143741,0.570630,0.573111
test,"(291, 230)",305,1,196.0,22.0,0.29591837525367737,2.513688,2.372756,0.140931
test,"(324, 178)",25,1,382.0,23.0,0.5523560047149658,2.716005,0.683006,2.032999
test,"(66, 92)",305,1,23.0,12.0,0.17391304671764374,2.057861,2.171659,-0.113798
test,"(485, 399)",34,1,29.0,1.0,1.0,0.667239,0.061218,0.606021
test,"(364, 12)",18,1,177.0,8.0,0.299435019493103,3.729239,1.312754,2.416485
test,"(190, 71)",258,1,542.0,35.0,0.33763837814331055,7.694536,6.135378,1.559159
test,"(71, 282)",17,1,75.0,8.0,0.653333306312561,2.258756,0.521121,1.737635
test,"(22, 12)",22,1,3.0,1.0,1.0,5.306948,6.082320,-0.775372
test,"(305, 172)",292,1,574.0,37.0,0.23693379759788513,1.714633,1.948437,-0.233804
test,"(485, 399)",34,1,29.0,1.0,1.0,0.594751,0.057126,0.537626
test,"(364, 12)",18,1,177.0,8.0,0.299435019493103,3.324119,1.308307,2.015813
test,"(212, 121)",376,1,535.0,10.0,0.3252336382865906,4.586680,4.607718,-0.021038
test,"(274, 34)",324,1,21.0,4.0,0.6666666865348816,1.329428,2.405128,-1.075701
test,"(85, 200)",7,1,377.0,17.0,0.692307710647583,3.661806,0.468195,3.193611
test,"(14, 18)",15,1,130.0,1.0,1.0,1.833925,0.092802,1.741123
test,"(266, 71)",81,1,316.0,7.0,0.8196202516555786,4.884714,2.995321,1.889394
test,"(409, 27)",14,1,15.0,1.0,1.0,0.483201,0.073354,0.409847
test,"(292, 485)",29,1,318.0,1.0,1.0,0.484459,0.040398,0.444062
test,"(229, 134)",128,1,132.0,32.0,0.2651515007019043,2.868731,3.531734,-0.663003
test,"(20, 281)",14,1,439.0,38.0,0.39179953932762146,3.536680,1.020997,2.515683
test,"(291, 360)",78,1,108.0,2.0,0.9814814925193787,4.240455,0.127192,4.113263
test,"(73, 78)",175,1,127.0,2.0,0.8031495809555054,4.147521,0.329476,3.818045
test,"(252, 76)",83,1,87.0,11.0,0.4482758641242981,5.930243,0.924991,5.005252
test,"(304, 12)",87,1,1230.0,20.0,0.43252032995224,3.468646,2.467404,1.001242
test,"(18, 309)",481,1,80.0,13.0,0.125,2.889454,2.261870,0.627584
test,"(258, 206)",74,1,76.0,1.0,1.0,4.064917,0.112995,3.951922
test,"(481, 208)",79,1,193.0,25.0,0.46113988757133484,4.049683,3.928763,0.120920
test,"(292, 253)",29,1,1291.0,1.0,1.0,0.247582,0.022438,0.225145
test,"(303, 67)",25,1,16.0,1.0,1.0,3.110043,0.146875,2.963168
test,"(18, 304)",12,1,18.0,2.0,0.6111111044883728,0.320871,0.453867,-0.132997
test,"(228, 173)",378,1,595.0,2.0,0.9697479009628296,0.270562,0.053051,0.217511
test,"(15, 11)",16,1,337.0,53.0,0.22255192697048187,3.424636,4.990351,-1.565715
test,"(16, 17)",11,1,307.0,37.0,0.1856677532196045,1.615968,2.188331,-0.572363
test,"(19, 23)",11,1,43.0,15.0,0.44186046719551086,2.206787,0.877215,1.329572
test,"(29, 328)",208,1,209.0,5.0,0.4784688949584961,2.558388,1.135134,1.423254
test,"(134, 365)",238,1,225.0,15.0,0.46666666865348816,3.760933,3.563551,0.197382
test,"(72, 173)",378,1,190.0,16.0,0.4000000059604645,1.765390,1.035322,0.730068
test,"(12, 18)",489,1,567.0,37.0,0.20105819404125214,6.203779,5.566916,0.636864
test,"(272, 252)",355,1,2224.0,26.0,0.254046767950058,3.537766,3.335487,0.202279
test,"(213, 88)",12,1,500.0,9.0,0.8040000200271606,0.389718,0.233732,0.155986
test,"(65, 70)",12,1,689.0,18.0,0.8795355558395386,0.503008,0.159300,0.343708
test,"(334, 234)",75,1,188.0,15.0,0.686170220375061,1.771711,0.453043,1.318668
test,"(34, 357)",219,1,291.0,2.0,0.7147766351699829,0.108497,0.309697,-0.201200
test,"(82, 11)",249,1,676.0,62.0,0.21301774680614471,4.695720,3.798340,0.897380
test,"(82, 8)",291,1,622.0,44.0,0.17845658957958221,1.459743,1.667273,-0.207530
test,"(12, 256)",75,1,519.0,4.0,0.978805422782898,0.777170,0.075912,0.701258
test,"(362, 12)",65,1,677.0,17.0,0.43279173970222473,1.331213,0.876765,0.454448
test,"(291, 189)",305,1,740.0,19.0,0.47162163257598877,4.695762,4.142171,0.553591
test,"(266, 13)",196,1,138.0,32.0,0.10144927352666855,1.969192,2.704573,-0.735382
test,"(82, 334)",234,1,73.0,4.0,0.767123281955719,1.675635,1.676317,-0.000682
test,"(36, 67)",205,1,170.0,4.0,0.9647058844566345,2.290139,0.133859,2.156280
test,"(7, 79)",8,1,525.0,42.0,0.13523809611797333,4.225076,2.749042,1.476034
test,"(79, 11)",375,1,55.0,22.0,0.27272728085517883,6.779778,3.800458,2.979320
test,"(172, 208)",485,1,216.0,26.0,0.31481480598449707,2.634224,2.046009,0.588216
test,"(83, 225)",182,1,9.0,4.0,0.6666666865348816,6.041564,4.840771,1.200793
test,"(295, 12)",256,1,438.0,12.0,0.5365296602249146,2.521770,0.713510,1.808259
test,"(251, 229)",203,1,68.0,19.0,0.1617647111415863,3.401040,4.130451,-0.729412
test,"(75, 213)",12,1,45.0,8.0,0.35555556416511536,3.084548,1.159009,1.925539
test,"(23, 266)",71,1,5.0,2.0,0.800000011920929,2.441924,2.450349,-0.008425
test,"(303, 67)",25,1,16.0,1.0,1.0,3.889360,0.149675,3.739685
test,"(194, 374)",228,1,659.0,13.0,0.48558422923088074,0.726810,0.712985,0.013825
test,"(12, 18)",13,1,567.0,37.0,0.20105819404125214,4.707335,3.830178,0.877157
test,"(29, 460)",292,1,165.0,5.0,0.4484848380088806,1.537705,1.072933,0.464772
test,"(16, 266)",79,1,5.0,3.0,0.6000000238418579,3.819936,0.841748,2.978187
test,"(303, 67)",25,1,16.0,1.0,1.0,3.603002,0.148888,3.454114
test,"(25, 69)",374,1,2.0,1.0,1.0,1.726066,0.513027,1.213039
test,"(75, 489)",12,1,202.0,2.0,0.9504950642585754,0.050708,0.048636,0.002072
test,"(397, 85)",200,1,185.0,1.0,1.0,1.489549,0.084208,1.405340
test,"(8, 60)",14,1,316.0,37.0,0.1139240488409996,4.119703,2.272762,1.846942
test,"(291, 331)",50,1,273.0,22.0,0.22344322502613068,1.320269,1.437800,-0.117531
test,"(8, 27)",14,1,20.0,4.0,0.8500000238418579,0.302221,0.170859,0.131362
test,"(189, 184)",188,1,27.0,7.0,0.29629629850387573,4.345982,2.164913,2.181068
test,"(433, 305)",181,1,103.0,7.0,0.3009708821773529,1.297772,1.464035,-0.166262
test,"(285, 118)",229,1,230.0,16.0,0.395652174949646,2.417627,1.003635,1.413992
test,"(134, 134)",433,1,186.0,40.0,0.15591397881507874,3.148460,5.018016,-1.869557
test,"(29, 460)",134,1,165.0,5.0,0.4484848380088806,3.045582,2.099128,0.946454
test,"(117, 212)",110,1,129.0,14.0,0.20930232107639313,2.509326,2.151708,0.357618
test,"(194, 374)",228,1,659.0,13.0,0.48558422923088074,0.712369,0.711552,0.000817
test,"(252, 15)",396,1,3.0,2.0,0.6666666865348816,7.312671,0.975364,6.337306
test,"(258, 206)",74,1,76.0,1.0,1.0,3.829504,0.112485,3.717018
test,"(39, 22)",64,0,0.0,0.0,0.0,7.760564,7.119668,0.640896
test,"(12, 16)",134,1,1082.0,42.0,0.13031423091888428,4.161770,4.124689,0.037081
test,"(227, 12)",87,1,1258.0,27.0,0.3298887014389038,3.611057,2.972163,0.638894
test,"(251, 128)",140,1,66.0,6.0,0.39393940567970276,2.682917,1.130225,1.552692
test,"(484, 264)",212,1,43.0,4.0,0.4651162922382355,4.825421,1.533295,3.292126
test,"(78, 67)",202,1,495.0,27.0,0.3292929232120514,3.851426,1.444863,2.406563
test,"(230, 193)",208,1,55.0,4.0,0.8181818127632141,3.019787,0.313511,2.706276
test,"(88, 36)",67,1,17.0,5.0,0.23529411852359772,3.238668,1.696878,1.541790
test,"(134, 433)",186,1,236.0,14.0,0.35169491171836853,5.459939,3.214243,2.245696
test,"(440, 84)",187,1,26.0,2.0,0.8846153616905212,3.722762,0.256687,3.466075
test,"(74, 28)",51,1,26.0,7.0,0.6153846383094788,4.159366,0.611840,3.547525
test,"(75, 82)",13,1,208.0,23.0,0.3365384638309479,2.287060,1.382798,0.904262
test,"(77, 42)",68,1,22.0,1.0,1.0,1.107438,0.092120,1.015317
test,"(65, 13)",76,1,251.0,33.0,0.16334661841392517,3.898715,4.008180,-0.109464
test,"(36, 51)",62,1,79.0,23.0,0.20253165066242218,4.810143,2.933775,1.876368
test,"(79, 182)",184,1,233.0,16.0,0.6824034452438354,5.585370,2.943303,2.642067
test,"(330, 44)",78,1,7.0,1.0,1.0,2.430126,0.193539,2.236587
test,"(64, 76)",47,1,316.0,55.0,0.10759493708610535,6.248645,3.052487,3.196158
test,"(196, 340)",7,1,9.0,8.0,0.2222222238779068,2.356352,1.981220,0.375132
test,"(340, 47)",206,1,8.0,3.0,0.625,3.230511,0.695202,2.535310
test,"(206, 79)",82,1,247.0,25.0,0.3198380470275879,3.928116,1.240350,2.687766
test,"(69, 202)",184,1,224.0,1.0,1.0,2.436216,0.098590,2.337626
test,"(65, 73)",68,1,143.0,16.0,0.5734265446662903,2.128705,0.622167,1.506538
test,"(84, 291)",267,1,7.0,2.0,0.8571428656578064,5.294677,0.388929,4.905748
test,"(12, 457)",134,1,824.0,24.0,0.4223301112651825,1.441324,0.889534,0.551790
test,"(288, 173)",355,1,430.0,16.0,0.8186046481132507,6.179423,2.821501,3.357922
test,"(74, 68)",68,1,717.0,37.0,0.651324987411499,4.535369,3.006463,1.528907
test,"(399, 75)",88,1,64.0,2.0,0.578125,3.067886,0.981900,2.085987
test,"(75, 75)",176,1,303.0,35.0,0.2013201266527176,6.285570,1.712574,4.572996
test,"(199, 372)",14,1,130.0,3.0,0.9461538195610046,0.412491,0.085868,0.326623
test,"(199, 372)",14,1,130.0,3.0,0.9461538195610046,0.567650,0.096290,0.471360
test,"(82, 78)",241,1,505.0,19.0,0.5841584205627441,3.693051,1.515195,2.177856
test,"(78, 241)",330,1,458.0,12.0,0.6724891066551208,0.975507,0.438533,0.536974
test,"(75, 75)",176,1,303.0,35.0,0.2013201266527176,6.053741,1.712304,4.341436
test,"(31, 34)",241,1,145.0,6.0,0.6965517401695251,5.133937,2.118120,3.015817
test,"(134, 315)",11,1,603.0,27.0,0.4842454493045807,4.589816,2.418146,2.171670
test,"(230, 0)",467,1,390.0,57.0,0.10256410390138626,2.437728,2.261872,0.175857
test,"(67, 88)",30,1,92.0,17.0,0.27173912525177,9.873872,9.101235,0.772636
test,"(0, 270)",508,1,127.0,22.0,0.3779527544975281,4.345651,3.996080,0.349570
test,"(402, 134)",45,1,370.0,21.0,0.4648648500442505,4.115383,2.754230,1.361153
test,"(180, 418)",503,1,569.0,23.0,0.29173988103866577,1.408987,1.229484,0.179503
test,"(33, 84)",349,1,66.0,5.0,0.6818181872367859,3.261717,0.497147,2.764570
test,"(310, 279)",26,1,357.0,22.0,0.31092438101768494,3.624061,2.493097,1.130964
test,"(207, 245)",311,1,43.0,15.0,0.3488371968269348,3.476600,3.307503,0.169096
test,"(188, 82)",7,1,354.0,49.0,0.17231638729572296,3.370393,2.046449,1.323945
test,"(31, 34)",241,1,145.0,6.0,0.6965517401695251,4.369451,2.112511,2.256940
test,"(268, 225)",78,0,0.0,0.0,0.0,2.226714,2.062969,0.163745
test,"(191, 71)",206,1,130.0,6.0,0.7846153974533081,3.278198,0.348765,2.929433
test,"(8, 266)",78,1,4.0,2.0,0.5,2.476170,3.435401,-0.959231
test,"(134, 31)",52,1,700.0,31.0,0.23999999463558197,5.738029,3.249580,2.488450
test,"(229, 338)",119,1,240.0,8.0,0.4166666567325592,1.179938,0.899398,0.280540
test,"(78, 241)",330,1,458.0,12.0,0.6724891066551208,0.686925,0.419168,0.267757
test,"(82, 78)",241,1,505.0,19.0,0.5841584205627441,3.821105,1.516557,2.304547
test,"(500, 238)",376,1,94.0,7.0,0.39361703395843506,3.097641,1.120165,1.977475
test,"(82, 133)",133,1,263.0,21.0,0.44486692547798157,2.277459,1.411779,0.865680
test,"(186, 510)",25,1,28.0,5.0,0.8214285969734192,2.027954,0.288788,1.739165
test,"(82, 13)",197,1,1646.0,100.0,0.11907655000686646,3.692019,3.313443,0.378576
test,"(66, 194)",237,1,128.0,4.0,0.875,2.711160,0.235206,2.475954
test,"(49, 46)",44,1,161.0,14.0,0.4037266969680786,3.792868,1.011384,2.781484
test,"(0, 63)",218,1,1.0,1.0,1.0,2.015918,1.114172,0.901746
test,"(70, 7)",63,1,209.0,25.0,0.38755980134010315,3.150181,1.045061,2.105120
test,"(7, 218)",133,1,584.0,25.0,0.23458904027938843,2.659647,2.015809,0.643837
test,"(12, 64)",234,1,135.0,6.0,0.8518518805503845,1.548555,0.243025,1.305530
test,"(246, 64)",50,1,1.0,1.0,1.0,6.622185,6.070664,0.551522
test,"(88, 268)",289,1,102.0,17.0,0.29411765933036804,5.192805,2.214677,2.978128
test,"(317, 385)",220,1,5.0,1.0,1.0,5.693607,4.980992,0.712615
test,"(276, 67)",12,1,1.0,1.0,1.0,5.165228,4.420266,0.744962
test,"(233, 88)",68,1,51.0,3.0,0.5490196347236633,7.282561,0.980131,6.302431
test,"(229, 251)",13,1,181.0,27.0,0.1767955869436264,7.085525,8.197192,-1.111668
test,"(251, 13)",11,1,6.0,5.0,0.3333333432674408,7.417379,8.742213,-1.324834
test,"(81, 76)",424,1,186.0,29.0,0.1827957034111023,4.625059,4.403646,0.221412
test,"(14, 327)",205,1,106.0,2.0,0.9622641801834106,1.943491,0.132192,1.811300
test,"(259, 186)",213,1,195.0,26.0,0.13333334028720856,2.902049,2.291749,0.610300
test,"(68, 247)",349,1,457.0,25.0,0.43763676285743713,1.828276,0.881150,0.947127
test,"(8, 189)",224,1,1053.0,24.0,0.2735042870044708,2.183227,2.107525,0.075702
test,"(68, 247)",349,1,457.0,25.0,0.43763676285743713,1.836627,0.881472,0.955155
test,"(25, 508)",13,1,96.0,7.0,0.6354166865348816,1.005215,0.494012,0.511204
test,"(13, 83)",62,1,1034.0,21.0,0.1847195327281952,4.530611,6.458657,-1.928046
test,"(134, 32)",45,1,542.0,45.0,0.11623616516590118,2.888532,2.419323,0.469210
test,"(193, 240)",82,1,177.0,7.0,0.7966101765632629,0.774714,0.262519,0.512196
test,"(7, 236)",190,1,118.0,5.0,0.7711864113807678,1.416894,0.331823,1.085071
test,"(71, 13)",83,1,261.0,35.0,0.17241379618644714,3.663577,4.499327,-0.835750
test,"(343, 213)",84,1,23.0,12.0,0.260869562625885,6.970541,2.046336,4.924205
test,"(46, 51)",134,1,110.0,18.0,0.26363635063171387,3.329530,1.433952,1.895578
test,"(391, 40)",44,1,5.0,1.0,1.0,4.162805,0.264227,3.898578
test,"(1, 85)",222,1,18.0,6.0,0.3333333432674408,4.624666,5.350932,-0.726266
test,"(326, 257)",416,1,261.0,25.0,0.15325669944286346,6.257710,8.121729,-1.864019
test,"(7, 63)",32,1,303.0,39.0,0.2013201266527176,4.255020,2.343350,1.911670
test,"(1, 63)",218,1,35.0,5.0,0.5428571701049805,2.533393,0.713222,1.820171
test,"(278, 71)",71,1,31.0,11.0,0.19354838132858276,7.623892,2.334237,5.289655
test,"(35, 278)",71,1,10.0,5.0,0.4000000059604645,6.922650,5.339321,1.583329
test,"(44, 36)",50,1,98.0,21.0,0.22448979318141937,3.042024,3.831353,-0.789329
test,"(7, 63)",32,1,303.0,39.0,0.2013201266527176,3.850141,2.335999,1.514142
test,"(35, 32)",51,1,28.0,5.0,0.3928571343421936,2.430245,1.067568,1.362677
test,"(66, 88)",62,1,245.0,38.0,0.17142857611179352,2.841988,2.846829,-0.004841
test,"(176, 427)",290,1,19.0,4.0,0.6315789222717285,1.583738,0.548896,1.034841
test,"(134, 80)",84,1,348.0,16.0,0.545976996421814,0.550290,0.579869,-0.029579
test,"(32, 33)",43,1,39.0,7.0,0.4615384638309479,4.070901,0.912478,3.158423
test,"(51, 36)",49,1,221.0,23.0,0.3212669789791107,2.555466,1.208214,1.347252
test,"(71, 71)",32,1,61.0,12.0,0.44262295961380005,4.768359,2.217917,2.550442
test,"(35, 278)",71,1,10.0,5.0,0.4000000059604645,7.008368,5.341009,1.667359
test,"(45, 52)",43,1,52.0,4.0,0.7884615659713745,2.789243,0.350598,2.438645
test,"(55, 11)",134,1,35.0,6.0,0.6571428775787354,1.269424,0.475466,0.793958
test,"(6, 218)",186,1,653.0,19.0,0.30781009793281555,1.211193,1.171048,0.040145
test,"(186, 269)",337,1,399.0,37.0,0.2030075192451477,1.874118,2.031958,-0.157840
test,"(264, 207)",224,1,94.0,12.0,0.22340425848960876,3.988485,2.294073,1.694412
test,"(193, 331)",50,1,78.0,18.0,0.21794871985912323,1.786516,1.646108,0.140408
test,"(188, 66)",387,1,123.0,1.0,1.0,3.600157,0.108226,3.491931
test,"(128, 143)",376,1,271.0,25.0,0.2398523986339569,0.886406,1.317503,-0.431097
test,"(84, 179)",455,1,636.0,26.0,0.6305031180381775,2.171204,0.544803,1.626402
test,"(12, 65)",75,1,1221.0,22.0,0.29893529415130615,3.034956,1.294626,1.740329
test,"(252, 65)",70,1,90.0,5.0,0.5555555820465088,1.799107,0.668460,1.130647
test,"(14, 20)",362,1,315.0,25.0,0.3142857253551483,3.593635,2.473705,1.119930
test,"(227, 12)",450,1,1258.0,27.0,0.3298887014389038,2.285532,1.442607,0.842925
test,"(127, 153)",203,1,193.0,21.0,0.32642486691474915,4.272351,2.210446,2.061906
test,"(203, 251)",203,1,408.0,33.0,0.18382352590560913,2.726650,1.737512,0.989138
test,"(247, 175)",362,1,162.0,24.0,0.3395061790943146,7.715824,3.739526,3.976298
test,"(175, 362)",362,1,5.0,2.0,0.6000000238418579,1.330634,1.077679,0.252954
test,"(330, 12)",77,1,15.0,5.0,0.6000000238418579,4.908490,1.975729,2.932761
test,"(47, 493)",326,1,222.0,2.0,0.7567567825317383,0.233993,0.271445,-0.037453
test,"(87, 82)",194,1,184.0,18.0,0.3913043439388275,3.997883,1.047946,2.949936
test,"(460, 208)",253,1,179.0,21.0,0.4189944267272949,0.718952,0.780987,-0.062035
test,"(405, 309)",305,1,28.0,10.0,0.3571428656578064,1.995269,1.069868,0.925400
test,"(295, 397)",85,1,25.0,2.0,0.8799999952316284,2.035764,0.239288,1.796476
test,"(200, 7)",353,1,283.0,14.0,0.9328621625900269,1.868576,0.158671,1.709905
test,"(301, 276)",257,1,314.0,24.0,0.41401273012161255,1.341289,0.887668,0.453621
test,"(13, 196)",180,1,798.0,29.0,0.19298245012760162,5.981194,2.280979,3.700214
test,"(29, 264)",292,1,275.0,6.0,0.42181816697120667,1.084210,0.886640,0.197570
test,"(67, 267)",79,1,56.0,3.0,0.9642857313156128,0.627668,0.076755,0.550913
test,"(261, 312)",12,1,287.0,6.0,0.7909407615661621,0.373051,0.246130,0.126921
test,"(127, 153)",203,1,193.0,21.0,0.32642486691474915,3.682029,2.200263,1.481767
test,"(235, 70)",71,1,116.0,6.0,0.732758641242981,4.326902,0.422202,3.904700
test,"(71, 83)",83,1,454.0,50.0,0.2070484608411789,3.702281,1.902831,1.799450
test,"(366, 50)",255,1,9.0,2.0,0.6666666865348816,6.281040,6.020424,0.260616
test,"(35, 255)",66,1,92.0,2.0,0.804347813129425,2.559942,0.321963,2.237979
test,"(35, 47)",180,1,56.0,10.0,0.6785714030265808,5.759750,2.937093,2.822657
test,"(188, 341)",33,1,179.0,18.0,0.40223464369773865,3.550456,0.992192,2.558264
test,"(50, 35)",47,1,25.0,3.0,0.6800000071525574,6.845319,0.533391,6.311928
test,"(82, 69)",275,1,115.0,9.0,0.7217391133308411,7.420700,2.865125,4.555576
test,"(300, 68)",66,1,103.0,11.0,0.8349514603614807,2.721050,0.283195,2.437855
test,"(289, 78)",66,1,184.0,7.0,0.77173912525177,2.764635,0.358204,2.406430
test,"(256, 242)",188,1,464.0,17.0,0.35775861144065857,1.419123,2.059558,-0.640435
test,"(188, 387)",6,1,81.0,18.0,0.25925925374031067,2.843079,1.908227,0.934852
test,"(323, 26)",195,1,656.0,22.0,0.38871949911117554,1.189996,0.957358,0.232639
test,"(85, 190)",200,1,68.0,1.0,1.0,5.277666,0.115674,5.161992
test,"(70, 176)",6,1,454.0,40.0,0.28854626417160034,4.721447,3.583534,1.137914
test,"(308, 265)",69,1,80.0,7.0,0.637499988079071,3.311549,0.557196,2.754354
test,"(25, 225)",78,1,142.0,11.0,0.5985915660858154,1.109634,0.555643,0.553991
test,"(191, 64)",417,1,103.0,7.0,0.3883495032787323,2.251773,1.036227,1.215546
test,"(359, 323)",26,1,342.0,9.0,0.6637426614761353,0.218923,0.380628,-0.161705
test,"(133, 133)",214,1,2512.0,71.0,0.19864650070667267,3.412545,2.727864,0.684681
test,"(419, 213)",182,1,64.0,11.0,0.578125,2.150532,3.752346,-1.601814
test,"(44, 7)",18,0,0.0,0.0,0.0,4.706299,5.849211,-1.142912
test,"(134, 437)",7,1,326.0,8.0,0.9233129024505615,0.687312,0.118167,0.569146
test,"(249, 223)",11,1,302.0,21.0,0.695364236831665,2.888531,2.537129,0.351403
test,"(225, 78)",67,1,306.0,7.0,0.6274510025978088,2.706741,2.434939,0.271801
test,"(82, 177)",13,1,309.0,27.0,0.27184465527534485,3.730959,1.397888,2.333071
test,"(82, 62)",73,1,488.0,44.0,0.11680328100919724,5.088362,6.809147,-1.720786
test,"(225, 78)",67,1,306.0,7.0,0.6274510025978088,2.799989,2.441747,0.358242
test,"(67, 7)",236,1,564.0,82.0,0.06914893537759781,5.777149,5.348448,0.428701
test,"(58, 12)",18,1,56.0,8.0,0.7678571343421936,4.518918,5.461399,-0.942481
test,"(84, 387)",25,1,447.0,25.0,0.23042505979537964,2.436759,3.132371,-0.695611
test,"(501, 36)",81,1,19.0,1.0,1.0,3.266354,0.139267,3.127087
test,"(401, 11)",334,1,62.0,17.0,0.22580644488334656,4.949087,1.633707,3.315380
test,"(401, 8)",452,1,40.0,14.0,0.22499999403953552,3.739409,4.795507,-1.056098
test,"(62, 82)",410,1,979.0,34.0,0.3534218668937683,2.594438,1.122973,1.471465
test,"(17, 25)",224,1,52.0,15.0,0.23076923191547394,2.603338,2.670549,-0.067212
test,"(11, 278)",71,1,331.0,71.0,0.07854984700679779,6.183531,4.504443,1.679087
test,"(456, 442)",197,1,2.0,1.0,1.0,3.071976,3.210629,-0.138653
test,"(50, 64)",368,1,115.0,5.0,0.5130434632301331,4.992050,0.782118,4.209932
test,"(13, 355)",194,1,52.0,2.0,0.9615384340286255,8.740228,10.917961,-2.177733
test,"(268, 8)",133,1,194.0,28.0,0.15463916957378387,2.079420,2.150503,-0.071083
test,"(13, 197)",256,1,220.0,5.0,0.4636363685131073,1.590481,0.830261,0.760219
test,"(72, 219)",179,1,30.0,2.0,0.800000011920929,4.839465,1.840773,2.998692
test,"(79, 200)",64,1,315.0,9.0,0.37142857909202576,4.264877,1.094556,3.170322
test,"(200, 64)",378,1,224.0,4.0,0.5223214030265808,3.733505,0.755505,2.978000
test,"(202, 184)",8,1,482.0,24.0,0.4045643210411072,4.046573,2.488229,1.558344
test,"(223, 249)",413,1,1.0,1.0,1.0,1.861164,2.432514,-0.571350
test,"(190, 178)",82,1,125.0,28.0,0.2720000147819519,2.537034,1.372515,1.164518
test,"(83, 64)",7,1,563.0,40.0,0.16341030597686768,5.141714,2.560456,2.581258
test,"(7, 385)",84,1,51.0,2.0,0.9411764740943909,5.089352,7.269885,-2.180533
test,"(62, 79)",200,1,771.0,35.0,0.29571983218193054,3.321216,2.459537,0.861679
test,"(189, 92)",186,1,153.0,19.0,0.13071896135807037,2.850424,2.340026,0.510399
test,"(74, 68)",88,1,717.0,37.0,0.651324987411499,2.293141,0.515036,1.778105
test,"(177, 13)",67,1,97.0,9.0,0.3711340129375458,4.562652,1.167819,3.394833
test,"(79, 322)",58,1,160.0,8.0,0.35624998807907104,3.943710,6.242965,-2.299255
test,"(190, 178)",82,1,125.0,28.0,0.2720000147819519,1.799776,1.339059,0.460717
test,"(82, 72)",173,1,85.0,11.0,0.23529411852359772,3.651429,3.003556,0.647873
test,"(196, 255)",180,0,0.0,0.0,0.0,3.400229,3.296366,0.103862
test,"(88, 62)",79,1,302.0,28.0,0.3178808093070984,2.771842,3.463398,-0.691556
test,"(197, 11)",193,1,47.0,16.0,0.25531914830207825,2.987925,3.840784,-0.852859
test,"(58, 6)",70,1,162.0,41.0,0.1111111119389534,9.604598,6.499470,3.105128
test,"(82, 6)",60,1,164.0,18.0,0.23170731961727142,2.385291,1.718612,0.666679
test,"(239, 83)",134,1,121.0,20.0,0.25619834661483765,4.247398,3.620226,0.627172
test,"(64, 483)",82,1,341.0,26.0,0.27272728085517883,2.100624,3.523219,-1.422595
test,"(410, 6)",25,1,17.0,2.0,0.529411792755127,1.996838,3.902989,-1.906151
test,"(87, 79)",68,1,77.0,8.0,0.4025973975658417,2.509176,3.323214,-0.814037
test,"(72, 176)",79,1,16.0,6.0,0.25,6.483916,8.104634,-1.620718
test,"(13, 70)",233,1,110.0,12.0,0.19090908765792847,4.376160,3.559022,0.817138
test,"(51, 36)",62,1,221.0,23.0,0.3212669789791107,3.103172,2.737891,0.365282
test,"(7, 319)",74,1,77.0,8.0,0.5844155550003052,2.198149,0.615357,1.582792
test,"(393, 398)",26,1,137.0,24.0,0.40875911712646484,3.772076,4.054019,-0.281942
test,"(26, 186)",207,1,592.0,40.0,0.2753378450870514,3.097903,1.360232,1.737671
test,"(199, 85)",15,1,52.0,10.0,0.5769230723381042,9.872149,11.308936,-1.436787
test,"(375, 82)",66,1,186.0,5.0,0.8763440847396851,3.271963,0.236561,3.035402
test,"(178, 25)",199,1,393.0,34.0,0.4987277388572693,2.500613,0.766515,1.734098
test,"(298, 177)",13,1,38.0,10.0,0.28947368264198303,4.029438,2.783353,1.246085
test,"(195, 507)",133,1,159.0,6.0,0.7295597195625305,2.526051,2.774084,-0.248033
test,"(71, 83)",76,1,454.0,50.0,0.2070484608411789,5.364821,6.658939,-1.294117
test,"(77, 202)",88,1,172.0,19.0,0.33139535784721375,5.465113,2.513195,2.951918
test,"(288, 243)",67,1,11.0,1.0,1.0,1.523105,0.134363,1.388741
test,"(133, 92)",367,1,829.0,10.0,0.7647768259048462,3.847848,2.760101,1.087747
test,"(82, 389)",133,1,135.0,3.0,0.9777777791023254,0.066030,0.019551,0.046479
test,"(389, 133)",404,1,894.0,13.0,0.7203579545021057,0.419393,0.336390,0.083003
test,"(311, 230)",193,1,177.0,15.0,0.38418078422546387,4.318482,2.354701,1.963781
test,"(15, 17)",60,1,121.0,22.0,0.1818181872367859,2.302379,1.762766,0.539613
test,"(19, 1)",224,1,21.0,10.0,0.4761904776096344,1.969694,3.774414,-1.804720
test,"(396, 11)",334,1,163.0,34.0,0.15950919687747955,4.769498,5.995742,-1.226244
test,"(208, 253)",272,1,1496.0,16.0,0.8041443824768066,0.103601,0.202816,-0.099215
test,"(184, 77)",330,1,255.0,7.0,0.3803921639919281,5.435698,1.077747,4.357951
test,"(186, 134)",218,1,1054.0,89.0,0.07020872831344604,4.682520,2.749288,1.933232
test,"(79, 197)",11,1,652.0,34.0,0.5245398879051208,5.622542,3.596992,2.025551
test,"(60, 180)",408,1,685.0,41.0,0.5240876078605652,1.017078,0.674143,0.342935
test,"(7, 268)",291,1,222.0,1.0,1.0,0.392474,0.035548,0.356926
test,"(193, 358)",196,1,32.0,9.0,0.34375,6.410451,3.271242,3.139209
test,"(72, 65)",188,1,377.0,27.0,0.2864721417427063,3.695479,2.337971,1.357508
test,"(189, 134)",88,1,667.0,50.0,0.2353823035955429,4.169969,6.347441,-2.177472
test,"(12, 450)",12,1,720.0,20.0,0.6152777671813965,1.745342,0.539813,1.205530
test,"(14, 92)",224,1,204.0,10.0,0.2647058963775635,2.887635,2.134708,0.752927
test,"(12, 87)",75,1,452.0,4.0,0.5508849620819092,1.204931,0.644222,0.560709
test,"(18, 309)",460,1,80.0,13.0,0.125,3.991445,3.130824,0.860621
test,"(70, 65)",64,1,200.0,11.0,0.4099999964237213,6.396429,1.004568,5.391861
test,"(13, 20)",92,1,416.0,39.0,0.32932692766189575,4.071110,2.471742,1.599368
test,"(182, 69)",252,1,200.0,21.0,0.3149999976158142,11.322303,5.178384,6.143919
test,"(267, 79)",498,1,379.0,12.0,0.8364115953445435,0.684278,0.220436,0.463842
test,"(65, 197)",68,1,8.0,1.0,1.0,3.792271,6.091438,-2.299167
test,"(74, 282)",268,1,346.0,17.0,0.6820809245109558,2.123765,0.465017,1.658748
test,"(63, 364)",12,1,27.0,1.0,1.0,2.011017,0.114273,1.896744
test,"(12, 67)",200,1,154.0,13.0,0.38311687111854553,4.672009,1.220436,3.451573
test,"(305, 172)",484,1,574.0,37.0,0.23693379759788513,3.885001,3.219022,0.665979
test,"(172, 484)",36,1,35.0,1.0,1.0,11.701718,12.595249,-0.893531
test,"(399, 34)",75,1,587.0,4.0,0.5962521433830261,0.651630,0.531039,0.120591
test,"(425, 187)",92,1,72.0,21.0,0.1805555522441864,4.819508,5.516022,-0.696514
test,"(506, 12)",75,1,576.0,9.0,0.3125,3.776907,1.595394,2.181512
test,"(208, 485)",305,1,347.0,16.0,0.2046109437942505,2.431958,1.641060,0.790898
test,"(192, 7)",63,1,434.0,54.0,0.24884793162345886,3.991663,4.779817,-0.788155
test,"(75, 84)",70,1,283.0,7.0,0.5053003430366516,3.244640,1.808100,1.436540
test,"(188, 12)",16,1,117.0,17.0,0.28205129504203796,2.104724,1.548578,0.556146
test,"(443, 78)",13,0,0.0,0.0,0.0,4.236570,4.210684,0.025886
test,"(12, 23)",134,1,392.0,29.0,0.21683673560619354,3.839919,4.066734,-0.226815
test,"(319, 52)",79,1,2.0,1.0,1.0,0.618971,0.463024,0.155947
test,"(498, 34)",464,1,6.0,2.0,0.6666666865348816,3.543627,1.649246,1.894381
test,"(180, 270)",199,1,677.0,38.0,0.5450516939163208,0.666837,0.582291,0.084546
test,"(450, 12)",71,1,592.0,5.0,0.6216216087341309,2.785551,0.571540,2.214011
test,"(227, 12)",75,1,1258.0,27.0,0.3298887014389038,3.633378,4.286212,-0.652834
test,"(304, 12)",67,1,1230.0,20.0,0.43252032995224,4.847676,3.544951,1.302725
test,"(15, 20)",60,1,20.0,10.0,0.25,3.026804,3.970797,-0.943993
test,"(182, 85)",72,1,323.0,22.0,0.16408668458461761,3.991109,2.080619,1.910490
test,"(76, 413)",232,1,22.0,1.0,1.0,1.816761,0.120042,1.696719
test,"(90, 289)",241,1,18.0,3.0,0.8333333134651184,3.020477,2.614507,0.405969
test,"(82, 25)",14,1,913.0,60.0,0.1489594727754593,2.550578,2.004558,0.546020
test,"(64, 188)",334,1,216.0,28.0,0.3194444477558136,6.948382,8.327889,-1.379507
test,"(442, 287)",12,1,369.0,4.0,0.9214091897010803,0.345269,0.105947,0.239323
test,"(19, 489)",12,1,16.0,2.0,0.875,0.172052,0.108391,0.063661
test,"(71, 300)",1,1,401.0,20.0,0.28678303956985474,7.574061,9.804250,-2.230189
test,"(247, 87)",12,1,394.0,36.0,0.2842639684677124,1.593167,1.284923,0.308244
test,"(396, 469)",452,1,17.0,4.0,0.5882353186607361,8.366029,10.002366,-1.636337
test,"(79, 12)",23,1,345.0,18.0,0.21449275314807892,3.677555,4.073311,-0.395756
test,"(185, 426)",232,1,438.0,1.0,1.0,0.169914,0.016426,0.153488
test,"(208, 44)",64,1,30.0,9.0,0.36666667461395264,3.425601,4.008686,-0.583085
test,"(172, 208)",253,1,216.0,26.0,0.31481480598449707,0.564484,0.983737,-0.419253
test,"(217, 13)",68,1,69.0,25.0,0.260869562625885,6.739586,6.839896,-0.100311
test,"(68, 197)",228,1,148.0,22.0,0.23648647964000702,7.636007,4.282443,3.353564
test,"(60, 304)",12,1,256.0,2.0,0.87109375,0.359200,0.157011,0.202189
test,"(185, 29)",305,1,248.0,22.0,0.125,0.918943,1.871462,-0.952520
test,"(40, 274)",7,1,79.0,11.0,0.2531645596027374,3.767962,1.495846,2.272115
test,"(183, 241)",82,1,262.0,8.0,0.4580152630805969,2.317538,1.153849,1.163689
test,"(253, 29)",305,1,1481.0,23.0,0.18568535149097443,0.965408,2.299071,-1.333663
test,"(13, 66)",185,1,794.0,28.0,0.2745591998100281,5.627817,6.247159,-0.619342
test,"(43, 78)",66,1,423.0,8.0,0.47754135727882385,2.495310,1.815035,0.680275
test,"(76, 84)",387,1,429.0,3.0,0.9673659801483154,1.505680,0.114807,1.390873
test,"(76, 78)",92,1,437.0,21.0,0.20366132259368896,7.095744,9.215424,-2.119681
test,"(12, 65)",324,1,1221.0,22.0,0.29893529415130615,1.492834,1.903240,-0.410406
test,"(233, 88)",68,1,51.0,3.0,0.5490196347236633,9.168020,0.980286,8.187734
test,"(438, 265)",6,1,55.0,23.0,0.16363635659217834,3.821135,2.074186,1.746949
test,"(76, 84)",387,1,429.0,3.0,0.9673659801483154,1.239218,0.107237,1.131981
test,"(455, 88)",12,1,470.0,14.0,0.8297872543334961,0.687468,0.225267,0.462201
test,"(302, 29)",189,1,630.0,21.0,0.13809524476528168,4.094417,6.018021,-1.923604
test,"(13, 72)",173,1,168.0,7.0,0.5833333134651184,3.354806,0.644124,2.710682
test,"(194, 374)",12,1,659.0,13.0,0.48558422923088074,1.789659,1.286360,0.503299
test,"(292, 79)",29,1,63.0,2.0,0.9841269850730896,4.790538,0.132317,4.658221
test,"(25, 183)",400,1,148.0,21.0,0.15540540218353271,2.242911,1.931318,0.311594
test,"(183, 366)",207,1,414.0,27.0,0.49275362491607666,7.263843,4.276475,2.987368
test,"(241, 330)",58,1,308.0,30.0,0.26298701763153076,5.119109,3.808570,1.310539
test,"(52, 471)",34,1,406.0,24.0,0.27586206793785095,2.845601,3.183717,-0.338116
test,"(402, 25)",337,1,14.0,11.0,0.1428571492433548,2.773883,2.369424,0.404459
test,"(400, 82)",301,1,354.0,44.0,0.12994350492954254,3.379056,4.634884,-1.255828
test,"(78, 241)",66,1,458.0,12.0,0.6724891066551208,3.523266,1.501309,2.021957
test,"(193, 225)",78,1,125.0,20.0,0.3440000116825104,1.498237,3.267359,-1.769122
test,"(376, 112)",201,1,191.0,13.0,0.8952879309654236,1.642786,0.182197,1.460589
test,"(26, 186)",207,1,592.0,40.0,0.2753378450870514,2.074000,1.329328,0.744672
test,"(212, 153)",127,1,117.0,18.0,0.28205129504203796,2.592300,1.280964,1.311336
test,"(195, 420)",88,1,75.0,2.0,0.9866666793823242,0.954743,0.075233,0.879510
test,"(454, 218)",245,1,33.0,6.0,0.5757575631141663,1.889449,1.481664,0.407785
test,"(134, 454)",217,1,253.0,28.0,0.3754940629005432,1.363845,0.959911,0.403934
test,"(314, 214)",87,1,72.0,1.0,1.0,2.679236,0.107447,2.571790
test,"(214, 87)",8,1,127.0,25.0,0.16535432636737823,3.131791,2.794185,0.337605
test,"(298, 68)",7,1,448.0,34.0,0.3370535671710968,3.189602,2.213503,0.976099
test,"(286, 314)",214,1,2.0,1.0,1.0,1.445724,0.478586,0.967139
test,"(87, 11)",382,1,158.0,34.0,0.1582278460264206,3.048828,4.265166,-1.216338
test,"(303, 78)",85,1,98.0,9.0,0.3979591727256775,3.339831,1.484510,1.855321
test,"(78, 479)",207,1,335.0,41.0,0.16417910158634186,5.622746,4.322247,1.300499
test,"(268, 189)",186,1,155.0,12.0,0.3290322721004486,1.124950,1.302870,-0.177920
test,"(426, 232)",25,1,538.0,30.0,0.7342007160186768,2.010543,2.324661,-0.314118
test,"(176, 207)",58,1,27.0,4.0,0.7777777910232544,5.314414,2.575742,2.738672
test,"(58, 60)",26,1,543.0,17.0,0.2688766121864319,2.500206,1.839726,0.660481
test,"(218, 343)",310,1,254.0,17.0,0.3897637724876404,5.830444,3.284073,2.546371
test,"(245, 418)",225,1,95.0,15.0,0.2631579041481018,4.914271,5.095703,-0.181432
test,"(13, 176)",81,1,212.0,2.0,0.9952830076217651,2.398509,0.102568,2.295941
test,"(202, 268)",195,1,72.0,8.0,0.625,3.108785,0.573907,2.534878
test,"(428, 88)",268,1,261.0,26.0,0.30268198251724243,3.761533,2.110393,1.651140
test,"(47, 493)",326,1,222.0,2.0,0.7567567825317383,0.190386,0.266829,-0.076443
test,"(388, 134)",31,1,249.0,12.0,0.9156626462936401,0.690383,0.136661,0.553722
test,"(301, 283)",268,1,280.0,16.0,0.30000001192092896,1.076547,1.179208,-0.102661
test,"(134, 17)",20,1,515.0,55.0,0.12038835138082504,4.074868,2.188494,1.886374
test,"(84, 69)",58,1,178.0,10.0,0.3483146131038666,6.695142,8.692132,-1.996990
test,"(134, 61)",396,1,9.0,4.0,0.5555555820465088,10.190722,8.462000,1.728722
test,"(195, 269)",289,1,608.0,32.0,0.4013157784938812,4.821225,4.699197,0.122028
test,"(82, 35)",192,1,30.0,7.0,0.2666666805744171,1.462728,1.720980,-0.258252
test,"(81, 66)",180,1,126.0,18.0,0.3730158805847168,4.245943,2.788610,1.457333
test,"(18, 19)",65,1,96.0,14.0,0.4270833432674408,6.747436,5.882568,0.864869
test,"(43, 36)",7,1,436.0,22.0,0.6215596199035645,5.101025,7.227851,-2.126827
test,"(71, 11)",134,1,153.0,29.0,0.12418300658464432,1.999569,1.934464,0.065105
test,"(15, 87)",15,1,20.0,7.0,0.3499999940395355,4.267874,2.223731,2.044143
test,"(16, 21)",43,1,148.0,25.0,0.30405405163764954,9.906523,10.490452,-0.583930
test,"(23, 218)",186,1,16.0,4.0,0.75,2.107210,2.767121,-0.659911
test,"(186, 183)",67,1,185.0,35.0,0.1297297328710556,5.437931,7.718887,-2.280956
test,"(186, 183)",67,1,185.0,35.0,0.1297297328710556,5.387811,7.669814,-2.282002
test,"(13, 86)",235,1,210.0,15.0,0.25238096714019775,4.725120,1.489094,3.236026
test,"(66, 81)",66,1,205.0,11.0,0.4390243887901306,5.424592,6.860194,-1.435602
test,"(11, 382)",21,1,181.0,25.0,0.16574585437774658,2.943829,2.639455,0.304374
test,"(134, 17)",19,1,515.0,55.0,0.12038835138082504,2.477839,3.114159,-0.636320
test,"(86, 235)",173,1,65.0,2.0,0.9692307710647583,3.100473,0.141612,2.958861
test,"(71, 7)",66,1,150.0,32.0,0.15333333611488342,3.764608,4.371253,-0.606645
test,"(7, 17)",17,1,81.0,11.0,0.4444444477558136,3.182064,2.597715,0.584349
test,"(66, 67)",13,1,1.0,1.0,1.0,3.033103,4.306539,-1.273436
test,"(233, 66)",202,1,177.0,8.0,0.8192090392112732,3.740600,0.304991,3.435609
test,"(420, 88)",77,1,551.0,1.0,1.0,2.791615,0.099819,2.691796
test,"(88, 77)",66,1,689.0,4.0,0.9796807169914246,2.538045,0.117714,2.420331
test,"(359, 249)",386,1,60.0,1.0,1.0,0.542153,0.053432,0.488721
test,"(176, 26)",133,1,110.0,10.0,0.33636364340782166,1.291518,1.474712,-0.183194
test,"(64, 378)",13,1,149.0,27.0,0.20805369317531586,3.305555,1.653103,1.652452
test,"(441, 473)",25,1,349.0,29.0,0.3094555735588074,2.060400,2.165228,-0.104829
test,"(72, 65)",228,1,377.0,27.0,0.2864721417427063,8.548684,3.805439,4.743245
test,"(88, 188)",363,1,365.0,10.0,0.6657534241676331,7.407368,9.592344,-2.184977
test,"(88, 416)",278,1,8.0,5.0,0.25,0.739165,1.186301,-0.447136
test,"(40, 290)",206,1,3.0,2.0,0.6666666865348816,4.826906,0.931419,3.895487
test,"(242, 83)",134,1,190.0,31.0,0.410526305437088,4.707714,5.730778,-1.023064
test,"(188, 341)",424,1,179.0,18.0,0.40223464369773865,6.037605,4.057340,1.980265
test,"(456, 278)",236,1,118.0,42.0,0.17796610295772552,6.426459,7.517848,-1.091389
test,"(416, 278)",42,1,279.0,56.0,0.12903225421905518,6.402052,8.616758,-2.214706
test,"(278, 32)",66,1,9.0,7.0,0.3333333432674408,3.963793,4.439222,-0.475429
test,"(416, 278)",34,1,279.0,56.0,0.12903225421905518,7.911791,8.182131,-0.270341
test,"(82, 456)",337,1,85.0,21.0,0.23529411852359772,2.784708,2.197118,0.587590
test,"(456, 337)",1,1,37.0,8.0,0.4864864945411682,4.012385,5.600581,-1.588196
test,"(301, 88)",188,1,51.0,1.0,1.0,3.421934,0.115897,3.306037
test,"(456, 337)",1,1,37.0,8.0,0.4864864945411682,3.829395,5.506825,-1.677431
test,"(76, 1)",60,1,21.0,9.0,0.190476194024086,3.534728,3.283086,0.251642
test,"(234, 373)",62,1,64.0,11.0,0.5625,4.218501,6.461237,-2.242736
test,"(487, 416)",278,0,0.0,0.0,0.0,0.647776,1.197786,-0.550010
test,"(278, 33)",68,1,11.0,6.0,0.27272728085517883,3.827714,4.718183,-0.890469
test,"(70, 487)",416,1,232.0,27.0,0.19396552443504333,4.779584,7.054695,-2.275110
test,"(43, 72)",65,1,194.0,5.0,0.6855670213699341,2.138834,2.239419,-0.100585
test,"(193, 278)",69,1,250.0,55.0,0.4359999895095825,4.640823,3.992273,0.648551
test,"(1, 60)",11,1,401.0,31.0,0.21945136785507202,2.876248,1.579478,1.296770
test,"(78, 416)",278,1,9.0,4.0,0.3333333432674408,0.825734,1.044205,-0.218470
test,"(405, 456)",189,0,0.0,0.0,0.0,6.930213,3.267875,3.662338
test,"(92, 11)",186,1,104.0,24.0,0.2788461446762085,3.545244,3.289173,0.256071
test,"(456, 189)",1,1,37.0,8.0,0.21621622145175934,3.180031,1.843764,1.336267
test,"(278, 35)",255,1,4.0,3.0,0.5,5.284813,4.139015,1.145798
test,"(32, 53)",32,1,7.0,4.0,0.2857142984867096,3.723190,3.884594,-0.161404
test,"(60, 193)",496,1,181.0,33.0,0.1712707132101059,5.032333,3.868004,1.164329
test,"(11, 266)",79,1,172.0,35.0,0.11046511679887772,3.517979,3.574442,-0.056463
test,"(66, 84)",341,1,221.0,9.0,0.5384615659713745,3.465283,0.722927,2.742356
test,"(197, 410)",7,1,45.0,5.0,0.4888888895511627,2.219226,1.200733,1.018494
test,"(67, 60)",352,1,41.0,11.0,0.4390243887901306,3.457997,3.430703,0.027294
test,"(76, 62)",69,1,137.0,19.0,0.20437955856323242,3.519835,2.793921,0.725914
test,"(71, 334)",79,1,44.0,2.0,0.9318181872367859,2.184373,0.175653,2.008720
test,"(256, 67)",217,1,46.0,2.0,0.95652174949646,4.130475,0.163982,3.966493
test,"(7, 69)",8,1,1118.0,36.0,0.5635062456130981,4.756442,4.451250,0.305192
test,"(334, 234)",373,1,188.0,15.0,0.686170220375061,5.331702,2.356033,2.975669
test,"(256, 75)",178,1,702.0,26.0,0.5470085740089417,4.168729,0.705087,3.463642
test,"(214, 82)",361,1,192.0,12.0,0.453125,6.786346,8.116388,-1.330042
test,"(65, 78)",479,1,428.0,8.0,0.7196261882781982,4.877322,0.434978,4.442344
test,"(193, 278)",298,1,250.0,55.0,0.4359999895095825,7.926791,8.216495,-0.289704
test,"(354, 1)",60,0,0.0,0.0,0.0,3.444936,2.557629,0.887307
test,"(60, 11)",193,1,485.0,48.0,0.09690721333026886,2.803930,2.432168,0.371763
test,"(416, 278)",84,1,279.0,56.0,0.12903225421905518,4.546797,3.645916,0.900881
test,"(510, 416)",278,0,0.0,0.0,0.0,0.536509,1.177591,-0.641083
test,"(1, 60)",186,1,401.0,31.0,0.21945136785507202,2.896308,2.551490,0.344818
test,"(51, 50)",427,1,20.0,12.0,0.15000000596046448,8.341985,7.176097,1.165888
test,"(343, 240)",69,1,11.0,4.0,0.6363636255264282,2.129550,1.950379,0.179171
test,"(176, 88)",456,1,348.0,23.0,0.29885056614875793,5.567959,7.683786,-2.115827
test,"(1, 60)",11,1,401.0,31.0,0.21945136785507202,2.666250,1.573109,1.093141
test,"(231, 82)",483,1,706.0,15.0,0.3243626058101654,1.980946,1.187694,0.793252
test,"(188, 25)",189,1,233.0,23.0,0.2446351945400238,3.561011,3.966673,-0.405662
test,"(311, 189)",1,1,159.0,20.0,0.29559749364852905,5.456153,1.334068,4.122085
test,"(134, 80)",84,1,348.0,16.0,0.545976996421814,0.523529,0.577079,-0.053550
test,"(193, 278)",440,1,250.0,55.0,0.4359999895095825,4.852675,5.032210,-0.179534
test,"(78, 479)",6,1,335.0,41.0,0.16417910158634186,3.756942,5.070041,-1.313099
test,"(195, 313)",199,1,17.0,1.0,1.0,2.318928,0.134377,2.184551
test,"(65, 176)",26,1,369.0,35.0,0.2899729013442993,3.218706,1.329172,1.889534
test,"(11, 134)",494,1,2212.0,121.0,0.059222422540187836,4.183456,5.761989,-1.578533
test,"(323, 313)",249,1,115.0,2.0,0.9130434989929199,2.905950,0.193853,2.712096
test,"(26, 195)",334,1,684.0,39.0,0.17105263471603394,5.870165,5.088282,0.781883
test,"(321, 25)",134,1,13.0,4.0,0.5384615659713745,2.583457,2.104670,0.478786
test,"(230, 83)",321,1,125.0,20.0,0.19200000166893005,3.162745,1.734194,1.428551
test,"(186, 183)",464,1,185.0,35.0,0.1297297328710556,3.341010,2.893774,0.447236
test,"(199, 473)",83,1,4.0,1.0,1.0,2.285580,0.283312,2.002268
test,"(405, 54)",509,1,33.0,1.0,1.0,0.336240,0.045937,0.290304
test,"(69, 350)",7,1,273.0,12.0,0.38461539149284363,4.122944,1.047248,3.075695
test,"(300, 72)",179,1,117.0,2.0,0.9230769276618958,2.067168,0.176116,1.891052
test,"(464, 55)",180,0,0.0,0.0,0.0,3.691310,3.580763,0.110547
test,"(180, 270)",199,1,677.0,38.0,0.5450516939163208,0.909011,0.602253,0.306758
test,"(74, 176)",469,1,82.0,23.0,0.1463414579629898,6.755331,8.394788,-1.639457
test,"(245, 303)",175,1,11.0,5.0,0.4545454680919647,2.414483,0.941952,1.472530
test,"(82, 11)",249,1,676.0,62.0,0.21301774680614471,3.953063,3.754417,0.198646
test,"(186, 269)",134,1,399.0,37.0,0.2030075192451477,1.723415,1.564774,0.158642
test,"(26, 343)",331,1,184.0,18.0,0.33152174949645996,5.451286,3.446403,2.004883
test,"(405, 54)",509,1,33.0,1.0,1.0,0.355522,0.047366,0.308155
test,"(385, 405)",54,1,609.0,38.0,0.34646961092948914,4.040230,3.041743,0.998487
test,"(270, 134)",196,1,117.0,22.0,0.24786324799060822,3.845370,2.393463,1.451907
test,"(13, 437)",70,1,221.0,1.0,1.0,0.464578,0.040168,0.424409
test,"(193, 434)",258,1,18.0,6.0,0.3333333432674408,4.325864,5.688194,-1.362330
test,"(82, 25)",258,1,913.0,60.0,0.1489594727754593,5.651186,5.321333,0.329853
test,"(86, 11)",303,1,42.0,11.0,0.380952388048172,4.525738,5.672585,-1.146847
test,"(186, 269)",258,1,399.0,37.0,0.2030075192451477,4.022755,3.823861,0.198894
test,"(363, 344)",54,1,142.0,22.0,0.15492957830429077,7.331245,2.929525,4.401720
test,"(236, 47)",175,1,13.0,3.0,0.4615384638309479,5.570714,1.474440,4.096274
test,"(134, 36)",67,1,257.0,27.0,0.17120622098445892,4.288741,3.528133,0.760608
test,"(408, 47)",182,1,9.0,1.0,1.0,5.655285,0.189142,5.466143
test,"(47, 182)",184,1,79.0,5.0,0.7848101258277893,5.042308,0.357421,4.684886
test,"(78, 448)",345,1,3.0,1.0,1.0,9.360997,0.392179,8.968818
test,"(14, 256)",76,1,175.0,5.0,0.6171428561210632,2.788854,1.249891,1.538962
test,"(189, 195)",269,1,681.0,43.0,0.30837005376815796,0.785280,1.116927,-0.331647
test,"(134, 504)",82,1,371.0,41.0,0.4312668442726135,1.284831,0.816798,0.468033
test,"(11, 186)",194,1,483.0,43.0,0.4057970941066742,4.450593,4.440249,0.010345
test,"(180, 408)",47,1,606.0,15.0,0.5808581113815308,7.561943,5.295688,2.266255
test,"(192, 7)",69,1,434.0,54.0,0.24884793162345886,3.282516,1.456190,1.826326
test,"(83, 217)",82,1,287.0,14.0,0.9094076752662659,1.605695,0.174401,1.431295
test,"(82, 11)",331,1,676.0,62.0,0.21301774680614471,1.320010,2.307440,-0.987430
test,"(60, 180)",408,1,685.0,41.0,0.5240876078605652,1.239075,0.688373,0.550702
test,"(255, 333)",60,1,630.0,47.0,0.24285714328289032,3.055528,4.258957,-1.203429
test,"(86, 479)",44,1,94.0,22.0,0.20212766528129578,3.871937,1.674920,2.197017
test,"(331, 37)",178,1,64.0,3.0,0.8125,4.296314,0.321041,3.975273
test,"(177, 227)",44,1,73.0,24.0,0.2054794579744339,4.635699,2.530271,2.105428
test,"(78, 188)",185,1,657.0,14.0,0.5190258622169495,3.770412,1.170791,2.599621
test,"(218, 388)",269,1,312.0,10.0,0.6314102411270142,1.073846,0.497694,0.576152
test,"(194, 72)",188,1,421.0,10.0,0.4275534451007843,1.310773,1.500024,-0.189251
test,"(230, 504)",82,1,12.0,6.0,0.25,1.134843,1.118043,0.016800
test,"(337, 60)",26,1,359.0,24.0,0.22841225564479828,2.358293,1.784992,0.573300
test,"(387, 34)",400,1,88.0,4.0,0.5,1.337139,0.944376,0.392763
test,"(199, 127)",100,1,615.0,41.0,0.17398373782634735,4.285673,3.931885,0.353788
test,"(325, 134)",60,1,187.0,36.0,0.1978609561920166,5.478704,4.964490,0.514214
test,"(387, 34)",344,1,88.0,4.0,0.5,1.937248,2.776298,-0.839050
test,"(289, 177)",6,1,10.0,2.0,0.800000011920929,7.161353,2.179911,4.981442
test,"(83, 358)",64,1,3.0,3.0,0.3333333432674408,2.981369,2.401601,0.579768
test,"(53, 72)",402,1,57.0,3.0,0.859649121761322,3.818340,0.267800,3.550540
test,"(51, 423)",78,1,191.0,20.0,0.21989528834819794,2.895805,1.734949,1.160856
test,"(50, 68)",200,1,408.0,11.0,0.561274528503418,3.828105,1.412412,2.415693
test,"(200, 236)",48,1,336.0,44.0,0.1726190447807312,5.007700,1.858918,3.148782
test,"(203, 226)",260,1,57.0,8.0,0.5789473652839661,3.351831,0.656723,2.695108
test,"(291, 183)",13,1,58.0,11.0,0.4655172526836395,5.182944,0.889807,4.293137
test,"(81, 220)",192,1,60.0,5.0,0.9333333373069763,0.883425,0.118476,0.764950
test,"(14, 134)",17,1,463.0,54.0,0.09935205429792404,4.326549,3.081413,1.245136
test,"(71, 180)",270,1,132.0,23.0,0.3787878751754761,1.253296,0.985521,0.267775
test,"(13, 68)",345,1,86.0,9.0,0.4651162922382355,5.901108,4.293748,1.607360
test,"(88, 7)",7,1,343.0,66.0,0.16034986078739166,3.378769,4.405404,-1.026635
test,"(134, 301)",200,1,94.0,16.0,0.23404255509376526,3.440761,2.180752,1.260009
test,"(134, 379)",47,1,100.0,25.0,0.3100000023841858,7.763610,9.365890,-1.602280
test,"(47, 81)",220,1,17.0,1.0,1.0,4.990219,0.149325,4.840894
test,"(81, 220)",192,1,60.0,5.0,0.9333333373069763,0.800132,0.114442,0.685690
test,"(377, 257)",13,1,18.0,4.0,0.4444444477558136,4.479751,6.145188,-1.665437
test,"(66, 75)",84,1,407.0,12.0,0.4004913866519928,3.240285,1.012287,2.227999
test,"(363, 344)",26,1,142.0,22.0,0.15492957830429077,4.819884,4.727412,0.092473
test,"(82, 434)",183,1,4.0,3.0,0.5,3.626627,4.839483,-1.212856
test,"(215, 218)",193,1,4.0,2.0,0.75,2.524825,3.016907,-0.492082
test,"(255, 82)",317,1,346.0,31.0,0.263005793094635,4.480297,2.106821,2.373476
test,"(44, 255)",333,1,630.0,1.0,1.0,0.259260,0.023956,0.235304
test,"(376, 109)",439,1,67.0,5.0,0.7910447716712952,2.842955,0.341305,2.501650
test,"(26, 186)",207,1,592.0,40.0,0.2753378450870514,2.266690,1.337686,0.929004
test,"(184, 188)",66,1,117.0,2.0,0.6153846383094788,5.337893,1.075629,4.262264
test,"(82, 54)",205,1,69.0,4.0,0.47826087474823,2.792524,0.828992,1.963532
test,"(82, 180)",418,1,821.0,46.0,0.1973203420639038,1.151452,1.556908,-0.405456
test,"(387, 34)",344,1,88.0,4.0,0.5,1.840189,2.752985,-0.912796
test,"(134, 190)",83,1,72.0,19.0,0.2916666567325592,4.594407,1.359033,3.235374
test,"(483, 180)",418,1,52.0,11.0,0.23076923191547394,2.078502,2.042088,0.036414
test,"(68, 13)",79,1,613.0,39.0,0.31647634506225586,3.249933,2.608829,0.641104
test,"(483, 7)",218,1,37.0,2.0,0.9459459185600281,3.984582,0.178471,3.806111
test,"(13, 196)",180,1,798.0,29.0,0.19298245012760162,3.077113,2.239228,0.837885
test,"(193, 336)",477,1,65.0,7.0,0.2769230902194977,1.993027,1.505936,0.487091
test,"(193, 207)",183,1,441.0,20.0,0.27210885286331177,4.320134,2.467300,1.852834
test,"(237, 79)",175,1,57.0,2.0,0.9122806787490845,4.452210,2.682887,1.769324
test,"(188, 66)",387,1,123.0,1.0,1.0,3.298688,0.107155,3.191533
test,"(218, 325)",331,1,39.0,12.0,0.28205129504203796,3.446125,2.533933,0.912191
test,"(66, 66)",255,1,155.0,5.0,0.8645161390304565,3.885092,0.252536,3.632556
test,"(189, 186)",194,1,766.0,36.0,0.20757180452346802,4.529682,5.232138,-0.702456
test,"(182, 85)",291,1,323.0,22.0,0.16408668458461761,7.444884,3.219815,4.225069
test,"(69, 72)",188,1,604.0,5.0,0.45860928297042847,1.899745,0.851036,1.048709
test,"(72, 188)",180,1,560.0,59.0,0.1428571492433548,3.579068,3.882399,-0.303331
test,"(83, 83)",222,1,202.0,8.0,0.7623762488365173,4.747828,2.136611,2.611216
test,"(8, 291)",228,1,1310.0,44.0,0.3946564793586731,6.155493,5.742641,0.412851
test,"(259, 303)",175,1,49.0,6.0,0.40816327929496765,1.958824,0.976527,0.982297
test,"(180, 408)",301,1,606.0,15.0,0.5808581113815308,0.497149,0.529193,-0.032044
test,"(11, 331)",43,1,370.0,29.0,0.2540540397167206,2.571549,2.220187,0.351362
test,"(8, 193)",134,1,697.0,38.0,0.19368723034858704,2.294027,1.670880,0.623146
test,"(117, 502)",492,1,44.0,3.0,0.8636363744735718,2.866027,0.259905,2.606122
test,"(34, 75)",298,1,434.0,5.0,0.8894008994102478,1.373182,0.192686,1.180496
test,"(158, 285)",111,1,104.0,6.0,0.36538460850715637,2.524149,1.101733,1.422416
test,"(372, 13)",6,1,465.0,54.0,0.11182795464992523,6.549186,2.522586,4.026599
test,"(213, 200)",83,1,266.0,7.0,0.3834586441516876,2.376676,1.224401,1.152275
test,"(280, 25)",480,1,9.0,4.0,0.5555555820465088,7.917791,8.684596,-0.766805
test,"(69, 83)",290,1,216.0,34.0,0.18518517911434174,10.138419,11.251970,-1.113551
test,"(193, 189)",14,1,154.0,32.0,0.34415584802627563,4.052023,1.167707,2.884316
test,"(85, 200)",7,1,377.0,17.0,0.692307710647583,3.397037,0.466953,2.930084
test,"(60, 362)",12,1,60.0,5.0,0.8166666626930237,1.430091,2.011137,-0.581047
test,"(199, 227)",397,1,100.0,8.0,0.6800000071525574,2.241327,2.471534,-0.230207
test,"(409, 325)",292,1,3.0,1.0,1.0,1.987215,0.321213,1.666002
test,"(13, 1)",347,1,74.0,23.0,0.20270270109176636,3.613240,4.672926,-1.059687
test,"(34, 357)",219,1,291.0,2.0,0.7147766351699829,0.225118,0.323250,-0.098132
test,"(68, 200)",236,1,239.0,20.0,0.4602510333061218,3.494544,0.868820,2.625723
test,"(12, 69)",342,1,478.0,16.0,0.7196652889251709,1.019069,0.380749,0.638320
test,"(76, 134)",5,1,58.0,33.0,0.08620689809322357,3.318307,3.081395,0.236912
test,"(264, 272)",252,1,48.0,2.0,0.875,0.098960,0.116710,-0.017750
test,"(14, 9)",363,1,293.0,16.0,0.40273037552833557,5.440936,2.267136,3.173800
test,"(208, 253)",272,1,1496.0,16.0,0.8041443824768066,0.107225,0.203215,-0.095990
test,"(253, 272)",252,1,1204.0,2.0,0.9493355751037598,0.092251,0.055451,0.036800
test,"(269, 334)",83,1,50.0,6.0,0.46000000834465027,4.828927,2.012528,2.816399
test,"(413, 443)",13,1,44.0,12.0,0.3181818127632141,1.766428,1.592653,0.173776
test,"(426, 232)",12,1,538.0,30.0,0.7342007160186768,0.868106,0.344188,0.523918
test,"(13, 64)",85,1,44.0,5.0,0.4318181872367859,3.061804,0.960694,2.101110
test,"(200, 83)",298,1,634.0,65.0,0.25867506861686707,2.904547,1.428404,1.476143
test,"(291, 213)",13,1,49.0,5.0,0.4693877696990967,4.055931,1.480729,2.575202
test,"(256, 345)",1,1,68.0,16.0,0.30882352590560913,6.534710,5.581919,0.952792
test,"(435, 313)",91,1,7.0,2.0,0.8571428656578064,0.212438,0.187551,0.024887
test,"(78, 441)",75,1,207.0,19.0,0.6521739363670349,3.023487,2.668084,0.355403
test,"(114, 492)",226,1,55.0,8.0,0.6545454263687134,0.478001,0.393898,0.084102
test,"(492, 376)",117,1,29.0,3.0,0.931034505367279,2.152467,0.182279,1.970188
test,"(342, 489)",397,1,74.0,2.0,0.7972972989082336,2.473517,1.698486,0.775031
test,"(193, 189)",14,1,154.0,32.0,0.34415584802627563,3.675409,1.165154,2.510255
test,"(450, 12)",71,1,592.0,5.0,0.6216216087341309,3.462682,0.576929,2.885753
test,"(47, 75)",435,1,18.0,4.0,0.6666666865348816,5.924108,0.573152,5.350956
test,"(189, 184)",188,1,27.0,7.0,0.29629629850387573,4.616575,2.167594,2.448981
test,"(12, 18)",309,1,567.0,37.0,0.20105819404125214,2.355627,1.988424,0.367203
test,"(179, 455)",88,1,401.0,1.0,1.0,0.547263,0.043866,0.503397
test,"(200, 469)",230,1,3.0,1.0,1.0,4.055923,0.361042,3.694880
test,"(72, 76)",70,1,456.0,30.0,0.18640351295471191,4.770401,3.534000,1.236401
test,"(328, 134)",8,1,160.0,41.0,0.125,4.176406,2.295621,1.880786
test,"(134, 8)",434,1,377.0,30.0,0.1989389955997467,3.496265,1.964798,1.531468
test,"(82, 30)",13,1,46.0,4.0,0.8260869383811951,0.495407,0.182130,0.313278
test,"(268, 291)",189,1,492.0,30.0,0.37804877758026123,1.843743,0.994011,0.849732
test,"(13, 196)",218,1,798.0,29.0,0.19298245012760162,4.982483,2.037773,2.944710
test,"(34, 344)",250,1,720.0,34.0,0.27222222089767456,8.649389,10.896056,-2.246667
test,"(71, 313)",91,1,9.0,2.0,0.8888888955116272,0.034733,0.129583,-0.094850
test,"(297, 230)",0,1,954.0,66.0,0.39308175444602966,2.757834,1.010664,1.747171
test,"(213, 182)",184,1,293.0,12.0,0.46075084805488586,5.132239,3.034248,2.097991
test,"(119, 27)",14,1,7.0,1.0,1.0,0.881277,0.136992,0.744285
test,"(29, 26)",133,1,61.0,8.0,0.3442623019218445,1.565211,1.594809,-0.029598
test,"(178, 76)",190,1,580.0,50.0,0.12586206197738647,4.949503,2.876596,2.072907
test,"(282, 268)",291,1,265.0,1.0,1.0,0.125989,0.013998,0.111991
test,"(144, 492)",376,1,92.0,5.0,0.79347825050354,4.335024,2.022888,2.312137
test,"(188, 66)",387,1,123.0,1.0,1.0,3.016421,0.105815,2.910605
test,"(25, 65)",70,1,462.0,5.0,0.6320346593856812,1.986169,0.541689,1.444480
test,"(86, 12)",69,1,664.0,27.0,0.22590361535549164,3.460067,1.578922,1.881145
test,"(134, 296)",345,1,549.0,6.0,0.8706739544868469,0.121711,0.135700,-0.013989
test,"(345, 25)",65,1,558.0,12.0,0.560931921005249,1.090871,0.620410,0.470461
test,"(71, 300)",8,1,401.0,20.0,0.28678303956985474,5.150705,1.350709,3.799996
test,"(128, 144)",492,1,212.0,12.0,0.43396225571632385,1.688552,0.865227,0.823325
test,"(492, 376)",117,1,29.0,3.0,0.931034505367279,2.160561,0.182392,1.978170
test,"(127, 94)",439,1,245.0,18.0,0.3510203957557678,4.091369,2.934365,1.157004
test,"(109, 128)",144,1,111.0,6.0,0.8108108043670654,1.189461,0.276862,0.912598
test,"(203, 254)",109,1,79.0,1.0,1.0,2.342139,0.103214,2.238925
test,"(252, 227)",12,1,597.0,4.0,0.5343383550643921,0.768598,0.870832,-0.102234
test,"(299, 180)",228,1,89.0,29.0,0.13483145833015442,5.700870,6.307093,-0.606224
test,"(399, 34)",177,1,587.0,4.0,0.5962521433830261,3.274322,5.498438,-2.224116
test,"(82, 194)",465,1,98.0,11.0,0.7346938848495483,0.462296,0.316055,0.146241
test,"(208, 79)",272,1,105.0,3.0,0.9714285731315613,2.496165,0.132040,2.364125
test,"(13, 184)",77,1,140.0,8.0,0.47857141494750977,4.681721,0.845620,3.836100
test,"(265, 134)",296,1,34.0,19.0,0.1764705926179886,2.647518,3.889762,-1.242244
test,"(305, 171)",172,1,548.0,9.0,0.4032846689224243,1.003659,0.910011,0.093648
test,"(34, 344)",180,1,720.0,34.0,0.27222222089767456,3.435566,3.140851,0.294716
test,"(236, 190)",82,1,488.0,23.0,0.3463114798069,2.975559,1.224921,1.750638
test,"(51, 78)",134,1,463.0,37.0,0.24622030556201935,4.762442,4.890997,-0.128556
test,"(12, 16)",303,1,1082.0,42.0,0.13031423091888428,6.272454,3.243928,3.028526
test,"(11, 134)",20,1,2212.0,121.0,0.059222422540187836,4.875915,4.178036,0.697879
test,"(190, 83)",222,1,58.0,5.0,0.48275861144065857,5.084579,0.858096,4.226482
test,"(172, 134)",202,1,98.0,32.0,0.16326530277729034,7.435741,4.378610,3.057131
test,"(305, 171)",171,1,548.0,9.0,0.4032846689224243,0.723986,1.321064,-0.597078
test,"(305, 181)",208,1,380.0,28.0,0.25526314973831177,1.404809,1.329826,0.074984
test,"(292, 64)",29,1,4.0,2.0,0.75,11.259089,0.680312,10.578778
test,"(305, 211)",134,1,135.0,21.0,0.192592591047287,2.545548,2.259075,0.286473
test,"(64, 87)",299,1,107.0,15.0,0.2429906576871872,5.592349,1.620128,3.972221
test,"(29, 127)",158,1,58.0,19.0,0.2586206793785095,3.994492,4.588111,-0.593618
test,"(134, 218)",204,1,269.0,15.0,0.3828996419906616,5.217188,6.561940,-1.344752
test,"(44, 197)",84,1,8.0,1.0,1.0,4.094833,0.201389,3.893444
test,"(77, 134)",5,1,68.0,15.0,0.3970588147640228,2.961564,4.479764,-1.518200
test,"(192, 8)",284,1,45.0,12.0,0.2666666805744171,3.708754,5.525560,-1.816806
test,"(12, 448)",175,1,34.0,2.0,0.970588207244873,3.038435,0.149256,2.889178
test,"(13, 69)",350,1,1015.0,24.0,0.24039408564567566,2.368171,1.489348,0.878823
test,"(340, 469)",134,0,0.0,0.0,0.0,1.646751,2.186351,-0.539599
test,"(182, 85)",72,1,323.0,22.0,0.16408668458461761,3.727584,2.076166,1.651418
test,"(30, 13)",179,1,485.0,46.0,0.12783505022525787,2.845907,3.570032,-0.724126
test,"(92, 334)",345,1,1.0,1.0,1.0,0.939727,2.097297,-1.157570
test,"(284, 14)",92,1,530.0,5.0,0.3849056661128998,2.311162,1.034967,1.276194
test,"(172, 269)",228,1,5.0,4.0,0.4000000059604645,3.906937,4.000201,-0.093264
test,"(1, 305)",171,1,202.0,6.0,0.30693069100379944,0.869107,1.136738,-0.267631
test,"(134, 202)",83,1,140.0,13.0,0.20714285969734192,3.725994,2.880153,0.845841
test,"(171, 171)",172,1,204.0,7.0,0.3529411852359772,0.998455,1.022106,-0.023651
test,"(70, 81)",196,1,188.0,12.0,0.4414893686771393,3.797455,0.923826,2.873629
test,"(12, 256)",75,1,519.0,4.0,0.978805422782898,0.670355,0.070337,0.600018
test,"(86, 12)",69,1,664.0,27.0,0.22590361535549164,3.507380,1.579627,1.927753
test,"(65, 75)",185,1,433.0,10.0,0.6766743659973145,5.309797,3.571289,1.738508
test,"(12, 17)",304,1,931.0,38.0,0.1890440434217453,4.863402,3.101769,1.761634
test,"(288, 173)",14,1,430.0,16.0,0.8186046481132507,1.697689,0.280054,1.417636
test,"(82, 30)",13,1,46.0,4.0,0.8260869383811951,0.611797,0.190194,0.421602
test,"(247, 219)",480,1,175.0,26.0,0.22857142984867096,6.892618,5.922014,0.970604
test,"(189, 378)",70,1,8.0,1.0,1.0,1.779392,0.167824,1.611568
test,"(425, 393)",34,1,96.0,31.0,0.1354166716337204,4.864078,2.412582,2.451496
test,"(92, 302)",29,1,233.0,3.0,0.9871244430541992,0.353877,0.042232,0.311644
test,"(79, 12)",16,1,345.0,18.0,0.21449275314807892,2.489792,2.158534,0.331258
test,"(362, 362)",12,1,403.0,2.0,0.9354838728904724,0.923598,0.125762,0.797836
test,"(8, 60)",14,1,316.0,37.0,0.1139240488409996,3.497202,2.259233,1.237969
test,"(206, 79)",12,1,247.0,25.0,0.3198380470275879,2.727599,1.475842,1.251757
test,"(484, 305)",211,1,93.0,6.0,0.31182795763015747,2.464399,2.390753,0.073646
test,"(387, 310)",237,1,15.0,3.0,0.6000000238418579,5.074788,1.349188,3.725601
test,"(333, 30)",13,1,3.0,1.0,1.0,1.001133,0.128425,0.872708
test,"(76, 84)",387,1,429.0,3.0,0.9673659801483154,1.931070,0.123467,1.807603
test,"(374, 194)",374,1,159.0,1.0,1.0,0.395145,0.036904,0.358241
test,"(188, 40)",354,1,2.0,1.0,1.0,4.820306,4.887298,-0.066992
test,"(29, 264)",134,1,275.0,6.0,0.42181816697120667,2.535422,2.102010,0.433413
test,"(399, 50)",84,1,82.0,4.0,0.46341463923454285,2.625792,0.873290,1.752502
test,"(25, 227)",397,1,209.0,3.0,0.880382776260376,1.235019,2.034538,-0.799519
test,"(85, 200)",7,1,377.0,17.0,0.692307710647583,3.776424,0.468640,3.307784
test,"(292, 485)",29,1,318.0,1.0,1.0,0.581701,0.046359,0.535342
test,"(485, 29)",133,1,344.0,16.0,0.13372093439102173,2.228589,2.223812,0.004777
test,"(208, 485)",305,1,347.0,16.0,0.2046109437942505,2.320369,1.635721,0.684648
test,"(387, 134)",296,1,115.0,13.0,0.791304349899292,2.220769,0.330558,1.890210
test,"(92, 305)",172,1,206.0,6.0,0.3252427279949188,1.888795,1.226591,0.662204
test,"(331, 44)",255,1,54.0,6.0,0.42592594027519226,2.220303,0.926024,1.294279
test,"(134, 314)",82,1,154.0,23.0,0.3246753215789795,5.528793,6.119294,-0.590501
test,"(5, 5)",134,1,527.0,39.0,0.36622390151023865,2.289851,1.877881,0.411969
test,"(252, 86)",12,1,335.0,6.0,0.9761193990707397,0.952717,0.086614,0.866103
test,"(227, 12)",450,1,1258.0,27.0,0.3298887014389038,3.108442,1.467045,1.641397
test,"(129, 164)",97,1,30.0,5.0,0.7666666507720947,8.084600,2.687070,5.397530
test,"(97, 130)",116,1,3.0,1.0,1.0,7.793111,0.110844,7.682267
test,"(255, 333)",51,1,630.0,47.0,0.24285714328289032,7.272747,3.647642,3.625105
test,"(303, 65)",12,1,215.0,3.0,0.9906976819038391,2.114331,0.104371,2.009960
test,"(304, 12)",227,1,1230.0,20.0,0.43252032995224,2.507059,0.923008,1.584051
test,"(438, 72)",65,1,30.0,1.0,1.0,3.499358,0.126069,3.373288
test,"(302, 29)",224,1,630.0,21.0,0.13809524476528168,3.102099,2.371363,0.730736
test,"(89, 12)",20,1,40.0,4.0,0.42500001192092896,3.887712,0.995040,2.892672
test,"(188, 69)",83,1,104.0,1.0,1.0,3.925589,0.110225,3.815364
test,"(13, 504)",257,1,133.0,13.0,0.43609023094177246,4.007574,4.914221,-0.906647
test,"(218, 264)",297,1,74.0,16.0,0.3378378450870514,4.052633,2.842358,1.210275
test,"(249, 342)",26,1,611.0,27.0,0.23567920923233032,3.545377,1.527191,2.018186
test,"(20, 310)",185,1,36.0,2.0,0.9722222089767456,0.637300,0.083280,0.554021
test,"(229, 351)",6,1,508.0,42.0,0.2696850299835205,4.124106,3.154668,0.969438
test,"(75, 88)",6,1,313.0,54.0,0.11821085959672928,4.145518,5.130857,-0.985339
test,"(328, 208)",485,1,230.0,23.0,0.5260869860649109,2.364274,2.160278,0.203996
test,"(298, 74)",282,1,488.0,29.0,0.7049180269241333,0.833649,0.384931,0.448717
test,"(253, 29)",224,1,1481.0,23.0,0.18568535149097443,2.451774,2.468012,-0.016239
test,"(12, 18)",266,1,567.0,37.0,0.20105819404125214,5.153243,4.397510,0.755733
test,"(347, 189)",79,1,85.0,26.0,0.0941176488995552,5.178607,4.169603,1.009004
test,"(341, 33)",88,1,72.0,1.0,1.0,1.422786,0.086698,1.336087
test,"(328, 208)",355,1,230.0,23.0,0.5260869860649109,2.987283,2.186128,0.801155
test,"(366, 67)",32,1,359.0,22.0,0.688022255897522,3.536603,0.475614,3.060989
test,"(444, 254)",114,1,71.0,7.0,0.3380281627178192,4.479046,2.354863,2.124183
test,"(292, 79)",29,1,63.0,2.0,0.9841269850730896,4.970633,0.132474,4.838159
test,"(253, 29)",481,1,1481.0,23.0,0.18568535149097443,2.786630,3.144093,-0.357463
test,"(92, 204)",211,1,53.0,3.0,0.9622641801834106,0.059928,0.020337,0.039591
test,"(292, 253)",29,1,1291.0,1.0,1.0,0.242409,0.022024,0.220385
test,"(9, 472)",178,1,7.0,3.0,0.7142857313156128,3.164349,2.795540,0.368809
test,"(208, 253)",272,1,1496.0,16.0,0.8041443824768066,0.121038,0.204727,-0.083688
test,"(351, 212)",110,1,239.0,13.0,0.21757322549819946,2.348706,1.821825,0.526880
test,"(372, 13)",27,1,465.0,54.0,0.11182795464992523,6.203749,3.652252,2.551497
test,"(328, 331)",50,1,4.0,3.0,0.5,1.191179,1.943821,-0.752642
test,"(79, 12)",16,1,345.0,18.0,0.21449275314807892,2.908390,2.183399,0.724991
test,"(264, 484)",481,1,39.0,3.0,0.8205128312110901,2.387897,0.311431,2.076466
test,"(12, 64)",234,1,135.0,6.0,0.8518518805503845,1.146047,0.229683,0.916364
test,"(68, 88)",282,1,687.0,44.0,0.22270742058753967,2.322358,1.761008,0.561351
test,"(228, 173)",378,1,595.0,2.0,0.9697479009628296,0.305203,0.055794,0.249409
test,"(12, 71)",300,1,506.0,5.0,0.7272727489471436,1.341241,0.385928,0.955313
test,"(469, 208)",39,1,8.0,3.0,0.75,6.697091,0.524369,6.172722
test,"(272, 252)",227,1,2224.0,26.0,0.254046767950058,2.387805,1.430826,0.956979
test,"(292, 253)",29,1,1291.0,1.0,1.0,0.136087,0.013065,0.123022
test,"(336, 477)",13,1,207.0,5.0,0.8405796885490417,1.714286,0.254907,1.459379
test,"(86, 34)",366,1,66.0,8.0,0.3636363744735718,2.688858,1.642018,1.046840
test,"(236, 34)",344,1,36.0,4.0,0.3611111044883728,1.991982,1.364024,0.627959
test,"(245, 189)",14,1,102.0,16.0,0.529411792755127,4.937073,0.747439,4.189633
test,"(134, 44)",78,1,500.0,37.0,0.21799999475479126,2.632167,2.021293,0.610875
test,"(316, 85)",190,1,76.0,6.0,0.3684210479259491,3.850775,1.367814,2.482961
test,"(477, 250)",92,1,189.0,18.0,0.40740740299224854,0.896815,0.857046,0.039769
test,"(296, 86)",34,1,162.0,18.0,0.31481480598449707,3.285213,1.258361,2.026852
test,"(50, 398)",83,1,234.0,14.0,0.747863233089447,3.557486,0.386389,3.171096
test,"(502, 221)",260,1,39.0,11.0,0.3076923191547394,5.114462,3.264614,1.849848
test,"(110, 409)",128,1,137.0,14.0,0.5328466892242432,1.836426,1.817670,0.018756
test,"(183, 190)",236,1,209.0,4.0,0.980861246585846,2.046257,0.112014,1.934243
test,"(224, 207)",92,1,190.0,14.0,0.20000000298023224,2.453162,1.670342,0.782820
test,"(176, 183)",344,1,6.0,4.0,0.5,3.283501,3.483466,-0.199965
test,"(286, 183)",324,1,13.0,1.0,1.0,2.475197,0.150314,2.324883
test,"(251, 376)",110,1,109.0,10.0,0.31192660331726074,3.457036,1.600008,1.857027
test,"(203, 212)",121,1,194.0,18.0,0.19072164595127106,3.177984,1.944184,1.233800
test,"(238, 414)",30,1,43.0,15.0,0.23255814611911774,8.428168,9.787279,-1.359110
test,"(416, 278)",127,1,279.0,56.0,0.12903225421905518,1.405830,1.934107,-0.528277
test,"(476, 414)",229,1,4.0,3.0,0.5,3.814770,3.757057,0.057713
test,"(500, 238)",203,1,94.0,7.0,0.39361703395843506,2.606166,1.897582,0.708585
test,"(127, 120)",416,1,421.0,37.0,0.1876484602689743,5.707099,6.814889,-1.107790
test,"(115, 502)",238,1,67.0,8.0,0.38805970549583435,4.920871,5.097439,-0.176568
test,"(134, 260)",203,1,594.0,29.0,0.22053872048854828,3.267707,1.591672,1.676035
test,"(416, 278)",127,1,279.0,56.0,0.12903225421905518,1.174974,1.891007,-0.716033
test,"(365, 416)",278,1,3.0,1.0,1.0,1.001847,2.311572,-1.309725
test,"(278, 131)",166,1,29.0,1.0,1.0,0.211934,0.019352,0.192582
test,"(50, 180)",337,1,39.0,11.0,0.25641027092933655,4.599233,1.506474,3.092759
test,"(134, 229)",409,1,252.0,12.0,0.3571428656578064,3.972842,4.221422,-0.248580
test,"(337, 186)",230,1,23.0,5.0,0.5652173757553101,5.307753,2.987681,2.320072
test,"(1, 60)",8,1,401.0,31.0,0.21945136785507202,2.829277,2.261788,0.567489
test,"(1, 70)",182,1,20.0,7.0,0.20000000298023224,3.177618,4.529842,-1.352224
test,"(178, 416)",278,1,1.0,1.0,1.0,1.355881,1.546802,-0.190921
test,"(449, 38)",197,1,3.0,2.0,0.6666666865348816,3.059594,0.866343,2.193252
test,"(62, 378)",417,1,60.0,4.0,0.7166666388511658,8.156290,1.866091,6.290199
test,"(180, 189)",92,1,416.0,32.0,0.5024038553237915,4.942706,2.109070,2.833635
test,"(76, 190)",7,1,107.0,18.0,0.3925233781337738,2.859533,2.195979,0.663554
test,"(303, 82)",417,1,171.0,2.0,0.719298243522644,6.861320,1.391077,5.470242
test,"(401, 427)",193,1,19.0,5.0,0.42105263471603394,1.577851,1.184161,0.393689
test,"(249, 413)",230,1,325.0,31.0,0.19384615123271942,4.841043,4.154804,0.686240
test,"(225, 84)",349,1,172.0,6.0,0.6162790656089783,5.435900,1.202406,4.233494
test,"(378, 417)",25,1,25.0,10.0,0.2800000011920929,3.093781,1.995167,1.098614
test,"(60, 10)",91,1,12.0,6.0,0.3333333432674408,7.625849,1.723783,5.902066
test,"(186, 134)",379,1,1054.0,89.0,0.07020872831344604,4.335842,4.868524,-0.532682
test,"(303, 82)",70,1,171.0,2.0,0.719298243522644,5.516356,0.440245,5.076111
test,"(74, 197)",60,1,506.0,47.0,0.2707509994506836,6.068252,4.070228,1.998023
test,"(183, 458)",65,1,118.0,15.0,0.3050847351551056,6.169305,1.850325,4.318980
test,"(427, 224)",225,1,124.0,28.0,0.16935484111309052,3.996247,2.293885,1.702361
test,"(134, 18)",134,1,252.0,34.0,0.130952388048172,3.343165,2.890589,0.452576
test,"(76, 177)",7,1,87.0,9.0,0.39080458879470825,4.626945,2.429293,2.197653
test,"(225, 88)",173,1,332.0,27.0,0.6265060305595398,2.660243,0.558699,2.101544
test,"(81, 6)",58,1,17.0,6.0,0.29411765933036804,4.618900,1.485261,3.133639
test,"(461, 391)",81,1,23.0,6.0,0.3478260934352875,2.933632,1.192772,1.740860
test,"(72, 60)",174,1,101.0,22.0,0.22772277891635895,6.421974,5.906319,0.515656
test,"(183, 458)",65,1,118.0,15.0,0.3050847351551056,6.149822,1.850299,4.299524
test,"(134, 428)",86,1,119.0,4.0,0.5966386795043945,2.797002,0.613178,2.183824
test,"(28, 134)",437,1,255.0,33.0,0.18431372940540314,2.603231,1.762786,0.840445
test,"(84, 440)",224,1,31.0,11.0,0.3870967626571655,10.023337,10.086577,-0.063240
test,"(205, 25)",60,1,23.0,8.0,0.260869562625885,4.671425,1.782020,2.889405
test,"(75, 205)",92,1,99.0,17.0,0.21212121844291687,5.143312,6.643241,-1.499929
test,"(77, 25)",13,1,70.0,16.0,0.2142857164144516,4.594725,2.851152,1.743573
test,"(82, 25)",11,1,913.0,60.0,0.1489594727754593,4.445740,4.855175,-0.409435
test,"(186, 183)",458,1,185.0,35.0,0.1297297328710556,3.404262,3.414862,-0.010600
test,"(214, 65)",78,1,35.0,2.0,0.9714285731315613,3.771174,4.515609,-0.744435
test,"(186, 511)",7,1,499.0,3.0,0.9218437075614929,0.310031,0.099353,0.210678
test,"(82, 133)",170,1,263.0,21.0,0.44486692547798157,3.090094,3.265158,-0.175064
test,"(186, 511)",7,1,499.0,3.0,0.9218437075614929,0.331243,0.101055,0.230188
test,"(7, 69)",1,1,1118.0,36.0,0.5635062456130981,1.901359,0.648068,1.253291
test,"(78, 78)",74,1,316.0,10.0,0.7120253443717957,3.684736,1.883951,1.800784
test,"(186, 511)",7,1,499.0,3.0,0.9218437075614929,0.324148,0.100489,0.223659
test,"(186, 310)",64,1,139.0,6.0,0.8633093237876892,6.080016,3.029858,3.050158
test,"(13, 197)",256,1,220.0,5.0,0.4636363685131073,1.739049,0.836738,0.902312
test,"(18, 23)",19,1,31.0,5.0,0.7096773982048035,3.425429,2.054778,1.370651
test,"(7, 256)",242,1,77.0,8.0,0.31168830394744873,1.617111,1.193351,0.423759
test,"(256, 242)",62,1,464.0,17.0,0.35775861144065857,5.732476,7.076635,-1.344159
test,"(242, 440)",82,1,236.0,2.0,0.6059321761131287,1.473855,0.568323,0.905532
test,"(82, 78)",65,1,505.0,19.0,0.5841584205627441,5.409392,3.517994,1.891398
test,"(182, 64)",76,1,231.0,20.0,0.3246753215789795,2.156712,1.190661,0.966051
test,"(40, 50)",46,1,93.0,10.0,0.4193548262119293,2.457267,0.963318,1.493949
test,"(52, 51)",37,1,99.0,16.0,0.46464645862579346,6.306270,3.035805,3.270464
test,"(29, 23)",13,1,44.0,3.0,0.7045454382896423,4.129582,0.475049,3.654533
test,"(83, 202)",25,1,324.0,40.0,0.25925925374031067,2.740624,2.384676,0.355948
test,"(265, 76)",175,1,22.0,2.0,0.5454545617103577,3.127094,0.946630,2.180464
test,"(88, 320)",205,1,22.0,5.0,0.6363636255264282,2.186357,0.557002,1.629355
test,"(76, 175)",202,1,578.0,64.0,0.22145329415798187,4.587207,4.363668,0.223539
test,"(62, 81)",190,1,246.0,18.0,0.36178863048553467,4.152749,2.090243,2.062506
test,"(179, 182)",64,1,40.0,2.0,0.9750000238418579,3.628791,0.144774,3.484016
test,"(265, 76)",175,1,22.0,2.0,0.5454545617103577,3.118732,0.946536,2.172197
test,"(62, 81)",190,1,246.0,18.0,0.36178863048553467,4.330976,2.092321,2.238656
test,"(83, 7)",85,1,179.0,42.0,0.1508379876613617,3.730072,4.093581,-0.363510
test,"(199, 129)",135,1,23.0,6.0,0.30434781312942505,0.905085,1.676044,-0.770960
test,"(283, 7)",85,1,76.0,20.0,0.14473684132099152,3.046124,3.777271,-0.731148
test,"(77, 386)",8,1,95.0,14.0,0.23157894611358643,4.426576,2.411430,2.015146
test,"(84, 173)",82,1,286.0,30.0,0.1818181872367859,2.825696,2.023403,0.802294
test,"(84, 173)",82,1,286.0,30.0,0.1818181872367859,2.959053,2.029016,0.930037
test,"(36, 50)",180,1,174.0,18.0,0.18965516984462738,5.029474,2.821835,2.207639
test,"(25, 199)",127,1,2122.0,114.0,0.12205466628074646,1.938333,2.057462,-0.119129
test,"(79, 314)",43,1,7.0,2.0,0.5714285969734192,8.226579,9.893033,-1.666455
test,"(248, 25)",134,1,64.0,15.0,0.265625,1.475229,2.786711,-1.311482
test,"(44, 190)",71,1,55.0,2.0,0.8909090757369995,1.175069,0.193558,0.981511
test,"(114, 226)",221,1,15.0,2.0,0.8666666746139526,1.992655,3.785700,-1.793044
test,"(110, 409)",127,1,137.0,14.0,0.5328466892242432,1.621641,0.663168,0.958472
test,"(365, 128)",143,1,104.0,5.0,0.557692289352417,2.781485,3.496649,-0.715164
test,"(259, 195)",199,1,119.0,29.0,0.22689075767993927,6.978343,6.051116,0.927227
test,"(203, 229)",212,1,312.0,29.0,0.16987179219722748,3.887083,2.964959,0.922124
test,"(229, 201)",6,1,181.0,36.0,0.1712707132101059,3.227201,2.767554,0.459647
test,"(120, 285)",114,1,31.0,6.0,0.5806451439857483,3.434932,4.817204,-1.382272
test,"(476, 6)",25,1,4.0,2.0,0.75,2.624850,3.343398,-0.718548
test,"(199, 425)",261,1,3.0,2.0,0.6666666865348816,3.733599,3.640004,0.093596
test,"(127, 161)",201,1,160.0,13.0,0.30000001192092896,4.258206,2.768920,1.489286
test,"(203, 251)",254,1,408.0,33.0,0.18382352590560913,2.476079,2.757281,-0.281201
test,"(199, 127)",166,1,615.0,41.0,0.17398373782634735,4.063620,3.143320,0.920300
test,"(259, 199)",127,1,405.0,83.0,0.14320987462997437,0.778574,1.811679,-1.033105
test,"(199, 65)",78,1,260.0,15.0,0.642307698726654,4.255922,5.401354,-1.145432
test,"(65, 78)",67,1,428.0,8.0,0.7196261882781982,3.002959,3.124066,-0.121107
test,"(164, 285)",110,1,76.0,7.0,0.5,2.416764,4.009318,-1.592554
test,"(217, 82)",259,1,303.0,54.0,0.09570956975221634,2.352781,3.777432,-1.424650
test,"(229, 439)",201,1,70.0,9.0,0.3285714387893677,1.188945,1.327674,-0.138730
test,"(165, 251)",365,1,2.0,2.0,0.5,1.876785,2.677250,-0.800465
test,"(115, 134)",229,1,61.0,22.0,0.13114753365516663,2.757908,2.160156,0.597752
test,"(338, 123)",439,1,41.0,10.0,0.4146341383457184,3.285611,4.794349,-1.508738
test,"(492, 201)",6,1,66.0,17.0,0.3181818127632141,2.661626,1.248665,1.412961
test,"(134, 229)",285,1,252.0,12.0,0.3571428656578064,3.246462,2.656563,0.589899
test,"(199, 127)",99,1,615.0,41.0,0.17398373782634735,5.124904,5.523257,-0.398353
test,"(117, 128)",141,1,12.0,2.0,0.9166666865348816,2.514297,3.808038,-1.293742
test,"(127, 109)",254,1,181.0,20.0,0.23204420506954193,3.371418,5.037893,-1.666474
test,"(195, 302)",14,1,190.0,2.0,0.9263157844543457,1.022145,2.288666,-1.266522
test,"(6, 25)",199,1,345.0,25.0,0.36811593174934387,0.317144,0.891719,-0.574574
test,"(409, 444)",351,1,25.0,5.0,0.6000000238418579,5.319589,5.777456,-0.457867
test,"(199, 127)",161,1,615.0,41.0,0.17398373782634735,2.592557,2.855763,-0.263205
test,"(199, 86)",217,1,70.0,11.0,0.48571428656578064,8.567554,9.776952,-1.209399
test,"(149, 127)",110,1,16.0,3.0,0.625,2.440923,3.902717,-1.461794
test,"(128, 149)",127,1,222.0,31.0,0.18918919563293457,5.858767,2.686700,3.172066
test,"(8, 6)",25,1,47.0,14.0,0.19148936867713928,3.233544,2.110336,1.123208
test,"(154, 254)",112,1,3.0,2.0,0.6666666865348816,2.602845,0.831839,1.771006
test,"(302, 14)",134,1,697.0,31.0,0.5882353186607361,3.158760,0.626160,2.532600
test,"(119, 365)",127,1,31.0,2.0,0.9677419066429138,0.888822,2.811062,-1.922240
test,"(67, 88)",259,1,92.0,17.0,0.27173912525177,2.208833,4.419330,-2.210497
test,"(259, 199)",127,1,405.0,83.0,0.14320987462997437,1.033768,1.877056,-0.843289
test,"(199, 127)",167,1,615.0,41.0,0.17398373782634735,5.680236,3.747663,1.932573
test,"(117, 8)",6,1,10.0,8.0,0.20000000298023224,4.520084,3.648420,0.871664
test,"(259, 199)",127,1,405.0,83.0,0.14320987462997437,0.875268,1.837917,-0.962649
test,"(68, 287)",177,1,1.0,1.0,1.0,10.621537,1.491149,9.130388
test,"(123, 201)",212,1,35.0,13.0,0.17142857611179352,2.867995,1.966531,0.901464
test,"(212, 94)",201,1,133.0,15.0,0.3458646535873413,3.468754,5.769112,-2.300358
test,"(68, 287)",177,1,1.0,1.0,1.0,9.987497,1.491139,8.496358
test,"(110, 221)",229,1,175.0,11.0,0.6571428775787354,1.916617,1.737104,0.179513
test,"(68, 287)",177,1,1.0,1.0,1.0,9.754293,1.491134,8.263159
test,"(25, 199)",425,1,2122.0,114.0,0.12205466628074646,8.061016,8.787364,-0.726347
test,"(203, 238)",201,1,311.0,37.0,0.2668810188770294,2.714898,3.002170,-0.287272
test,"(153, 492)",221,0,0.0,0.0,0.0,2.648308,3.161478,-0.513170
test,"(476, 203)",260,1,17.0,8.0,0.29411765933036804,3.265716,3.447094,-0.181379
test,"(201, 478)",338,1,115.0,11.0,0.52173912525177,3.630489,5.399639,-1.769149
test,"(25, 199)",65,1,2122.0,114.0,0.12205466628074646,3.542798,3.577173,-0.034375
test,"(199, 65)",78,1,260.0,15.0,0.642307698726654,4.691177,5.518950,-0.827773
test,"(97, 492)",376,0,0.0,0.0,0.0,2.897622,3.257902,-0.360281
test,"(251, 409)",444,1,131.0,18.0,0.4351145029067993,4.355638,5.667805,-1.312167
test,"(217, 82)",259,1,303.0,54.0,0.09570956975221634,2.282093,3.747442,-1.465349
test,"(127, 110)",376,1,475.0,31.0,0.18526315689086914,4.021676,3.731300,0.290375
test,"(82, 259)",133,1,127.0,23.0,0.22834645211696625,6.002539,6.684622,-0.682083
test,"(259, 225)",78,1,7.0,3.0,0.5714285969734192,3.517741,2.624338,0.893403
test,"(217, 50)",233,1,22.0,4.0,0.7727272510528564,6.804376,4.553840,2.250536
test,"(199, 480)",13,1,34.0,10.0,0.5,4.829133,0.804740,4.024393
test,"(112, 444)",414,1,105.0,5.0,0.8761904835700989,1.933541,0.220904,1.712637
test,"(389, 195)",297,1,42.0,15.0,0.1666666716337204,3.341214,2.920105,0.421109
test,"(201, 91)",444,1,9.0,3.0,0.5555555820465088,6.017305,8.226781,-2.209476
test,"(229, 376)",118,1,101.0,6.0,0.5742574334144592,2.146739,1.706017,0.440723
test,"(128, 140)",226,1,393.0,42.0,0.19083969295024872,3.626344,3.891571,-0.265227
test,"(232, 134)",219,1,158.0,41.0,0.1139240488409996,10.215129,9.670221,0.544908
test,"(266, 233)",83,1,72.0,1.0,1.0,6.202098,0.115165,6.086934
test,"(233, 83)",42,1,117.0,15.0,0.38461539149284363,8.089706,9.358095,-1.268388
test,"(82, 233)",83,1,32.0,1.0,1.0,6.468354,0.127898,6.340456
test,"(200, 50)",233,1,5.0,2.0,0.6000000238418579,5.632551,0.901962,4.730589
test,"(15, 11)",262,1,337.0,53.0,0.22255192697048187,5.041052,4.612764,0.428288
test,"(14, 134)",17,1,463.0,54.0,0.09935205429792404,3.400907,3.038486,0.362421
test,"(265, 424)",82,1,3.0,2.0,0.6666666865348816,1.385878,0.592057,0.793821
test,"(81, 185)",219,1,364.0,7.0,0.4670329689979553,1.318481,0.807022,0.511459
test,"(175, 173)",70,1,8.0,1.0,1.0,5.470366,0.201928,5.268438
test,"(134, 87)",208,1,145.0,23.0,0.30344828963279724,9.539458,8.519803,1.019656
test,"(188, 249)",84,1,2.0,2.0,0.5,4.619002,4.750190,-0.131188
test,"(456, 382)",13,1,11.0,8.0,0.27272728085517883,2.877536,2.853114,0.024422
test,"(396, 13)",17,1,160.0,14.0,0.23749999701976776,4.525231,2.261369,2.263862
test,"(82, 410)",11,1,397.0,38.0,0.30478590726852417,2.277182,1.234018,1.043164
test,"(224, 308)",83,1,6.0,4.0,0.5,2.696532,2.370148,0.326384
test,"(247, 87)",452,1,394.0,36.0,0.2842639684677124,5.031705,4.793028,0.238677
test,"(284, 230)",82,1,24.0,11.0,0.5416666865348816,5.204546,5.267144,-0.062598
test,"(297, 134)",87,1,192.0,33.0,0.3125,4.488191,6.394099,-1.905908
test,"(11, 186)",194,1,483.0,43.0,0.4057970941066742,4.134509,4.404117,-0.269608
test,"(228, 82)",175,1,645.0,63.0,0.15968991816043854,6.259038,2.612851,3.646187
test,"(62, 256)",68,1,528.0,12.0,0.36174243688583374,8.457203,3.181253,5.275950
test,"(82, 180)",249,1,821.0,46.0,0.1973203420639038,2.829840,2.915876,-0.086037
test,"(297, 228)",82,1,75.0,8.0,0.6000000238418579,1.294773,0.544680,0.750093
test,"(8, 186)",297,1,783.0,44.0,0.17496807873249054,2.264966,2.660551,-0.395584
test,"(427, 193)",442,1,194.0,32.0,0.11855670064687729,5.836541,6.424425,-0.587884
test,"(134, 296)",79,1,549.0,6.0,0.8706739544868469,3.088070,5.369809,-2.281738
test,"(266, 361)",77,1,42.0,3.0,0.761904776096344,2.251713,0.367062,1.884651
test,"(85, 202)",180,1,321.0,25.0,0.2429906576871872,3.983800,3.427934,0.555866
test,"(85, 202)",208,1,321.0,25.0,0.2429906576871872,9.470778,5.641089,3.829689
test,"(249, 79)",13,1,258.0,6.0,0.8798449635505676,3.915118,0.232843,3.682275
test,"(67, 8)",427,1,124.0,28.0,0.15322580933570862,5.622666,6.836836,-1.214170
test,"(7, 1)",51,1,720.0,89.0,0.11388888955116272,4.984007,3.816987,1.167021
test,"(7, 1)",50,1,720.0,89.0,0.11388888955116272,4.862359,3.054754,1.807605
test,"(186, 511)",7,1,499.0,3.0,0.9218437075614929,0.274215,0.096404,0.177811
test,"(76, 183)",425,1,3.0,3.0,0.3333333432674408,6.144778,4.992394,1.152384
test,"(198, 184)",67,1,40.0,2.0,0.7749999761581421,2.711987,1.637863,1.074124
test,"(186, 363)",324,1,21.0,10.0,0.190476194024086,1.962653,3.375049,-1.412396
test,"(199, 83)",321,1,111.0,14.0,0.44144144654273987,2.674442,0.911347,1.763095
test,"(13, 14)",467,1,144.0,28.0,0.1388888955116272,4.930641,3.367429,1.563212
test,"(6, 207)",8,1,209.0,11.0,0.45933014154434204,2.902933,1.678560,1.224373
test,"(386, 77)",7,1,319.0,21.0,0.4890282154083252,3.508571,0.816109,2.692463
test,"(207, 8)",186,1,450.0,23.0,0.23999999463558197,2.124888,2.975165,-0.850278
test,"(398, 83)",217,1,175.0,1.0,1.0,3.539306,0.106300,3.433006
test,"(318, 69)",11,1,222.0,13.0,0.21171170473098755,4.382146,2.582728,1.799419
test,"(389, 133)",404,1,894.0,13.0,0.7203579545021057,1.351039,0.393788,0.957251
test,"(200, 11)",195,1,9.0,8.0,0.2222222238779068,2.084240,1.806121,0.278119
test,"(84, 184)",47,1,133.0,26.0,0.1654135286808014,5.540007,3.143246,2.396761
test,"(304, 12)",227,1,1230.0,20.0,0.43252032995224,4.872036,0.941770,3.930266
test,"(197, 213)",65,1,25.0,8.0,0.5199999809265137,5.366216,4.561704,0.804512
test,"(252, 69)",374,1,489.0,8.0,0.8670756816864014,0.370435,0.164129,0.206306
test,"(15, 13)",20,1,360.0,16.0,0.28333333134651184,2.187335,1.328359,0.858976
test,"(498, 66)",464,1,317.0,1.0,1.0,1.037084,0.068921,0.968163
test,"(405, 51)",293,1,152.0,2.0,0.9868420958518982,1.436652,0.096545,1.340107
test,"(188, 83)",173,1,145.0,34.0,0.22758620977401733,5.209090,2.843318,2.365771
test,"(293, 33)",447,1,8.0,3.0,0.75,5.443258,0.507106,4.936152
test,"(188, 51)",293,1,101.0,10.0,0.20792078971862793,1.060751,2.114843,-1.054092
test,"(134, 5)",5,1,588.0,14.0,0.896258533000946,0.987829,0.162442,0.825386
test,"(76, 175)",6,1,578.0,64.0,0.22145329415798187,5.217161,3.055324,2.161837
test,"(25, 230)",8,1,157.0,35.0,0.19745223224163055,4.369504,1.701517,2.667987
test,"(64, 188)",12,1,216.0,28.0,0.3194444477558136,3.883750,1.244761,2.638990
test,"(200, 74)",12,1,189.0,28.0,0.27513226866722107,1.975565,1.342191,0.633374
test,"(208, 40)",354,1,13.0,3.0,0.8461538553237915,3.506730,0.334461,3.172268
test,"(218, 133)",92,1,665.0,16.0,0.2586466073989868,2.196675,1.625229,0.571446
test,"(205, 188)",7,1,350.0,26.0,0.22857142984867096,3.819125,3.038898,0.780227
test,"(92, 27)",14,1,123.0,1.0,1.0,0.188791,0.021383,0.167408
test,"(91, 199)",259,1,258.0,32.0,0.27519381046295166,4.268821,2.661276,1.607545
test,"(186, 310)",88,1,139.0,6.0,0.8633093237876892,1.858718,0.232276,1.626441
test,"(444, 128)",152,1,60.0,2.0,0.7666666507720947,2.885470,1.580746,1.304724
test,"(205, 188)",252,1,350.0,26.0,0.22857142984867096,3.700675,1.575668,2.125007
test,"(450, 310)",322,1,42.0,3.0,0.5952380895614624,0.533159,1.104849,-0.571690
test,"(217, 397)",15,1,69.0,2.0,0.9855072498321533,2.521890,0.119622,2.402269
test,"(71, 261)",312,1,287.0,1.0,1.0,0.488532,0.041483,0.447049
test,"(484, 224)",208,1,62.0,5.0,0.5483871102333069,2.148195,0.695579,1.452617
test,"(79, 454)",266,1,49.0,13.0,0.26530611515045166,6.951487,3.730042,3.221445
test,"(267, 79)",498,1,379.0,12.0,0.8364115953445435,0.658626,0.218804,0.439823
test,"(38, 11)",134,1,10.0,7.0,0.20000000298023224,1.418187,1.496525,-0.078338
test,"(479, 14)",20,1,128.0,10.0,0.5234375,2.658730,0.744136,1.914594
test,"(176, 1)",224,1,34.0,11.0,0.2647058963775635,2.966677,1.471221,1.495456
test,"(224, 272)",252,1,64.0,2.0,0.734375,0.083860,0.272180,-0.188319
test,"(134, 68)",13,1,722.0,31.0,0.2506925165653229,2.856682,1.460927,1.395754
test,"(221, 212)",116,1,368.0,17.0,0.24184782803058624,2.663797,2.159324,0.504473
test,"(15, 310)",185,1,79.0,2.0,0.9620253443717957,0.826019,0.098653,0.727366
test,"(386, 213)",75,1,6.0,1.0,1.0,2.306178,0.219315,2.086862
test,"(281, 1)",325,1,106.0,13.0,0.2075471729040146,4.186434,3.510155,0.676280
test,"(111, 226)",203,1,67.0,18.0,0.2537313401699066,4.676167,3.932633,0.743535
test,"(75, 222)",68,1,281.0,3.0,0.9786477088928223,0.396651,0.053344,0.343308
test,"(188, 67)",282,1,483.0,38.0,0.3188405930995941,2.918023,1.923711,0.994312
test,"(304, 12)",67,1,1230.0,20.0,0.43252032995224,4.378851,3.528826,0.850026
test,"(25, 134)",318,1,1784.0,97.0,0.08464125543832779,4.810949,2.674336,2.136613
test,"(11, 331)",37,1,370.0,29.0,0.2540540397167206,3.397404,3.409758,-0.012354
test,"(454, 217)",11,1,259.0,22.0,0.15830115973949432,3.959938,2.394804,1.565133
test,"(88, 77)",66,1,689.0,4.0,0.9796807169914246,2.204090,0.114196,2.089895
test,"(66, 241)",182,1,257.0,17.0,0.6031128168106079,1.670816,0.566031,1.104785
test,"(69, 178)",76,1,479.0,24.0,0.6743215322494507,2.514675,0.482229,2.032446
test,"(254, 119)",254,1,418.0,21.0,0.4617224931716919,4.476818,3.320174,1.156643
test,"(6, 218)",245,1,653.0,19.0,0.30781009793281555,1.357896,1.899402,-0.541506
test,"(178, 67)",11,1,446.0,49.0,0.19058296084403992,4.761128,2.025752,2.735376
test,"(123, 221)",128,1,55.0,4.0,0.7636363506317139,3.364520,1.964314,1.400206
test,"(218, 245)",331,1,553.0,32.0,0.2151898741722107,2.483424,1.656554,0.826870
test,"(7, 68)",30,1,447.0,16.0,0.5123042464256287,5.556075,2.969390,2.586684
test,"(175, 77)",176,1,144.0,2.0,0.6666666865348816,4.518820,1.215287,3.303534
test,"(69, 178)",76,1,479.0,24.0,0.6743215322494507,2.178513,0.477008,1.701506
test,"(68, 13)",83,1,613.0,39.0,0.31647634506225586,3.425175,1.241348,2.183827
test,"(252, 127)",166,1,168.0,20.0,0.1488095223903656,3.780548,2.002877,1.777671
test,"(252, 86)",12,1,335.0,6.0,0.9761193990707397,0.718810,0.075591,0.643219
test,"(450, 12)",20,1,592.0,5.0,0.6216216087341309,4.110126,1.315874,2.794251
test,"(13, 354)",69,1,227.0,10.0,0.29955947399139404,1.974554,1.259879,0.714675
test,"(399, 34)",357,1,587.0,4.0,0.5962521433830261,3.126206,1.331232,1.794974
test,"(186, 297)",230,1,563.0,28.0,0.7033748030662537,0.389986,0.334037,0.055949
test,"(245, 336)",477,1,117.0,6.0,0.8974359035491943,2.195956,0.200616,1.995340
test,"(434, 199)",127,1,364.0,49.0,0.24725274741649628,1.992379,1.410738,0.581641
test,"(207, 183)",190,1,199.0,1.0,1.0,1.983307,0.093697,1.889611
test,"(127, 115)",439,1,374.0,28.0,0.15240642428398132,3.636874,2.153893,1.482982
test,"(84, 66)",66,1,224.0,8.0,0.5223214030265808,4.650278,0.758275,3.892003
test,"(115, 439)",226,1,49.0,3.0,0.6530612111091614,2.253160,1.215906,1.037254
test,"(190, 236)",230,1,448.0,39.0,0.4174107015132904,1.730138,0.926043,0.804095
test,"(91, 185)",72,1,1.0,1.0,1.0,5.090356,1.434124,3.656232
test,"(388, 269)",358,1,396.0,33.0,0.3080808222293854,2.414525,1.244008,1.170517
test,"(223, 13)",76,1,65.0,13.0,0.4769230782985687,3.510632,3.832034,-0.321403
test,"(49, 50)",25,1,35.0,16.0,0.1428571492433548,6.635454,4.804276,1.831179
test,"(259, 432)",293,1,85.0,3.0,0.9529411792755127,1.656960,0.134945,1.522015
test,"(25, 199)",127,1,2122.0,114.0,0.12205466628074646,1.303728,1.962297,-0.658569
test,"(247, 87)",12,1,394.0,36.0,0.2842639684677124,3.406132,1.348380,2.057752
test,"(51, 205)",188,1,74.0,1.0,1.0,2.963348,0.108702,2.854647
test,"(212, 110)",376,1,507.0,33.0,0.15976330637931824,4.189765,3.801525,0.388240
test,"(69, 374)",194,1,510.0,13.0,0.3803921639919281,1.876661,2.131456,-0.254795
test,"(66, 64)",188,1,207.0,6.0,0.8985507488250732,3.186945,0.210366,2.976579
test,"(374, 228)",173,1,514.0,1.0,1.0,0.368069,0.032257,0.335812
test,"(228, 173)",378,1,595.0,2.0,0.9697479009628296,0.294409,0.054948,0.239461
test,"(309, 224)",208,1,160.0,7.0,0.48124998807907104,1.743817,0.801159,0.942658
test,"(462, 364)",60,1,267.0,6.0,0.8539325594902039,0.250812,0.161360,0.089452
test,"(12, 227)",12,1,713.0,4.0,0.9943898916244507,0.237932,0.025385,0.212547
test,"(19, 92)",302,1,102.0,14.0,0.5392156839370728,3.190943,0.720081,2.470862
test,"(347, 212)",94,1,34.0,10.0,0.20588235557079315,2.862973,2.638719,0.224254
test,"(252, 227)",397,1,597.0,4.0,0.5343383550643921,1.218888,0.673251,0.545637
test,"(292, 253)",29,1,1291.0,1.0,1.0,0.078707,0.007856,0.070851
test,"(52, 49)",50,1,104.0,8.0,0.7884615659713745,4.381982,4.352927,0.029055
test,"(134, 296)",345,1,549.0,6.0,0.8706739544868469,0.158781,0.139397,0.019383
test,"(92, 302)",29,1,233.0,3.0,0.9871244430541992,0.326274,0.040185,0.286089
test,"(29, 193)",292,1,273.0,5.0,0.5824176073074341,0.899705,0.574887,0.324818
test,"(110, 338)",112,1,39.0,3.0,0.8974359035491943,1.899300,0.206166,1.693134
test,"(173, 378)",12,1,689.0,21.0,0.8359941840171814,0.129699,0.163061,-0.033362
test,"(127, 110)",221,1,475.0,31.0,0.18526315689086914,1.611232,1.666173,-0.054940
test,"(12, 23)",309,1,392.0,29.0,0.21683673560619354,3.099048,2.721853,0.377195
test,"(77, 293)",188,1,56.0,1.0,1.0,2.323599,0.103953,2.219646
test,"(173, 378)",12,1,689.0,21.0,0.8359941840171814,0.315178,0.180720,0.134458
test,"(362, 362)",12,1,403.0,2.0,0.9354838728904724,1.145463,0.134762,1.010701
test,"(29, 347)",208,1,263.0,6.0,0.39923954010009766,1.329500,0.951125,0.378375
test,"(29, 264)",208,1,275.0,6.0,0.42181816697120667,1.986757,1.040623,0.946134
test,"(282, 214)",82,1,10.0,2.0,0.8999999761581421,2.535746,0.268728,2.267018
test,"(433, 302)",29,1,13.0,1.0,1.0,0.159468,0.050370,0.109098
test,"(217, 82)",302,1,303.0,54.0,0.09570956975221634,6.172195,5.516182,0.656014
test,"(206, 79)",82,1,247.0,25.0,0.3198380470275879,3.937329,1.240412,2.696916
test,"(79, 197)",207,1,652.0,34.0,0.5245398879051208,5.501794,7.716612,-2.214818
test,"(25, 134)",318,1,1784.0,97.0,0.08464125543832779,4.022257,2.660263,1.361994
test,"(29, 11)",195,1,133.0,10.0,0.24812030792236328,3.417660,2.504972,0.912688
test,"(139, 203)",238,1,58.0,3.0,0.48275861144065857,1.931554,0.890495,1.041059
test,"(245, 269)",240,1,203.0,27.0,0.1625615805387497,6.104222,4.526815,1.577407
test,"(229, 365)",230,1,70.0,16.0,0.2571428716182709,8.198730,4.094071,4.104658
test,"(66, 400)",13,1,384.0,33.0,0.3020833432674408,3.031234,1.926769,1.104464
test,"(196, 8)",189,1,134.0,28.0,0.1492537260055542,1.648497,2.347334,-0.698837
test,"(112, 226)",285,1,99.0,9.0,0.38383838534355164,3.729477,1.457274,2.272204
test,"(218, 186)",207,1,1021.0,27.0,0.46523016691207886,1.648563,0.822343,0.826221
test,"(207, 183)",190,1,199.0,1.0,1.0,1.701157,0.088782,1.612375
test,"(178, 7)",176,1,248.0,29.0,0.24596774578094482,5.699755,2.706718,2.993037
test,"(185, 426)",232,1,438.0,1.0,1.0,0.384691,0.033143,0.351548
test,"(84, 179)",455,1,636.0,26.0,0.6305031180381775,1.480575,0.525427,0.955148
test,"(12, 69)",342,1,478.0,16.0,0.7196652889251709,0.814452,0.368828,0.445624
test,"(82, 411)",12,1,713.0,4.0,0.9929873943328857,0.122222,0.016262,0.105960
test,"(72, 65)",324,1,377.0,27.0,0.2864721417427063,1.646779,1.927420,-0.280642
test,"(238, 376)",118,1,130.0,8.0,0.6615384817123413,1.908437,0.490105,1.418333
test,"(484, 224)",189,1,62.0,5.0,0.5483871102333069,3.400153,2.710003,0.690150
test,"(193, 208)",253,1,266.0,22.0,0.6804511547088623,0.728968,0.380645,0.348323
test,"(347, 272)",252,1,58.0,2.0,0.6896551847457886,0.133316,0.331362,-0.198046
test,"(191, 205)",188,1,179.0,1.0,1.0,3.427145,0.105503,3.321642
test,"(229, 351)",134,1,508.0,42.0,0.2696850299835205,1.992763,1.531570,0.461194
test,"(226, 284)",14,1,9.0,1.0,1.0,0.484465,0.098849,0.385616
test,"(324, 178)",25,1,382.0,23.0,0.5523560047149658,2.493336,0.679746,1.813590
test,"(92, 224)",292,1,218.0,19.0,0.22018349170684814,2.180074,1.971509,0.208564
test,"(60, 304)",12,1,256.0,2.0,0.87109375,0.377087,0.158460,0.218627
test,"(11, 408)",301,1,97.0,15.0,0.23711340129375458,1.244442,1.285696,-0.041255
test,"(182, 385)",389,1,164.0,3.0,0.7317073345184326,1.097086,0.372342,0.724744
test,"(86, 509)",82,1,203.0,20.0,0.2610837519168854,1.651877,1.651374,0.000503
test,"(133, 133)",175,1,2512.0,71.0,0.19864650070667267,5.424394,4.068548,1.355846
test,"(47, 182)",85,1,79.0,5.0,0.7848101258277893,2.731988,2.065847,0.666141
test,"(232, 13)",133,1,87.0,28.0,0.36781609058380127,4.783351,5.207236,-0.423885
test,"(269, 249)",68,1,60.0,6.0,0.28333333134651184,2.657245,2.011386,0.645859
test,"(39, 46)",43,1,51.0,7.0,0.3333333432674408,3.507111,2.016480,1.490631
test,"(5, 5)",249,1,527.0,39.0,0.36622390151023865,5.543382,5.955930,-0.412548
test,"(88, 78)",234,1,93.0,9.0,0.24731183052062988,4.580971,1.570600,3.010370
test,"(358, 280)",188,1,279.0,2.0,0.9713261723518372,0.643425,0.076835,0.566590
test,"(87, 75)",489,1,491.0,20.0,0.36456212401390076,2.954789,1.100763,1.854026
test,"(79, 12)",65,1,345.0,18.0,0.21449275314807892,2.461556,1.782669,0.678887
test,"(188, 282)",90,1,261.0,15.0,0.7969348430633545,2.546839,0.319398,2.227441
test,"(179, 78)",79,1,127.0,4.0,0.5354330539703369,2.922762,1.233214,1.689549
test,"(175, 265)",1,1,166.0,24.0,0.3012048304080963,3.383883,2.440484,0.943399
test,"(218, 347)",399,1,29.0,8.0,0.6206896305084229,2.511195,3.708170,-1.196975
test,"(13, 196)",218,1,798.0,29.0,0.19298245012760162,5.625339,2.040272,3.585067
test,"(218, 224)",207,1,185.0,20.0,0.3405405282974243,2.500786,1.157761,1.343026
test,"(175, 11)",183,1,54.0,15.0,0.35185185074806213,4.234582,4.572068,-0.337486
test,"(183, 288)",75,1,12.0,1.0,1.0,3.158377,0.162756,2.995621
test,"(178, 68)",7,1,453.0,49.0,0.3002207577228546,2.410352,1.269826,1.140526
test,"(82, 218)",388,1,51.0,11.0,0.3529411852359772,1.941113,3.561222,-1.620109
test,"(11, 189)",320,1,158.0,38.0,0.13924050331115723,7.867401,9.732116,-1.864716
test,"(25, 189)",320,1,709.0,83.0,0.25528913736343384,7.356567,9.510343,-2.153776
test,"(274, 134)",89,1,32.0,9.0,0.375,5.809240,6.249229,-0.439989
test,"(78, 78)",76,1,316.0,10.0,0.7120253443717957,4.920907,3.951635,0.969272
test,"(202, 217)",396,1,57.0,16.0,0.2631579041481018,6.582194,8.787496,-2.205302
test,"(78, 76)",37,1,318.0,41.0,0.12893082201480865,7.058374,9.278925,-2.220551
test,"(180, 134)",35,1,1339.0,86.0,0.08513816446065903,4.070302,4.349474,-0.279173
test,"(452, 134)",19,1,126.0,35.0,0.2380952388048172,4.120109,5.828225,-1.708116
test,"(76, 175)",7,1,578.0,64.0,0.22145329415798187,3.649122,2.832838,0.816284
test,"(218, 388)",269,1,312.0,10.0,0.6314102411270142,1.572359,0.520006,1.052353
test,"(248, 50)",77,1,31.0,3.0,0.9032257795333862,4.335244,6.258864,-1.923620
test,"(13, 88)",11,1,16.0,8.0,0.1875,4.320258,1.994900,2.325358
test,"(11, 289)",13,1,227.0,20.0,0.303964763879776,5.708222,7.379613,-1.671391
test,"(68, 64)",244,1,146.0,8.0,0.5136986374855042,4.748963,0.777258,3.971705
test,"(34, 78)",242,1,351.0,11.0,0.4216524362564087,3.325349,1.179063,2.146286
test,"(17, 434)",382,1,3.0,1.0,1.0,6.814237,6.736490,0.077748
test,"(455, 88)",12,1,470.0,14.0,0.8297872543334961,2.402820,0.278307,2.124514
test,"(426, 232)",12,1,538.0,30.0,0.7342007160186768,1.980858,0.384756,1.596102
test,"(86, 509)",12,1,203.0,20.0,0.2610837519168854,2.419399,1.703920,0.715479
test,"(57, 177)",68,1,2.0,1.0,1.0,1.709227,0.399918,1.309309
test,"(21, 364)",62,1,37.0,5.0,0.7027027010917664,6.550369,5.752523,0.797846
test,"(13, 20)",303,1,416.0,39.0,0.32932692766189575,5.384219,4.423422,0.960797
test,"(325, 272)",282,1,24.0,2.0,0.625,2.984992,1.142890,1.842102
test,"(25, 225)",83,1,142.0,11.0,0.5985915660858154,7.099004,8.067589,-0.968585
test,"(193, 208)",485,1,266.0,22.0,0.6804511547088623,2.705863,2.432413,0.273449
test,"(176, 218)",207,1,17.0,7.0,0.29411765933036804,4.430799,5.755593,-1.324795
test,"(203, 238)",1,1,311.0,37.0,0.2668810188770294,6.737637,5.551348,1.186289
test,"(485, 29)",133,1,344.0,16.0,0.13372093439102173,2.524801,2.249658,0.275143
test,"(251, 238)",365,1,44.0,8.0,0.4318181872367859,2.106039,0.941796,1.164242
test,"(218, 388)",302,1,312.0,10.0,0.6314102411270142,1.573353,2.576249,-1.002896
test,"(311, 230)",245,1,177.0,15.0,0.38418078422546387,4.886600,2.844901,2.041699
test,"(86, 1)",193,1,23.0,6.0,0.5652173757553101,3.565963,3.935256,-0.369294
test,"(214, 87)",207,1,127.0,25.0,0.16535432636737823,8.847276,3.494068,5.353208
test,"(374, 194)",374,1,159.0,1.0,1.0,0.615883,0.050844,0.565039
test,"(8, 60)",266,1,316.0,37.0,0.1139240488409996,4.549850,5.341764,-0.791915
test,"(354, 173)",274,1,134.0,1.0,1.0,3.930545,0.108208,3.822337
test,"(231, 82)",410,1,706.0,15.0,0.3243626058101654,5.434793,3.730630,1.704162
test,"(230, 186)",208,1,102.0,7.0,0.7450980544090271,3.064057,0.401775,2.662281
test,"(20, 82)",134,1,6.0,3.0,0.5,3.751919,1.054454,2.697465
test,"(479, 362)",12,1,47.0,1.0,1.0,1.114536,3.200007,-2.085472
test,"(12, 256)",75,1,519.0,4.0,0.978805422782898,0.812239,0.077623,0.734617
test,"(244, 34)",177,1,4.0,2.0,0.5,3.341059,1.179423,2.161635
test,"(68, 207)",367,1,103.0,2.0,0.9514563083648682,1.476356,0.134093,1.342263
test,"(54, 509)",301,1,402.0,34.0,0.14676617085933685,3.934204,1.988501,1.945703
test,"(269, 134)",385,1,416.0,52.0,0.08653846383094788,3.157729,2.622494,0.535234
test,"(265, 85)",202,1,58.0,2.0,0.6724137663841248,2.641537,0.506649,2.134887
test,"(298, 74)",180,1,488.0,29.0,0.7049180269241333,3.876615,3.662219,0.214396
test,"(230, 76)",175,1,49.0,10.0,0.36734694242477417,3.352775,2.371379,0.981396
test,"(452, 83)",81,1,40.0,3.0,0.8999999761581421,3.737606,0.226238,3.511368
test,"(25, 227)",12,1,209.0,3.0,0.880382776260376,0.526735,0.158349,0.368387
test,"(65, 200)",309,1,162.0,26.0,0.17901234328746796,6.305258,2.228546,4.076712
test,"(299, 433)",347,1,6.0,2.0,0.6666666865348816,1.775961,0.651468,1.124493
test,"(12, 379)",289,1,328.0,25.0,0.20426829159259796,3.774972,1.929454,1.845519
test,"(12, 19)",489,1,677.0,27.0,0.3810930550098419,5.466292,3.934866,1.531426
test,"(14, 18)",15,1,130.0,1.0,1.0,1.618885,0.088605,1.530280
test,"(292, 253)",29,1,1291.0,1.0,1.0,0.065361,0.006605,0.058756
test,"(134, 218)",133,1,269.0,15.0,0.3828996419906616,1.775957,1.009636,0.766321
test,"(49, 237)",77,1,118.0,7.0,0.9067796468734741,2.278067,0.189549,2.088519
test,"(176, 88)",7,1,348.0,23.0,0.29885056614875793,2.805897,1.310804,1.495093
test,"(278, 467)",82,1,19.0,5.0,0.5789473652839661,3.272454,0.668679,2.603775
test,"(36, 278)",467,1,24.0,7.0,0.3333333432674408,6.816479,1.295980,5.520498
test,"(32, 35)",35,1,103.0,11.0,0.5339806079864502,3.522631,2.849165,0.673467
test,"(222, 185)",66,1,152.0,1.0,1.0,2.916320,0.103981,2.812339
test,"(1, 134)",32,1,394.0,42.0,0.2690355181694031,3.313668,3.953497,-0.639829
test,"(66, 67)",17,1,1.0,1.0,1.0,7.028461,6.764724,0.263737
test,"(49, 36)",45,1,257.0,34.0,0.1750972718000412,2.223024,4.204608,-1.981584
test,"(237, 77)",176,1,277.0,3.0,0.5487364530563354,1.950381,1.040965,0.909416
test,"(51, 36)",49,1,221.0,23.0,0.3212669789791107,2.336269,1.201864,1.134406
test,"(35, 36)",43,1,206.0,20.0,0.3203883469104767,3.024126,1.229378,1.794748
test,"(363, 32)",50,1,5.0,3.0,0.4000000059604645,2.981125,1.393320,1.587805
test,"(32, 51)",36,1,166.0,17.0,0.2469879537820816,1.580855,1.419063,0.161791
test,"(34, 36)",50,1,97.0,12.0,0.4020618498325348,3.312169,2.603085,0.709084
test,"(134, 52)",47,1,191.0,13.0,0.3403141498565674,4.871962,4.923940,-0.051979
test,"(20, 68)",20,1,20.0,4.0,0.800000011920929,5.785567,7.829206,-2.043638
test,"(66, 17)",68,1,7.0,3.0,0.5714285969734192,4.184900,4.985841,-0.800940
test,"(418, 134)",80,1,261.0,13.0,0.4406130313873291,3.832388,1.526927,2.305461
test,"(217, 82)",1,1,303.0,54.0,0.09570956975221634,4.977097,6.148113,-1.171016
test,"(7, 63)",32,1,303.0,39.0,0.2013201266527176,4.304887,2.344070,1.960817
test,"(43, 52)",44,1,37.0,3.0,0.45945945382118225,4.280718,0.922777,3.357941
test,"(440, 32)",83,1,36.0,1.0,1.0,3.081437,0.118346,2.963091
test,"(51, 194)",202,1,4.0,4.0,0.25,4.482567,3.666292,0.816276
test,"(49, 237)",77,1,118.0,7.0,0.9067796468734741,2.224003,0.188861,2.035142
test,"(43, 51)",36,1,39.0,7.0,0.3589743673801422,1.687814,1.109387,0.578427
test,"(418, 134)",80,1,261.0,13.0,0.4406130313873291,3.617437,1.524539,2.092898
test,"(13, 80)",84,1,96.0,2.0,0.9791666865348816,0.758780,0.075945,0.682835
test,"(176, 88)",7,1,348.0,23.0,0.29885056614875793,3.112935,1.316749,1.796185
test,"(231, 355)",177,1,102.0,4.0,0.8627451062202454,2.083499,0.240390,1.843109
test,"(32, 47)",40,1,172.0,11.0,0.7441860437393188,2.401670,0.389281,2.012389
test,"(77, 66)",230,1,688.0,38.0,0.26889535784721375,4.256840,1.413575,2.843265
test,"(231, 355)",177,1,102.0,4.0,0.8627451062202454,1.791905,0.235044,1.556860
test,"(316, 87)",72,1,55.0,2.0,0.8363636136054993,3.654380,0.296225,3.358155
test,"(63, 474)",32,1,112.0,23.0,0.1696428507566452,4.515982,1.891190,2.624792
test,"(40, 62)",33,1,76.0,11.0,0.44736841320991516,4.992764,0.928812,4.063952
test,"(218, 195)",311,1,770.0,13.0,0.4259740114212036,2.277929,2.048770,0.229159
test,"(26, 133)",133,1,602.0,21.0,0.45348837971687317,0.848470,1.719345,-0.870875
test,"(47, 40)",62,1,156.0,35.0,0.4166666567325592,3.954641,0.972868,2.981774
test,"(43, 92)",14,1,20.0,3.0,0.6000000238418579,4.923147,0.675559,4.247588
test,"(13, 79)",190,1,945.0,28.0,0.16613756120204926,2.567800,1.848252,0.719549
test,"(11, 134)",43,1,2212.0,121.0,0.059222422540187836,4.556786,3.836353,0.720433
test,"(266, 64)",368,1,90.0,5.0,0.46666666865348816,5.143705,2.600753,2.542952
test,"(62, 79)",77,1,771.0,35.0,0.29571983218193054,5.575746,7.758257,-2.182511
test,"(79, 190)",71,1,485.0,8.0,0.6701030731201172,1.238785,0.458382,0.780403
test,"(72, 424)",62,1,32.0,4.0,0.5625,2.128618,4.255491,-2.126873
test,"(82, 410)",456,1,397.0,38.0,0.30478590726852417,6.014779,3.723854,2.290924
test,"(82, 456)",228,1,85.0,21.0,0.23529411852359772,5.185715,5.503984,-0.318270
test,"(473, 62)",88,1,54.0,9.0,0.5,5.747687,7.490774,-1.743087
test,"(287, 68)",58,1,124.0,19.0,0.3790322542190552,4.189216,1.085733,3.103483
test,"(84, 188)",456,1,216.0,26.0,0.17129629850387573,6.081991,5.185794,0.896198
test,"(460, 278)",76,1,32.0,9.0,0.25,3.867363,1.570411,2.296952
test,"(196, 456)",194,1,45.0,10.0,0.31111112236976624,3.718259,4.212378,-0.494120
test,"(278, 448)",426,1,4.0,2.0,0.75,3.018154,1.534748,1.483406
test,"(483, 62)",179,1,6.0,3.0,0.6666666865348816,4.244514,3.133797,1.110717
test,"(47, 52)",51,1,24.0,7.0,0.3333333432674408,3.476655,1.254705,2.221950
test,"(8, 343)",249,1,249.0,29.0,0.2530120611190796,4.200724,6.448855,-2.248131
test,"(190, 405)",258,1,112.0,22.0,0.25,6.764430,8.829526,-2.065095
test,"(92, 313)",189,1,10.0,2.0,0.8999999761581421,3.253284,0.291629,2.961655
test,"(62, 90)",72,1,1.0,1.0,1.0,4.977177,4.480431,0.496745
test,"(71, 8)",133,1,78.0,17.0,0.12820513546466827,2.697705,2.585200,0.112505
test,"(202, 62)",71,1,478.0,44.0,0.12133891135454178,4.632769,4.196095,0.436674
test,"(77, 223)",249,1,586.0,45.0,0.12457337975502014,7.963278,9.809240,-1.845962
test,"(60, 11)",264,1,485.0,48.0,0.09690721333026886,3.564779,3.684093,-0.119314
test,"(82, 6)",60,1,164.0,18.0,0.23170731961727142,2.784721,1.735663,1.049058
test,"(197, 6)",25,1,14.0,5.0,0.6428571343421936,2.509241,2.220624,0.288617
test,"(462, 92)",313,1,53.0,6.0,0.698113203048706,6.611752,8.223889,-1.612137
test,"(16, 92)",59,1,29.0,12.0,0.17241379618644714,3.512565,5.527292,-2.014727
test,"(82, 25)",224,1,913.0,60.0,0.1489594727754593,3.647425,3.047177,0.600247
test,"(25, 29)",19,1,202.0,8.0,0.3316831588745117,10.703112,12.703798,-2.000686
test,"(356, 193)",194,1,129.0,21.0,0.23255814611911774,4.020846,2.085029,1.935818
test,"(308, 258)",200,1,18.0,6.0,0.3888888955116272,3.665311,2.003742,1.661569
test,"(265, 213)",322,1,2.0,2.0,0.5,7.609780,6.558806,1.050975
test,"(6, 256)",242,1,3.0,1.0,1.0,1.631721,0.312267,1.319453
test,"(8, 193)",194,1,697.0,38.0,0.19368723034858704,3.904558,3.797346,0.107212
test,"(437, 7)",179,1,519.0,60.0,0.09441233426332474,5.100614,4.979172,0.121443
test,"(186, 511)",7,1,499.0,3.0,0.9218437075614929,0.175169,0.087726,0.087443
test,"(34, 34)",52,1,18.0,1.0,1.0,7.179611,9.264153,-2.084542
test,"(408, 301)",192,1,412.0,1.0,1.0,1.953228,0.091001,1.862228
test,"(367, 199)",31,1,850.0,21.0,0.36352941393852234,3.687764,1.109348,2.578416
test,"(185, 219)",64,1,257.0,29.0,0.5136186480522156,5.859534,8.095941,-2.236407
test,"(400, 47)",64,1,10.0,3.0,0.800000011920929,4.407534,0.416013,3.991520
test,"(180, 337)",195,1,340.0,35.0,0.520588219165802,6.520035,3.186971,3.333064
test,"(110, 409)",221,1,137.0,14.0,0.5328466892242432,2.278883,2.455304,-0.176421
test,"(195, 189)",258,1,78.0,6.0,0.4743589758872986,6.111519,8.161281,-2.049762
test,"(387, 259)",169,1,7.0,6.0,0.2857142984867096,15.172803,11.488471,3.684332
test,"(49, 255)",483,1,239.0,13.0,0.45606693625450134,2.440621,0.872870,1.567751
test,"(269, 189)",375,1,93.0,15.0,0.31182795763015747,7.926906,9.139595,-1.212689
test,"(241, 330)",13,1,308.0,30.0,0.26298701763153076,3.900330,1.791981,2.108349
test,"(175, 214)",87,1,21.0,2.0,0.8571428656578064,3.716781,0.292910,3.423871
test,"(8, 311)",26,1,225.0,21.0,0.5822222232818604,1.815322,0.607035,1.208287
test,"(291, 189)",186,1,740.0,19.0,0.47162163257598877,1.527156,0.804948,0.722209
test,"(291, 189)",186,1,740.0,19.0,0.47162163257598877,1.414023,0.799147,0.614875
test,"(253, 272)",252,1,1204.0,2.0,0.9493355751037598,0.098205,0.056023,0.042182
test,"(29, 325)",208,1,347.0,7.0,0.38040345907211304,1.594826,1.010592,0.584234
test,"(29, 133)",245,1,434.0,16.0,0.20506912469863892,2.857749,1.664093,1.193656
test,"(245, 189)",14,1,102.0,16.0,0.529411792755127,3.876187,0.744581,3.131606
test,"(78, 479)",58,1,335.0,41.0,0.16417910158634186,5.674016,3.882775,1.791241
test,"(226, 284)",14,1,9.0,1.0,1.0,0.648079,0.109166,0.538913
test,"(287, 12)",17,1,340.0,8.0,0.3735294044017792,2.363286,1.065787,1.297499
test,"(12, 64)",234,1,135.0,6.0,0.8518518805503845,1.188794,0.231358,0.957435
test,"(118, 476)",502,1,186.0,5.0,0.6774193644523621,1.377005,0.453195,0.923811
test,"(291, 189)",195,1,740.0,19.0,0.47162163257598877,2.161214,2.860348,-0.699134
test,"(179, 202)",188,1,10.0,2.0,0.800000011920929,5.810646,0.423066,5.387580
test,"(310, 279)",26,1,357.0,22.0,0.31092438101768494,2.841121,2.455478,0.385644
test,"(213, 66)",180,1,59.0,6.0,0.6779661178588867,5.462687,2.062880,3.399807
test,"(185, 219)",259,1,257.0,29.0,0.5136186480522156,5.792329,6.396661,-0.604332
test,"(270, 199)",354,1,399.0,53.0,0.11278195679187775,5.599252,3.833004,1.766248
test,"(46, 235)",70,1,20.0,1.0,1.0,3.427063,0.135281,3.291783
test,"(237, 77)",243,1,277.0,3.0,0.5487364530563354,2.216098,0.687778,1.528320
test,"(321, 180)",199,1,132.0,11.0,0.6439393758773804,2.834690,2.324748,0.509942
test,"(186, 225)",350,1,86.0,20.0,0.20930232107639313,9.118913,11.262198,-2.143285
test,"(270, 199)",78,1,399.0,53.0,0.11278195679187775,5.413448,3.802483,1.610965
test,"(184, 26)",245,1,32.0,9.0,0.28125,2.387286,2.513054,-0.125769
test,"(78, 393)",398,1,217.0,17.0,0.6313363909721375,3.102898,0.551432,2.551466
test,"(77, 68)",248,1,681.0,22.0,0.3186490535736084,1.825460,1.193518,0.631942
test,"(270, 134)",385,1,117.0,22.0,0.24786324799060822,4.767630,1.517303,3.250328
test,"(26, 245)",134,1,150.0,23.0,0.2133333384990692,2.229917,2.868536,-0.638619
test,"(218, 186)",207,1,1021.0,27.0,0.46523016691207886,1.810061,0.828892,0.981170
test,"(202, 188)",67,1,64.0,3.0,0.6875,2.905104,1.639108,1.265996
test,"(459, 11)",391,1,27.0,9.0,0.25925925374031067,3.590764,1.715620,1.875144
test,"(391, 459)",51,1,117.0,15.0,0.1794871836900711,3.506917,2.168356,1.338561
test,"(360, 501)",25,1,369.0,43.0,0.4878048896789551,2.110931,1.972852,0.138079
test,"(25, 199)",127,1,2122.0,114.0,0.12205466628074646,4.269181,2.164714,2.104468
test,"(201, 134)",260,1,212.0,27.0,0.22641509771347046,4.363092,1.591950,2.771142
test,"(414, 229)",409,1,43.0,14.0,0.3255814015865326,3.693065,2.542878,1.150186
test,"(501, 25)",199,1,66.0,11.0,0.3636363744735718,1.591599,1.034793,0.556806
test,"(459, 301)",190,1,34.0,2.0,0.529411792755127,1.955561,0.860087,1.095473
test,"(199, 127)",153,1,615.0,41.0,0.17398373782634735,3.356864,2.580334,0.776531
test,"(254, 119)",238,1,418.0,21.0,0.4617224931716919,3.838420,1.920953,1.917467
test,"(387, 25)",199,1,64.0,13.0,0.28125,1.152822,1.217526,-0.064704
test,"(25, 199)",65,1,2122.0,114.0,0.12205466628074646,2.215065,3.324902,-1.109837
test,"(317, 23)",480,0,0.0,0.0,0.0,7.455807,4.563547,2.892260
test,"(25, 199)",17,1,2122.0,114.0,0.12205466628074646,3.430766,2.931029,0.499737
test,"(11, 195)",399,1,537.0,36.0,0.4711359441280365,4.779837,3.497715,1.282123
test,"(291, 230)",90,1,196.0,22.0,0.29591837525367737,2.533624,1.296618,1.237006
test,"(70, 428)",76,1,183.0,5.0,0.6666666865348816,4.163019,0.509477,3.653541
test,"(51, 459)",51,1,243.0,20.0,0.3086419701576233,4.240732,4.519248,-0.278516
test,"(192, 317)",6,1,71.0,7.0,0.8309859037399292,2.587205,0.287956,2.299249
test,"(459, 35)",279,1,16.0,2.0,0.75,7.676476,7.302474,0.374002
test,"(90, 245)",194,1,50.0,9.0,0.47999998927116394,4.018980,3.666961,0.352018
test,"(400, 13)",246,1,80.0,16.0,0.1875,6.076190,4.225876,1.850314
test,"(7, 218)",195,1,584.0,25.0,0.23458904027938843,3.831413,2.001059,1.830354
test,"(51, 64)",70,1,60.0,3.0,0.5,2.674151,0.943815,1.730336
test,"(310, 88)",189,1,294.0,10.0,0.6972789168357849,1.811297,0.442649,1.368648
test,"(191, 205)",188,1,179.0,1.0,1.0,2.002989,0.094182,1.908807
test,"(51, 459)",51,1,243.0,20.0,0.3086419701576233,4.152695,4.507162,-0.354468
test,"(11, 193)",134,1,608.0,39.0,0.24013157188892365,2.245642,1.465079,0.780563
test,"(402, 51)",459,1,16.0,2.0,0.75,2.162139,1.616841,0.545298
test,"(313, 91)",134,1,629.0,37.0,0.4101748764514923,3.577846,1.602654,1.975192
test,"(459, 51)",205,1,18.0,1.0,1.0,5.525129,6.943393,-1.418264
test,"(51, 459)",35,1,243.0,20.0,0.3086419701576233,4.498941,2.972416,1.526525
test,"(183, 190)",236,1,209.0,4.0,0.980861246585846,2.135325,0.113247,2.022078
test,"(428, 76)",315,1,150.0,34.0,0.25333333015441895,8.484554,2.207816,6.276738
test,"(14, 383)",13,1,5.0,1.0,1.0,4.204430,6.450428,-2.245999
test,"(134, 73)",84,1,548.0,11.0,0.7281022071838379,0.872407,0.357230,0.515177
test,"(71, 60)",489,1,15.0,7.0,0.2666666805744171,5.484880,6.248825,-0.763944
test,"(509, 362)",362,1,5.0,1.0,1.0,1.213137,0.175302,1.037835
test,"(197, 309)",325,1,63.0,11.0,0.2539682686328888,2.707695,2.771845,-0.064150
test,"(303, 83)",12,1,58.0,2.0,0.982758641242981,1.178794,0.100721,1.078073
test,"(86, 12)",17,1,664.0,27.0,0.22590361535549164,2.594164,2.800296,-0.206131
test,"(266, 71)",261,1,316.0,7.0,0.8196202516555786,2.122591,0.290050,1.832541
test,"(310, 322)",217,1,357.0,15.0,0.918767511844635,0.651186,0.124052,0.527134
test,"(304, 12)",227,1,1230.0,20.0,0.43252032995224,2.403123,0.920764,1.482359
test,"(12, 227)",12,1,713.0,4.0,0.9943898916244507,0.290233,0.029514,0.260719
test,"(82, 66)",206,1,525.0,23.0,0.46095237135887146,4.298970,2.191352,2.107618
test,"(12, 88)",12,1,222.0,3.0,0.9234234094619751,1.283274,0.154371,1.128903
test,"(12, 88)",12,1,222.0,3.0,0.9234234094619751,0.999351,0.143809,0.855542
test,"(68, 76)",60,1,469.0,22.0,0.26439231634140015,4.190723,2.031720,2.159003
test,"(489, 12)",65,1,628.0,16.0,0.20859873294830322,2.155977,1.734285,0.421692
test,"(21, 213)",88,1,56.0,6.0,0.8571428656578064,1.673716,0.239563,1.434153
test,"(178, 304)",12,1,58.0,2.0,0.8965517282485962,0.137892,0.107662,0.030229
test,"(14, 18)",15,1,130.0,1.0,1.0,1.900966,0.093940,1.807027
test,"(355, 222)",68,1,146.0,1.0,1.0,0.439494,0.039403,0.400091
test,"(24, 364)",60,1,68.0,1.0,1.0,0.271430,0.029443,0.241987
test,"(65, 75)",322,1,433.0,10.0,0.6766743659973145,1.506682,0.461766,1.044916
test,"(227, 12)",76,1,1258.0,27.0,0.3298887014389038,2.946775,1.197223,1.749551
test,"(457, 442)",287,1,182.0,2.0,0.9615384340286255,0.783152,0.093867,0.689285
test,"(12, 450)",12,1,720.0,20.0,0.6152777671813965,0.720252,0.487660,0.232593
test,"(304, 12)",227,1,1230.0,20.0,0.43252032995224,2.871893,0.929299,1.942595
test,"(310, 322)",217,1,357.0,15.0,0.918767511844635,0.487549,0.113612,0.373937
test,"(178, 76)",13,1,580.0,50.0,0.12586206197738647,3.215064,2.201126,1.013938
test,"(469, 199)",65,1,358.0,42.0,0.2821229100227356,3.739997,1.354965,2.385032
test,"(479, 14)",20,1,128.0,10.0,0.5234375,2.053743,0.731958,1.321785
test,"(208, 50)",197,1,55.0,11.0,0.3272727131843567,3.470393,1.651428,1.818965
test,"(134, 474)",69,1,402.0,56.0,0.17910447716712952,3.724324,3.794262,-0.069938
test,"(13, 71)",198,1,165.0,9.0,0.27878788113594055,4.339812,1.391595,2.948217
test,"(44, 64)",87,1,120.0,8.0,0.4833333194255829,6.293763,0.843083,5.450679
test,"(12, 20)",281,1,522.0,18.0,0.7471264600753784,0.420449,0.299722,0.120727
test,"(20, 15)",362,1,309.0,38.0,0.1877022683620453,3.345758,1.756322,1.589436
test,"(12, 462)",358,1,236.0,30.0,0.3050847351551056,4.021953,1.270472,2.751481
test,"(134, 73)",84,1,548.0,11.0,0.7281022071838379,0.254971,0.307462,-0.052491
test,"(134, 188)",69,1,250.0,10.0,0.31200000643730164,3.841210,1.676232,2.164978
test,"(185, 82)",411,1,277.0,14.0,0.30685919523239136,2.676583,1.656402,1.020180
test,"(253, 272)",252,1,1204.0,2.0,0.9493355751037598,0.055066,0.051806,0.003260
test,"(208, 485)",510,1,347.0,16.0,0.2046109437942505,6.528166,4.743837,1.784329
test,"(76, 176)",202,1,129.0,17.0,0.604651153087616,4.847981,0.613681,4.234300
test,"(92, 272)",252,1,128.0,2.0,0.890625,0.092520,0.108546,-0.016026
test,"(188, 70)",428,1,100.0,3.0,0.8299999833106995,6.551363,0.299806,6.251558
test,"(253, 272)",252,1,1204.0,2.0,0.9493355751037598,0.112488,0.057384,0.055105
test,"(227, 12)",76,1,1258.0,27.0,0.3298887014389038,3.079069,1.199380,1.879689
test,"(287, 12)",19,1,340.0,8.0,0.3735294044017792,3.768623,1.834035,1.934588
test,"(182, 76)",60,1,201.0,11.0,0.2636815905570984,4.992942,1.989511,3.003431
test,"(15, 362)",362,1,115.0,4.0,0.7652173638343811,0.410451,0.278529,0.131922
test,"(12, 450)",334,1,720.0,20.0,0.6152777671813965,2.894089,2.869876,0.024213
test,"(222, 68)",296,1,622.0,46.0,0.28938907384872437,3.891395,1.338627,2.552768
test,"(438, 293)",188,1,157.0,1.0,1.0,1.110125,0.072666,1.037459
test,"(66, 464)",310,1,323.0,9.0,0.8544891476631165,0.528035,0.183810,0.344225
test,"(247, 87)",12,1,394.0,36.0,0.2842639684677124,1.260751,1.256362,0.004390
test,"(6, 434)",199,1,246.0,8.0,0.9024389982223511,0.751394,0.144710,0.606683
test,"(64, 182)",274,1,199.0,30.0,0.3668341636657715,2.006055,1.050992,0.955063
test,"(6, 92)",63,1,282.0,31.0,0.28014183044433594,3.186789,1.353476,1.833313
test,"(16, 506)",12,1,68.0,6.0,0.6470588445663452,0.320220,1.179058,-0.858838
test,"(75, 70)",304,1,225.0,17.0,0.2755555510520935,4.696342,2.102283,2.594059
test,"(423, 7)",83,1,37.0,15.0,0.10810811072587967,3.235630,3.118165,0.117465
test,"(272, 252)",227,1,2224.0,26.0,0.254046767950058,1.867392,1.404944,0.462449
test,"(75, 178)",309,1,384.0,35.0,0.1510416716337204,2.556813,3.028082,-0.471269
test,"(208, 253)",272,1,1496.0,16.0,0.8041443824768066,0.101874,0.202625,-0.100751
test,"(282, 268)",291,1,265.0,1.0,1.0,0.199188,0.020328,0.178859
test,"(426, 232)",12,1,538.0,30.0,0.7342007160186768,0.327018,0.302554,0.024464
test,"(134, 296)",345,1,549.0,6.0,0.8706739544868469,0.193887,0.142787,0.051101
test,"(292, 184)",248,1,20.0,1.0,1.0,9.169818,8.867057,0.302761
test,"(208, 184)",248,1,20.0,1.0,1.0,7.750821,8.658859,-0.908038
test,"(498, 66)",464,1,317.0,1.0,1.0,1.031792,0.068719,0.963073
test,"(30, 337)",60,1,3.0,1.0,1.0,2.533236,0.299006,2.234231
test,"(362, 12)",450,1,677.0,17.0,0.43279173970222473,4.601775,2.997764,1.604012
test,"(178, 489)",12,1,23.0,1.0,1.0,0.077759,0.013345,0.064414
test,"(464, 310)",322,1,276.0,1.0,1.0,0.389003,0.034758,0.354245
test,"(304, 12)",227,1,1230.0,20.0,0.43252032995224,2.653800,0.925812,1.727989
test,"(217, 397)",15,1,69.0,2.0,0.9855072498321533,2.611502,0.120398,2.491104
test,"(281, 14)",18,1,205.0,9.0,0.2536585330963135,2.761963,1.461646,1.300317
test,"(25, 82)",66,1,81.0,2.0,0.9135802388191223,5.418492,0.204864,5.213628
test,"(12, 379)",309,1,328.0,25.0,0.20426829159259796,4.440584,2.458209,1.982375
test,"(253, 29)",195,1,1481.0,23.0,0.18568535149097443,7.672296,3.266398,4.405898
test,"(256, 76)",341,1,202.0,16.0,0.5643564462661743,7.432218,3.944852,3.487366
test,"(11, 186)",134,1,483.0,43.0,0.4057970941066742,1.461773,0.927192,0.534581
test,"(186, 134)",196,1,1054.0,89.0,0.07020872831344604,4.945169,3.555053,1.390116
test,"(366, 67)",32,1,359.0,22.0,0.688022255897522,1.899791,0.456413,1.443378
test,"(343, 134)",31,1,126.0,35.0,0.3492063581943512,2.025804,1.119644,0.906160
test,"(8, 186)",134,1,783.0,44.0,0.17496807873249054,1.652707,1.707993,-0.055286
test,"(386, 77)",7,1,319.0,21.0,0.4890282154083252,3.508571,0.816109,2.692463
test,"(11, 195)",225,1,537.0,36.0,0.4711359441280365,4.203680,6.201778,-1.998098
test,"(47, 64)",88,1,75.0,3.0,0.9733333587646484,1.998394,0.123965,1.874429
test,"(34, 400)",301,1,353.0,27.0,0.37960338592529297,1.782228,3.093099,-1.310872
test,"(435, 11)",363,1,37.0,12.0,0.3513513505458832,4.153648,3.380991,0.772657
test,"(58, 60)",29,1,543.0,17.0,0.2688766121864319,3.976610,1.751534,2.225077
test,"(134, 454)",217,1,253.0,28.0,0.3754940629005432,2.187785,0.998109,1.189676
test,"(354, 179)",134,1,304.0,37.0,0.2697368562221527,3.037266,1.523265,1.514001
test,"(33, 78)",479,1,93.0,5.0,0.44086021184921265,3.022073,2.007417,1.014656
test,"(134, 340)",8,1,260.0,42.0,0.1846153885126114,3.924632,3.806122,0.118510
test,"(218, 133)",245,1,665.0,16.0,0.2586466073989868,3.668489,2.455176,1.213313
test,"(30, 13)",182,1,485.0,46.0,0.12783505022525787,2.541981,2.299089,0.242892
test,"(25, 325)",134,1,4.0,2.0,0.75,1.323169,0.553110,0.770058
test,"(401, 30)",13,1,57.0,1.0,1.0,0.281332,0.027923,0.253410
test,"(134, 454)",217,1,253.0,28.0,0.3754940629005432,1.826720,0.984962,0.841758
test,"(236, 314)",205,1,5.0,2.0,0.6000000238418579,7.093687,0.894123,6.199564
test,"(81, 178)",25,1,699.0,49.0,0.23032903671264648,2.636691,1.821589,0.815102
test,"(69, 286)",314,1,439.0,32.0,0.20501138269901276,9.667945,5.933765,3.734180
test,"(214, 87)",11,1,127.0,25.0,0.16535432636737823,3.821107,2.712564,1.108543
test,"(26, 258)",190,1,1.0,1.0,1.0,1.362782,1.092420,0.270362
test,"(207, 218)",343,1,625.0,13.0,0.2671999931335449,2.604345,2.537402,0.066943
test,"(245, 418)",225,1,95.0,15.0,0.2631579041481018,4.914271,5.095703,-0.181432
test,"(82, 7)",79,1,678.0,82.0,0.07669616490602493,3.824237,3.247319,0.576918
test,"(218, 186)",207,1,1021.0,27.0,0.46523016691207886,1.816029,0.829115,0.986915
test,"(11, 195)",194,1,537.0,36.0,0.4711359441280365,4.461392,3.381464,1.079929
test,"(445, 82)",11,1,88.0,19.0,0.1931818127632141,3.760880,3.209752,0.551128
test,"(195, 267)",471,1,90.0,2.0,0.8222222328186035,0.107812,0.188829,-0.081018
test,"(32, 83)",7,1,487.0,31.0,0.30595481395721436,5.126901,5.610655,-0.483755
test,"(70, 434)",303,1,2.0,1.0,1.0,6.719328,0.570920,6.148407
test,"(8, 291)",189,1,1310.0,44.0,0.3946564793586731,1.433332,0.949313,0.484020
test,"(363, 344)",82,1,142.0,22.0,0.15492957830429077,1.301765,1.645487,-0.343722
test,"(88, 34)",344,1,187.0,7.0,0.5935828685760498,1.767503,0.595461,1.172042
test,"(290, 286)",72,1,264.0,1.0,1.0,0.543847,0.044373,0.499474
test,"(358, 280)",188,1,279.0,2.0,0.9713261723518372,1.147851,0.099571,1.048279
test,"(342, 11)",195,1,96.0,20.0,0.3125,2.520670,3.340273,-0.819603
test,"(82, 11)",134,1,676.0,62.0,0.21301774680614471,1.827757,1.522256,0.305500
test,"(287, 25)",134,1,31.0,4.0,0.8064516186714172,1.979847,2.399228,-0.419381
test,"(217, 34)",344,1,105.0,5.0,0.380952388048172,1.502221,1.111673,0.390549
test,"(325, 134)",372,1,187.0,36.0,0.1978609561920166,4.285234,2.791505,1.493729
test,"(175, 77)",299,1,144.0,2.0,0.6666666865348816,2.411738,0.503195,1.908543
test,"(344, 11)",325,1,66.0,14.0,0.28787878155708313,4.886930,2.054175,2.832755
test,"(188, 67)",259,1,483.0,38.0,0.3188405930995941,4.183745,4.643862,-0.460117
test,"(504, 82)",33,1,279.0,42.0,0.18637992441654205,5.849627,1.795405,4.054222
test,"(88, 13)",69,1,266.0,49.0,0.1428571492433548,1.973191,2.977536,-1.004344
test,"(331, 7)",90,1,63.0,6.0,0.761904776096344,2.195123,0.371819,1.823304
test,"(502, 285)",119,1,139.0,3.0,0.9280575513839722,1.094870,0.142715,0.952155
test,"(287, 25)",134,1,31.0,4.0,0.8064516186714172,2.101782,2.416842,-0.315060
test,"(283, 11)",249,1,54.0,8.0,0.29629629850387573,3.824915,1.353738,2.471177
test,"(261, 33)",88,1,38.0,1.0,1.0,1.420526,0.093640,1.326886
test,"(78, 188)",13,1,657.0,14.0,0.5190258622169495,2.946755,0.749476,2.197279
test,"(68, 218)",186,1,49.0,7.0,0.4693877696990967,1.105374,1.496405,-0.391030
test,"(245, 297)",230,1,132.0,1.0,1.0,0.449389,0.039574,0.409815
test,"(77, 182)",261,1,22.0,1.0,1.0,3.440510,0.134614,3.305896
test,"(44, 326)",469,1,14.0,7.0,0.2857142984867096,6.643594,1.560319,5.083275
test,"(344, 58)",236,1,39.0,5.0,0.5128205418586731,5.581546,0.809049,4.772498
test,"(299, 33)",88,1,23.0,1.0,1.0,0.605179,0.070193,0.534986
test,"(33, 88)",34,1,421.0,23.0,0.31353920698165894,2.878259,1.248368,1.629892
test,"(189, 245)",269,1,641.0,35.0,0.16380655765533447,1.755135,1.921597,-0.166462
test,"(88, 34)",344,1,187.0,7.0,0.5935828685760498,1.525020,0.586997,0.938022
test,"(13, 196)",218,1,798.0,29.0,0.19298245012760162,4.189475,2.031427,2.158048
test,"(311, 189)",193,1,159.0,20.0,0.29559749364852905,2.496559,2.245320,0.251239
test,"(13, 179)",192,1,507.0,15.0,0.20512820780277252,3.311996,3.016183,0.295813
test,"(269, 213)",182,1,105.0,20.0,0.190476194024086,2.523126,1.854634,0.668491
test,"(192, 13)",79,1,95.0,23.0,0.1894736886024475,2.597815,2.487385,0.110430
test,"(11, 325)",337,1,110.0,25.0,0.16363635659217834,5.276640,2.562008,2.714632
test,"(325, 337)",236,1,10.0,1.0,1.0,5.486838,0.181272,5.305566
test,"(182, 85)",13,1,323.0,22.0,0.16408668458461761,4.155366,1.980353,2.175013
test,"(8, 291)",303,1,1310.0,44.0,0.3946564793586731,6.459987,5.550976,0.909011
test,"(192, 13)",79,1,95.0,23.0,0.1894736886024475,2.816059,2.505099,0.310961
test,"(189, 363)",400,1,107.0,11.0,0.336448609828949,1.004492,1.074678,-0.070186
test,"(173, 242)",411,1,235.0,11.0,0.8936170339584351,1.778386,0.195652,1.582735
test,"(51, 68)",242,1,276.0,6.0,0.6557971239089966,6.093250,2.871666,3.221584
test,"(250, 25)",323,1,151.0,11.0,0.41059601306915283,0.398137,0.830613,-0.432476
test,"(81, 76)",11,1,186.0,29.0,0.1827957034111023,4.899113,5.984193,-1.085080
test,"(243, 207)",25,1,2.0,1.0,1.0,3.772931,5.489939,-1.717008
test,"(180, 408)",301,1,606.0,15.0,0.5808581113815308,0.438082,0.522930,-0.084848
test,"(134, 35)",192,1,676.0,36.0,0.417159765958786,1.119134,0.882990,0.236144
test,"(180, 230)",67,1,289.0,62.0,0.12802767753601074,6.449760,5.126302,1.323458
test,"(69, 64)",483,1,402.0,9.0,0.8482587337493896,2.096905,0.254996,1.841909
test,"(303, 175)",8,1,202.0,15.0,0.3217821717262268,4.193236,6.229241,-2.036005
test,"(352, 134)",21,1,209.0,52.0,0.13875597715377808,4.782898,4.923280,-0.140382
test,"(134, 474)",197,1,402.0,56.0,0.17910447716712952,4.718315,6.974205,-2.255889
test,"(92, 14)",70,1,103.0,22.0,0.24271844327449799,7.090376,3.882232,3.208144
test,"(133, 193)",302,1,587.0,35.0,0.16013628244400024,3.153333,2.142724,1.010609
test,"(8, 134)",5,1,251.0,40.0,0.1434262990951538,4.399137,3.053053,1.346084
test,"(134, 68)",53,1,722.0,31.0,0.2506925165653229,7.569860,9.137511,-1.567651
test,"(134, 5)",5,1,588.0,14.0,0.896258533000946,1.018328,0.163759,0.854569
test,"(189, 193)",269,1,480.0,33.0,0.19166666269302368,1.686841,1.649591,0.037251
test,"(193, 269)",289,1,373.0,37.0,0.2252010703086853,4.719972,4.076755,0.643216
test,"(289, 180)",249,1,27.0,6.0,0.4444444477558136,3.272126,1.250078,2.022048
test,"(281, 309)",224,1,129.0,16.0,0.1705426424741745,1.896781,2.046456,-0.149675
test,"(309, 264)",189,1,106.0,4.0,0.5754716992378235,3.304999,1.310104,1.994895
test,"(64, 244)",284,1,173.0,25.0,0.2023121416568756,4.511853,2.383190,2.128663
test,"(264, 208)",253,1,291.0,23.0,0.5017182230949402,0.730295,0.650870,0.079425
test,"(378, 12)",457,1,576.0,3.0,0.9444444179534912,0.892983,0.116603,0.776380
test,"(12, 75)",70,1,244.0,9.0,0.9098360538482666,3.475221,0.198615,3.276605
test,"(179, 250)",92,1,204.0,18.0,0.406862735748291,0.773308,0.848543,-0.075235
test,"(208, 355)",185,1,225.0,1.0,1.0,0.276392,0.026354,0.250038
test,"(12, 71)",300,1,506.0,5.0,0.7272727489471436,0.648645,0.348221,0.300424
test,"(378, 12)",457,1,576.0,3.0,0.9444444179534912,0.592353,0.100596,0.491756
test,"(304, 397)",462,1,291.0,6.0,0.32302406430244446,2.101812,1.192284,0.909528
test,"(201, 305)",172,1,7.0,5.0,0.2857142984867096,1.753029,1.601971,0.151059
test,"(282, 63)",86,1,192.0,25.0,0.2552083432674408,3.044565,1.451700,1.592865
test,"(213, 88)",12,1,500.0,9.0,0.8040000200271606,0.576173,0.248393,0.327780
test,"(450, 6)",305,1,19.0,6.0,0.5789473652839661,4.280746,2.788757,1.491990
test,"(134, 5)",5,1,588.0,14.0,0.896258533000946,1.456058,0.178957,1.277101
test,"(203, 229)",212,1,312.0,29.0,0.16987179219722748,2.262400,2.814709,-0.552309
test,"(67, 72)",386,1,642.0,16.0,0.37071651220321655,2.113139,1.984531,0.128608
test,"(405, 6)",434,1,17.0,8.0,0.29411765933036804,1.253120,1.300717,-0.047597
test,"(256, 75)",178,1,702.0,26.0,0.5470085740089417,2.527646,0.692141,1.835504
test,"(272, 252)",69,1,2224.0,26.0,0.254046767950058,1.533600,1.549436,-0.015836
test,"(489, 12)",65,1,628.0,16.0,0.20859873294830322,1.790090,1.705718,0.084372
test,"(200, 7)",353,1,283.0,14.0,0.9328621625900269,1.463853,0.149687,1.314165
test,"(7, 353)",450,1,264.0,8.0,0.5795454382896423,0.972128,0.578339,0.393788
test,"(12, 67)",200,1,154.0,13.0,0.38311687111854553,4.757512,1.220695,3.536817
test,"(12, 450)",6,1,720.0,20.0,0.6152777671813965,4.393810,3.711533,0.682277
test,"(29, 305)",172,1,372.0,10.0,0.3360215127468109,1.623301,1.120701,0.502600
test,"(64, 87)",299,1,107.0,15.0,0.2429906576871872,5.738303,1.620384,4.117919
test,"(253, 29)",328,1,1481.0,23.0,0.18568535149097443,3.025438,2.863387,0.162051
test,"(194, 374)",12,1,659.0,13.0,0.48558422923088074,1.696862,1.280499,0.416364
test,"(267, 79)",498,1,379.0,12.0,0.8364115953445435,0.792173,0.226889,0.565284
test,"(32, 75)",233,1,92.0,8.0,0.5869565010070801,6.898263,2.966195,3.932068
test,"(428, 88)",82,1,261.0,26.0,0.30268198251724243,4.007104,4.204481,-0.197376
test,"(14, 67)",401,1,119.0,11.0,0.4117647111415863,2.979296,3.199688,-0.220392
test,"(335, 289)",192,1,19.0,3.0,0.7368420958518982,4.535006,0.456871,4.078134
test,"(13, 79)",190,1,945.0,28.0,0.16613756120204926,2.264155,1.831122,0.433033
test,"(134, 243)",184,1,507.0,9.0,0.8047337532043457,1.360665,0.286755,1.073909
test,"(49, 40)",44,1,37.0,12.0,0.21621622145175934,4.146571,3.381309,0.765262
test,"(46, 40)",45,1,13.0,2.0,0.692307710647583,1.591231,0.501384,1.089847
test,"(134, 40)",45,1,272.0,25.0,0.1764705926179886,1.168840,1.756092,-0.587252
test,"(51, 396)",11,1,1.0,1.0,1.0,2.752968,2.240423,0.512545
test,"(134, 8)",6,1,377.0,30.0,0.1989389955997467,8.147738,4.186959,3.960778
test,"(83, 71)",212,1,681.0,51.0,0.11747430264949799,7.375409,9.535934,-2.160525
test,"(193, 320)",205,1,44.0,13.0,0.20454545319080353,3.312174,2.153170,1.159003
test,"(134, 40)",38,1,272.0,25.0,0.1764705926179886,5.118146,6.805831,-1.687685
test,"(62, 196)",6,1,801.0,37.0,0.2821473181247711,4.787779,4.701602,0.086177
test,"(60, 11)",199,1,485.0,48.0,0.09690721333026886,4.783044,5.182008,-0.398964
test,"(66, 366)",67,1,305.0,20.0,0.4098360538482666,1.646014,0.918767,0.727247
test,"(206, 78)",76,1,11.0,2.0,0.9090909361839294,3.852529,0.270596,3.581933
test,"(317, 438)",62,0,0.0,0.0,0.0,4.537673,2.887353,1.650321
test,"(62, 190)",8,1,36.0,14.0,0.2777777910232544,5.260834,4.762947,0.497887
test,"(187, 83)",296,1,298.0,6.0,0.6510066986083984,6.091301,1.480184,4.611117
test,"(308, 83)",7,1,332.0,18.0,0.27710843086242676,3.246455,1.378728,1.867727
test,"(78, 217)",11,1,17.0,8.0,0.529411792755127,3.856271,4.541093,-0.684822
test,"(299, 11)",66,1,73.0,19.0,0.12328767031431198,8.485184,8.926076,-0.440892
test,"(8, 11)",199,1,663.0,52.0,0.1161387637257576,4.758751,4.097864,0.660887
test,"(11, 199)",438,1,109.0,41.0,0.1376146823167801,7.102459,8.191284,-1.088825
test,"(8, 420)",240,1,16.0,5.0,0.375,5.927833,7.983302,-2.055469
test,"(297, 249)",413,1,161.0,13.0,0.6459627151489258,2.052153,0.517758,1.534395
test,"(78, 237)",67,1,255.0,3.0,0.7803921699523926,2.075702,0.337984,1.737719
test,"(62, 62)",180,1,416.0,31.0,0.13942307233810425,7.350167,2.542292,4.807876
test,"(317, 32)",241,1,12.0,5.0,0.4166666567325592,9.104506,7.011504,2.093002
test,"(397, 85)",200,1,185.0,1.0,1.0,1.496553,0.084380,1.412174
test,"(248, 183)",357,1,12.0,5.0,0.5,4.745105,2.316299,2.428807
test,"(219, 82)",134,1,17.0,12.0,0.1764705926179886,4.120584,2.527607,1.592977
test,"(225, 75)",241,1,33.0,5.0,0.42424243688583374,4.843513,1.012473,3.831040
test,"(72, 188)",51,1,560.0,59.0,0.1428571492433548,4.693972,3.155924,1.538048
test,"(134, 247)",214,1,315.0,8.0,0.6793650984764099,6.603782,3.624661,2.979121
test,"(36, 25)",134,1,288.0,36.0,0.3298611044883728,1.994083,1.141194,0.852889
test,"(248, 232)",82,1,694.0,73.0,0.1541786789894104,2.288487,2.117661,0.170825
test,"(265, 133)",133,1,10.0,4.0,0.5,1.102646,1.191488,-0.088842
test,"(62, 69)",72,1,599.0,31.0,0.2804674506187439,1.440867,2.318475,-0.877608
test,"(480, 133)",69,1,95.0,19.0,0.34736841917037964,3.171540,4.542299,-1.370759
test,"(180, 472)",81,1,62.0,10.0,0.3870967626571655,2.799129,1.044223,1.754906
test,"(81, 223)",82,1,486.0,44.0,0.32098764181137085,3.366826,1.209167,2.157659
test,"(133, 133)",2,1,2512.0,71.0,0.19864650070667267,2.358558,2.789157,-0.430599
test,"(230, 76)",190,1,49.0,10.0,0.36734694242477417,4.522439,5.725327,-1.202889
test,"(79, 81)",369,1,123.0,4.0,0.6504064798355103,5.642692,0.543916,5.098776
test,"(369, 7)",1,1,141.0,29.0,0.3404255211353302,3.719885,2.233249,1.486636
test,"(17, 60)",186,1,107.0,25.0,0.20560747385025024,3.128037,1.660274,1.467763
test,"(11, 432)",72,1,74.0,8.0,0.28378379344940186,2.499478,1.386349,1.113129
test,"(70, 65)",456,1,200.0,11.0,0.4099999964237213,4.434381,1.700851,2.733531
test,"(382, 186)",336,1,24.0,12.0,0.2083333283662796,4.819575,3.005644,1.813931
test,"(266, 79)",413,1,154.0,11.0,0.4220779240131378,6.107191,6.379363,-0.272172
test,"(84, 202)",259,1,533.0,48.0,0.38461539149284363,7.591144,7.415818,0.175326
test,"(15, 8)",133,1,203.0,28.0,0.1231527104973793,2.947608,2.176558,0.771051
test,"(180, 228)",76,1,61.0,12.0,0.3442623019218445,5.691828,2.368467,3.323361
test,"(67, 25)",13,1,268.0,51.0,0.13059701025485992,4.348098,5.546432,-1.198335
test,"(133, 133)",133,1,2512.0,71.0,0.19864650070667267,1.818596,1.611699,0.206897
test,"(71, 177)",18,1,150.0,13.0,0.6000000238418579,5.079712,1.699246,3.380466
test,"(140, 230)",16,1,5.0,5.0,0.20000000298023224,4.776594,4.662017,0.114576
test,"(128, 139)",203,1,288.0,24.0,0.3159722089767456,2.258668,1.607861,0.650808
test,"(47, 62)",76,1,28.0,8.0,0.2142857164144516,5.033235,5.451762,-0.418527
test,"(75, 352)",134,1,5.0,3.0,0.4000000059604645,1.350017,2.379345,-1.029329
test,"(66, 88)",8,1,245.0,38.0,0.17142857611179352,4.354309,4.509683,-0.155374
test,"(226, 260)",444,1,182.0,15.0,0.29120880365371704,2.599465,3.124220,-0.524754
test,"(12, 66)",79,1,303.0,13.0,0.7029703259468079,6.874983,4.975927,1.899057
test,"(180, 334)",82,1,60.0,8.0,0.6166666746139526,2.103082,0.574627,1.528456
test,"(223, 7)",78,1,67.0,12.0,0.43283581733703613,6.632992,0.966328,5.666664
test,"(186, 511)",7,1,499.0,3.0,0.9218437075614929,0.316818,0.099901,0.216917
test,"(1, 252)",284,1,59.0,1.0,1.0,2.903384,0.111705,2.791679
test,"(83, 71)",182,1,681.0,51.0,0.11747430264949799,5.958692,4.912028,1.046664
test,"(212, 163)",254,1,56.0,9.0,0.4464285671710968,3.620183,1.354434,2.265749
test,"(0, 28)",134,1,56.0,16.0,0.3035714328289032,3.180092,1.246991,1.933101
test,"(375, 69)",64,1,500.0,27.0,0.37400001287460327,2.627858,1.066999,1.560860
test,"(427, 224)",134,1,124.0,28.0,0.16935484111309052,1.973485,1.836127,0.137358
test,"(205, 82)",62,1,142.0,23.0,0.2112676054239273,2.952689,1.863172,1.089516
test,"(79, 13)",69,1,621.0,57.0,0.20772947371006012,2.568207,1.627668,0.940538
test,"(13, 193)",212,1,25.0,9.0,0.23999999463558197,4.038418,3.056190,0.982228
test,"(74, 68)",88,1,717.0,37.0,0.651324987411499,2.677929,0.520447,2.157482
test,"(178, 68)",356,1,453.0,49.0,0.3002207577228546,8.132954,7.466414,0.666540
test,"(302, 336)",83,1,10.0,1.0,1.0,3.526002,0.169335,3.356667
test,"(13, 200)",70,1,94.0,8.0,0.521276593208313,2.312719,0.746450,1.566269
test,"(76, 72)",87,1,121.0,7.0,0.43801653385162354,3.367414,5.440062,-2.072648
test,"(398, 64)",60,1,22.0,11.0,0.1818181872367859,5.613801,2.956215,2.657586
test,"(212, 153)",127,1,117.0,18.0,0.28205129504203796,2.032706,1.260957,0.771749
test,"(134, 222)",66,1,190.0,5.0,0.3842105269432068,3.875912,1.061951,2.813961
test,"(4, 92)",11,1,60.0,12.0,0.15000000596046448,3.662061,2.921046,0.741015
test,"(60, 25)",13,1,222.0,24.0,0.2567567527294159,3.454803,1.837395,1.617408
test,"(69, 92)",125,1,273.0,38.0,0.12820513546466827,5.733026,2.915562,2.817464
test,"(167, 127)",151,1,72.0,16.0,0.2638888955116272,3.902813,1.450742,2.452071
test,"(127, 110)",203,1,475.0,31.0,0.18526315689086914,4.161479,2.433190,1.728289
test,"(226, 251)",365,1,161.0,11.0,0.5403726696968079,2.140282,1.161282,0.978999
test,"(231, 82)",483,1,706.0,15.0,0.3243626058101654,3.513914,1.223810,2.290105
test,"(65, 202)",134,1,131.0,20.0,0.39694657921791077,3.781812,4.356606,-0.574795
test,"(301, 178)",68,1,277.0,3.0,0.8483754396438599,1.729517,0.249121,1.480396
test,"(224, 269)",191,1,90.0,20.0,0.2777777910232544,4.095516,4.786775,-0.691259
test,"(66, 134)",129,1,90.0,11.0,0.7666666507720947,5.317826,6.344166,-1.026340
test,"(6, 134)",5,1,144.0,17.0,0.5486111044883728,3.766445,0.707443,3.059002
test,"(54, 509)",257,1,402.0,34.0,0.14676617085933685,2.493791,2.456106,0.037685
test,"(264, 311)",26,1,28.0,12.0,0.2142857164144516,3.332337,2.537784,0.794553
test,"(85, 327)",43,1,353.0,33.0,0.22662889957427979,8.762271,2.726082,6.036189
test,"(13, 79)",88,1,945.0,28.0,0.16613756120204926,4.393919,2.043180,2.350739
test,"(13, 79)",88,1,945.0,28.0,0.16613756120204926,4.132301,2.040335,2.091967
test,"(177, 262)",200,0,0.0,0.0,0.0,3.757122,1.810029,1.947093
test,"(14, 133)",449,1,74.0,5.0,0.7162162065505981,4.658968,6.647879,-1.988911
test,"(280, 188)",134,1,394.0,35.0,0.2893401086330414,3.561926,5.496893,-1.934966
test,"(25, 186)",266,1,230.0,29.0,0.313043475151062,3.770439,5.692663,-1.922224
test,"(175, 25)",9,1,78.0,22.0,0.3333333432674408,7.149230,9.419340,-2.270110
test,"(88, 6)",60,1,56.0,13.0,0.25,2.911453,1.482526,1.428927
test,"(281, 25)",264,1,17.0,5.0,0.4117647111415863,3.680032,5.115547,-1.435515
test,"(179, 81)",180,1,420.0,26.0,0.37142857909202576,3.854025,2.905513,0.948512
test,"(67, 7)",69,1,564.0,82.0,0.06914893537759781,3.055465,2.965365,0.090100
test,"(180, 134)",200,1,1339.0,86.0,0.08513816446065903,4.637261,5.364629,-0.727368
test,"(483, 82)",230,1,134.0,19.0,0.44029849767684937,6.944403,7.439321,-0.494918
test,"(70, 84)",341,1,89.0,4.0,0.5393258333206177,3.598394,0.731360,2.867035
test,"(1, 198)",66,0,0.0,0.0,0.0,3.290698,3.631226,-0.340528
test,"(84, 182)",8,1,173.0,39.0,0.24277456104755402,5.178382,4.941278,0.237104
test,"(28, 179)",81,1,1.0,1.0,1.0,2.729912,1.248513,1.481400
test,"(297, 134)",200,1,192.0,33.0,0.3125,4.882194,6.688502,-1.806309
test,"(72, 179)",11,1,617.0,52.0,0.15559157729148865,4.554772,3.116232,1.438540
test,"(25, 224)",213,1,381.0,41.0,0.1312336027622223,3.127636,2.378548,0.749087
test,"(1, 224)",511,1,136.0,23.0,0.18382352590560913,5.568357,6.646666,-1.078309
test,"(77, 266)",88,1,7.0,3.0,0.5714285969734192,4.113060,4.434790,-0.321730
test,"(193, 297)",134,1,398.0,32.0,0.41206029057502747,1.798631,1.918363,-0.119732
test,"(28, 37)",202,1,45.0,1.0,1.0,2.632396,0.113456,2.518941
test,"(224, 511)",7,1,36.0,2.0,0.9722222089767456,0.308183,0.036041,0.272142
test,"(327, 28)",17,1,9.0,2.0,0.7777777910232544,3.485887,0.458553,3.027334
test,"(247, 349)",82,1,269.0,26.0,0.28624534606933594,1.701498,3.902910,-2.201412
test,"(190, 435)",7,1,442.0,45.0,0.1719457060098648,3.112628,3.184020,-0.071392
test,"(50, 176)",85,1,295.0,4.0,0.8576270937919617,2.865182,0.253883,2.611299
test,"(192, 12)",76,1,65.0,12.0,0.3076923191547394,2.651882,4.542806,-1.890925
test,"(11, 408)",44,1,97.0,15.0,0.23711340129375458,2.465798,1.791454,0.674344
test,"(360, 78)",196,1,201.0,3.0,0.8507462739944458,2.853843,0.263546,2.590297
test,"(66, 205)",88,1,47.0,2.0,0.8510638475418091,0.649318,0.211027,0.438290
test,"(25, 183)",400,1,148.0,21.0,0.15540540218353271,1.467503,1.849014,-0.381511
test,"(184, 11)",186,1,187.0,33.0,0.1764705926179886,3.147213,2.839992,0.307220
test,"(83, 71)",197,1,681.0,51.0,0.11747430264949799,5.551996,3.018592,2.533404
test,"(13, 79)",493,1,945.0,28.0,0.16613756120204926,1.705388,1.797874,-0.092486
test,"(47, 493)",326,1,222.0,2.0,0.7567567825317383,0.089915,0.255485,-0.165569
test,"(270, 419)",76,1,3.0,2.0,0.6666666865348816,6.710198,0.920224,5.789974
test,"(224, 399)",34,1,112.0,13.0,0.6785714030265808,0.499291,0.345688,0.153603
test,"(68, 60)",218,1,19.0,6.0,0.4736842215061188,2.453355,2.557016,-0.103661
test,"(91, 199)",480,1,258.0,32.0,0.27519381046295166,4.427139,2.782870,1.644269
test,"(199, 480)",13,1,34.0,10.0,0.5,4.583775,0.804243,3.779531
test,"(13, 182)",79,1,375.0,23.0,0.23199999332427979,3.098681,1.691784,1.406896
test,"(134, 39)",68,1,229.0,25.0,0.16157205402851105,4.802651,2.242450,2.560202
test,"(264, 484)",328,1,39.0,3.0,0.8205128312110901,2.610329,2.034846,0.575483
test,"(81, 196)",442,1,175.0,17.0,0.4000000059604645,2.717642,1.385353,1.332289
test,"(64, 460)",358,1,4.0,3.0,0.5,5.027289,2.812014,2.215275
test,"(12, 457)",134,1,824.0,24.0,0.4223301112651825,1.463465,0.890796,0.572669
test,"(279, 12)",20,1,11.0,5.0,0.4545454680919647,3.539321,1.021991,2.517330
test,"(173, 14)",20,1,353.0,8.0,0.5212464332580566,3.207572,0.750928,2.456644
test,"(86, 288)",173,1,405.0,2.0,0.9950617551803589,0.115295,0.015792,0.099502
test,"(134, 247)",87,1,315.0,8.0,0.6793650984764099,0.995139,0.430431,0.564708
test,"(310, 237)",66,1,49.0,1.0,1.0,2.989480,0.114212,2.875268
test,"(49, 32)",44,1,65.0,11.0,0.20000000298023224,6.429587,3.417297,3.012290
test,"(362, 362)",12,1,403.0,2.0,0.9354838728904724,0.913256,0.125294,0.787963
test,"(362, 12)",86,1,677.0,17.0,0.43279173970222473,2.884085,2.252545,0.631540
test,"(2, 16)",16,1,58.0,11.0,0.5344827771186829,2.514040,3.314640,-0.800601
test,"(501, 282)",69,1,180.0,26.0,0.18333333730697632,3.906745,1.796787,2.109958
test,"(213, 87)",12,1,230.0,8.0,0.960869550704956,1.949129,0.129344,1.819785
test,"(253, 272)",252,1,1204.0,2.0,0.9493355751037598,0.103569,0.056536,0.047033
test,"(362, 12)",86,1,677.0,17.0,0.43279173970222473,2.810550,2.248495,0.562054
test,"(65, 295)",397,1,496.0,6.0,0.8830645084381104,2.851346,2.994684,-0.143338
test,"(44, 68)",76,1,184.0,15.0,0.7228260636329651,3.920217,0.429001,3.491217
test,"(72, 202)",339,1,164.0,30.0,0.2195121943950653,4.592570,1.688418,2.904152
test,"(239, 72)",202,1,40.0,1.0,1.0,4.226526,0.122257,4.104269
test,"(80, 84)",72,1,561.0,13.0,0.3707664906978607,4.121275,1.815532,2.305743
test,"(184, 11)",199,1,187.0,33.0,0.1764705926179886,4.258927,5.994885,-1.735958
test,"(68, 76)",65,1,469.0,22.0,0.26439231634140015,3.349215,1.727964,1.621251
test,"(180, 337)",6,1,340.0,35.0,0.520588219165802,3.274804,3.528266,-0.253462
test,"(202, 339)",176,1,42.0,5.0,0.4761904776096344,3.246403,0.859058,2.387345
test,"(70, 176)",37,1,454.0,40.0,0.28854626417160034,5.731519,3.781340,1.950179
test,"(251, 285)",120,1,244.0,9.0,0.33196720480918884,2.272461,2.062146,0.210315
test,"(65, 73)",68,1,143.0,16.0,0.5734265446662903,2.867620,0.633814,2.233806
test,"(409, 13)",356,1,14.0,9.0,0.2857142984867096,5.411350,2.492834,2.918516
test,"(196, 259)",199,1,95.0,8.0,0.3368421196937561,4.466436,2.434409,2.032028
test,"(344, 82)",287,1,390.0,31.0,0.18974359333515167,7.871146,1.803945,6.067200
test,"(199, 66)",366,1,115.0,15.0,0.19130434095859528,4.454130,1.768193,2.685937
test,"(175, 74)",1,1,171.0,26.0,0.2982456088066101,5.663078,6.265784,-0.602706
test,"(76, 190)",35,1,107.0,18.0,0.3925233781337738,6.021089,2.937190,3.083899
test,"(82, 14)",233,1,550.0,57.0,0.1581818163394928,6.711220,7.728681,-1.017461
test,"(202, 184)",207,1,482.0,24.0,0.4045643210411072,5.343792,3.209354,2.134438
test,"(184, 207)",25,1,27.0,7.0,0.3333333432674408,3.531521,2.539894,0.991627
test,"(34, 78)",445,1,351.0,11.0,0.4216524362564087,3.200223,0.961608,2.238614
test,"(82, 60)",180,1,144.0,22.0,0.4236111044883728,1.911160,0.905693,1.005468
test,"(301, 192)",7,1,543.0,27.0,0.32044199109077454,1.848300,1.176173,0.672126
test,"(78, 76)",341,1,318.0,41.0,0.12893082201480865,5.040458,2.161546,2.878912
test,"(50, 51)",416,1,121.0,26.0,0.25619834661483765,5.927652,7.951742,-2.024089
test,"(51, 321)",456,1,217.0,26.0,0.13824884593486786,7.468111,5.893950,1.574162
test,"(25, 213)",78,1,165.0,16.0,0.3030303120613098,3.351482,4.961238,-1.609756
test,"(397, 16)",17,1,248.0,12.0,0.7379032373428345,2.741434,2.798271,-0.056837
test,"(173, 378)",12,1,689.0,21.0,0.8359941840171814,0.445121,0.191429,0.253692
test,"(282, 448)",179,0,0.0,0.0,0.0,4.525044,2.253938,2.271106
test,"(70, 78)",92,1,145.0,27.0,0.24827586114406586,7.816720,6.403073,1.413648
test,"(222, 68)",12,1,622.0,46.0,0.28938907384872437,3.970221,1.448531,2.521690
test,"(374, 228)",173,1,514.0,1.0,1.0,0.764985,0.055952,0.709034
test,"(74, 282)",454,1,346.0,17.0,0.6820809245109558,7.100769,5.542576,1.558193
test,"(245, 292)",253,1,147.0,7.0,0.8775510191917419,0.326504,0.129543,0.196962
test,"(224, 208)",29,1,360.0,28.0,0.5111111402511597,9.721629,4.298877,5.422752
test,"(12, 17)",13,1,931.0,38.0,0.1890440434217453,3.177712,2.759898,0.417814
test,"(282, 90)",225,1,219.0,22.0,0.1780821979045868,4.826581,3.128234,1.698347
test,"(214, 70)",11,1,20.0,8.0,0.30000001192092896,6.902583,1.432210,5.470373
test,"(324, 178)",25,1,382.0,23.0,0.5523560047149658,2.235396,0.674959,1.560437
test,"(292, 355)",185,1,91.0,1.0,1.0,0.419647,0.039650,0.379997
test,"(189, 66)",13,1,58.0,15.0,0.2068965584039688,3.412808,1.771784,1.641024
test,"(1, 207)",92,1,8.0,1.0,1.0,1.859355,0.178508,1.680848
test,"(29, 325)",134,1,347.0,7.0,0.38040345907211304,2.336105,1.655549,0.680556
test,"(64, 76)",11,1,316.0,55.0,0.10759493708610535,5.255485,3.545785,1.709700
test,"(207, 367)",199,1,659.0,2.0,0.9908952713012695,0.061225,0.013817,0.047409
test,"(389, 133)",404,1,894.0,13.0,0.7203579545021057,0.949384,0.374988,0.574396
test,"(199, 372)",14,1,130.0,3.0,0.9461538195610046,0.889870,0.113632,0.776237
test,"(327, 205)",72,1,255.0,2.0,0.5921568870544434,2.552702,0.987720,1.564983
test,"(255, 14)",79,1,198.0,27.0,0.15656565129756927,3.320730,2.366023,0.954707
test,"(50, 176)",85,1,295.0,4.0,0.8576270937919617,2.582281,0.251485,2.330796
test,"(34, 400)",34,1,353.0,27.0,0.37960338592529297,4.378294,3.554242,0.824053
test,"(82, 7)",41,1,678.0,82.0,0.07669616490602493,7.662868,4.773018,2.889849
test,"(86, 83)",32,1,75.0,12.0,0.23999999463558197,5.567769,1.833535,3.734234
test,"(25, 134)",315,1,1784.0,97.0,0.08464125543832779,2.002919,2.501736,-0.498817
test,"(195, 134)",8,1,1145.0,73.0,0.1764192134141922,4.432478,3.354449,1.078030
test,"(311, 503)",13,1,122.0,1.0,1.0,0.103988,0.010339,0.093649
test,"(83, 81)",198,1,408.0,22.0,0.34558823704719543,6.278088,7.999879,-1.721790
test,"(134, 315)",8,1,603.0,27.0,0.4842454493045807,5.499349,3.557883,1.941466
test,"(188, 200)",51,1,56.0,10.0,0.3214285671710968,5.981901,2.463606,3.518295
test,"(195, 134)",31,1,1145.0,73.0,0.1764192134141922,1.757201,1.734874,0.022328
test,"(77, 202)",315,1,172.0,19.0,0.33139535784721375,7.637063,9.478083,-1.841020
test,"(11, 245)",249,1,327.0,40.0,0.2110091745853424,3.169083,3.697955,-0.528872
test,"(36, 87)",265,1,372.0,12.0,0.3790322542190552,3.846338,5.265238,-1.418900
test,"(51, 313)",91,1,22.0,3.0,0.6818181872367859,0.139313,0.349769,-0.210456
test,"(68, 88)",134,1,687.0,44.0,0.22270742058753967,4.989574,5.428625,-0.439050
test,"(134, 0)",270,1,374.0,36.0,0.3395721912384033,2.999579,1.149497,1.850082
test,"(41, 86)",83,1,38.0,1.0,1.0,8.451426,0.124902,8.326523
test,"(31, 38)",398,1,27.0,1.0,1.0,1.211165,0.095621,1.115544
test,"(8, 134)",196,1,251.0,40.0,0.1434262990951538,4.335842,2.326190,2.009652
test,"(508, 25)",134,1,70.0,10.0,0.6000000238418579,1.987234,0.585244,1.401990
test,"(82, 7)",41,1,678.0,82.0,0.07669616490602493,7.949481,4.774404,3.175076
test,"(83, 32)",234,1,44.0,2.0,0.5909090638160706,2.069263,1.002422,1.066840
test,"(35, 47)",403,1,56.0,10.0,0.6785714030265808,5.033185,0.507916,4.525269
test,"(32, 234)",71,1,178.0,2.0,0.9382022619247437,1.182991,0.136243,1.046748
test,"(11, 186)",134,1,483.0,43.0,0.4057970941066742,1.154170,0.906309,0.247861
test,"(200, 184)",52,1,204.0,22.0,0.343137264251709,4.034768,1.790659,2.244109
test,"(35, 319)",11,1,190.0,9.0,0.21052631735801697,3.317931,1.709365,1.608566
test,"(319, 25)",134,1,44.0,4.0,0.5227272510528564,1.864198,0.736413,1.127785
test,"(196, 480)",195,1,34.0,3.0,0.8823529481887817,2.052183,0.231450,1.820733
test,"(479, 8)",195,1,34.0,5.0,0.529411792755127,2.079155,0.751876,1.327280
test,"(8, 189)",186,1,1053.0,24.0,0.2735042870044708,1.931699,1.750945,0.180754
test,"(207, 388)",134,1,176.0,19.0,0.35227271914482117,1.381172,1.036895,0.344277
test,"(179, 178)",68,1,91.0,4.0,0.901098906993866,1.298962,0.182144,1.116818
test,"(76, 317)",196,1,59.0,4.0,0.49152541160583496,3.408648,0.831895,2.576752
test,"(12, 66)",379,1,303.0,13.0,0.7029703259468079,4.131764,4.725882,-0.594117
test,"(196, 259)",290,1,95.0,8.0,0.3368421196937561,4.954814,1.313176,3.641638
test,"(50, 176)",85,1,295.0,4.0,0.8576270937919617,2.753435,0.253015,2.500420
test,"(428, 76)",12,1,150.0,34.0,0.25333333015441895,5.926270,4.661281,1.264989
test,"(400, 82)",50,1,354.0,44.0,0.12994350492954254,5.260697,4.240935,1.019762
test,"(70, 428)",76,1,183.0,5.0,0.6666666865348816,4.343293,0.509905,3.833388
test,"(408, 318)",69,1,56.0,1.0,1.0,2.020688,0.102116,1.918572
test,"(202, 34)",177,1,17.0,3.0,0.4117647111415863,3.788663,1.244088,2.544575
test,"(60, 180)",408,1,685.0,41.0,0.5240876078605652,0.458576,0.622416,-0.163841
test,"(471, 7)",218,1,50.0,13.0,0.25999999046325684,1.806060,3.728441,-1.922381
test,"(90, 83)",423,1,34.0,10.0,0.23529411852359772,1.991901,1.842408,0.149493
test,"(304, 25)",199,1,30.0,3.0,0.699999988079071,2.050735,3.746477,-1.695743
test,"(191, 423)",25,1,216.0,20.0,0.25462964177131653,1.733004,3.430229,-1.697226
test,"(212, 118)",134,1,466.0,16.0,0.3412017226219177,5.319730,4.188495,1.131235
test,"(66, 241)",182,1,257.0,17.0,0.6031128168106079,1.830884,0.570943,1.259940
test,"(79, 25)",199,1,91.0,27.0,0.1538461595773697,3.470503,1.857130,1.613373
test,"(353, 448)",68,1,6.0,1.0,1.0,7.443948,0.237964,7.205983
test,"(25, 199)",22,1,2122.0,114.0,0.12205466628074646,6.396008,6.212774,0.183233
test,"(227, 12)",76,1,1258.0,27.0,0.3298887014389038,3.711723,1.206562,2.505161
test,"(313, 91)",134,1,629.0,37.0,0.4101748764514923,4.214922,1.609212,2.605710
test,"(29, 245)",292,1,172.0,7.0,0.604651153087616,1.416304,0.569516,0.846787
test,"(13, 19)",8,1,37.0,15.0,0.29729729890823364,3.636810,1.902376,1.734434
test,"(245, 189)",438,1,102.0,16.0,0.529411792755127,5.012130,3.252233,1.759897
test,"(217, 25)",199,1,188.0,18.0,0.521276593208313,1.014751,0.669260,0.345491
test,"(199, 205)",202,0,0.0,0.0,0.0,9.422513,6.721288,2.701225
test,"(127, 110)",203,1,475.0,31.0,0.18526315689086914,3.443848,2.414722,1.029126
test,"(29, 347)",208,1,263.0,6.0,0.39923954010009766,1.519773,0.963064,0.556709
test,"(88, 25)",199,1,326.0,47.0,0.23619632422924042,0.824962,1.310035,-0.485073
test,"(81, 196)",259,1,175.0,17.0,0.4000000059604645,3.845750,5.684271,-1.838521
test,"(328, 258)",88,1,29.0,5.0,0.4482758641242981,1.805023,0.868303,0.936719
test,"(25, 199)",81,1,2122.0,114.0,0.12205466628074646,7.197700,4.466376,2.731324
test,"(8, 259)",204,1,92.0,16.0,0.25,7.286043,6.974920,0.311123
test,"(441, 69)",6,1,29.0,4.0,0.7586206793785095,3.491000,1.998892,1.492108
test,"(6, 328)",207,1,28.0,3.0,0.7142857313156128,3.464102,0.471506,2.992596
test,"(90, 194)",465,1,43.0,3.0,0.7906976938247681,0.690490,0.283245,0.407245
test,"(207, 92)",29,1,286.0,17.0,0.35664334893226624,2.356615,1.109562,1.247053
test,"(207, 92)",29,1,286.0,17.0,0.35664334893226624,2.737727,1.118710,1.619017
test,"(75, 64)",88,1,306.0,16.0,0.4575163424015045,1.306228,0.820128,0.486101
test,"(14, 485)",29,1,26.0,1.0,1.0,0.968707,0.079763,0.888944
test,"(19, 364)",396,1,61.0,7.0,0.5245901346206665,7.191103,7.312569,-0.121466
test,"(364, 6)",207,1,51.0,1.0,1.0,3.676929,0.116578,3.560351
test,"(83, 7)",63,1,179.0,42.0,0.1508379876613617,4.261362,5.305440,-1.044078
test,"(92, 27)",14,1,123.0,1.0,1.0,0.794596,0.060574,0.734022
test,"(71, 92)",500,1,37.0,16.0,0.2432432472705841,9.431775,11.240003,-1.808228
test,"(166, 159)",113,1,25.0,10.0,0.1599999964237213,12.712882,13.671507,-0.958625
test,"(131, 166)",150,1,257.0,19.0,0.27626457810401917,7.585711,4.180535,3.405175
test,"(259, 213)",261,1,39.0,10.0,0.3333333432674408,4.006624,1.239950,2.766674
test,"(12, 182)",67,1,119.0,10.0,0.38655462861061096,2.908576,1.602807,1.305770
test,"(225, 322)",70,1,212.0,15.0,0.49056604504585266,2.067317,0.781902,1.285415
test,"(20, 20)",11,1,147.0,18.0,0.45578232407569885,3.684628,0.885583,2.799045
test,"(11, 20)",24,1,6.0,3.0,0.5,5.710409,5.326866,0.383543
test,"(258, 88)",188,1,247.0,1.0,1.0,2.672715,0.100611,2.572104
test,"(35, 68)",65,1,359.0,14.0,0.37883007526397705,1.995347,3.430801,-1.435453
test,"(6, 134)",5,1,144.0,17.0,0.5486111044883728,2.832364,0.700218,2.132146
test,"(364, 6)",207,1,51.0,1.0,1.0,4.042789,0.117450,3.925339
test,"(254, 123)",221,1,105.0,15.0,0.190476194024086,2.725358,2.388423,0.336935
test,"(300, 482)",375,1,629.0,19.0,0.37201908230781555,3.685730,2.227946,1.457784
test,"(11, 331)",47,1,370.0,29.0,0.2540540397167206,4.348403,2.983713,1.364690
test,"(337, 85)",72,1,8.0,6.0,0.25,3.478872,2.835767,0.643105
test,"(423, 8)",484,1,5.0,3.0,0.6000000238418579,7.866293,6.103299,1.762994
test,"(221, 186)",297,1,8.0,5.0,0.5,2.278486,3.153811,-0.875325
test,"(177, 13)",75,1,97.0,9.0,0.3711340129375458,4.065682,6.044541,-1.978859
test,"(134, 478)",201,1,71.0,9.0,0.4647887349128723,2.637821,0.859879,1.777942
test,"(13, 83)",71,1,1034.0,21.0,0.1847195327281952,2.914837,3.296374,-0.381537
test,"(189, 92)",218,1,153.0,19.0,0.13071896135807037,4.330591,2.390351,1.940240
test,"(269, 194)",398,1,59.0,10.0,0.2881355881690979,2.246661,2.331097,-0.084436
test,"(66, 255)",82,1,413.0,35.0,0.6416465044021606,2.153071,0.520122,1.632949
test,"(190, 435)",30,1,442.0,45.0,0.1719457060098648,5.570509,6.987623,-1.417114
test,"(78, 78)",76,1,316.0,10.0,0.7120253443717957,4.252627,3.916198,0.336429
test,"(435, 30)",13,1,1.0,1.0,1.0,0.471988,0.234994,0.236994
test,"(176, 8)",291,1,48.0,11.0,0.2291666716337204,1.024296,1.396147,-0.371851
test,"(176, 25)",213,1,64.0,19.0,0.375,4.072440,5.476117,-1.403677
test,"(269, 231)",82,1,184.0,18.0,0.60326087474823,1.285988,0.531071,0.754917
test,"(199, 82)",84,1,75.0,14.0,0.2666666805744171,5.832960,1.455596,4.377364
test,"(190, 236)",230,1,448.0,39.0,0.4174107015132904,1.907664,0.933348,0.974316
test,"(46, 498)",424,1,99.0,1.0,1.0,2.999302,0.106370,2.892932
test,"(72, 219)",177,1,30.0,2.0,0.800000011920929,7.851532,0.358762,7.492769
test,"(376, 109)",439,1,67.0,5.0,0.7910447716712952,2.770153,0.340687,2.429466
test,"(66, 243)",49,1,41.0,14.0,0.24390244483947754,7.203979,6.656839,0.547139
test,"(190, 435)",480,1,442.0,45.0,0.1719457060098648,7.032575,7.355097,-0.322522
test,"(189, 245)",266,1,641.0,35.0,0.16380655765533447,4.106647,4.513935,-0.407288
test,"(474, 83)",321,1,57.0,7.0,0.2982456088066101,3.026428,2.580662,0.445767
test,"(500, 226)",0,1,102.0,19.0,0.4313725531101227,11.089430,11.919632,-0.830202
test,"(180, 420)",88,1,160.0,1.0,1.0,0.417779,0.036680,0.381099
test,"(310, 88)",189,1,294.0,10.0,0.6972789168357849,2.280187,0.452219,1.827968
test,"(76, 175)",64,1,578.0,64.0,0.22145329415798187,5.279348,6.999008,-1.719660
test,"(29, 133)",170,1,434.0,16.0,0.20506912469863892,3.347058,5.417947,-2.070889
test,"(75, 293)",243,1,264.0,3.0,0.9848484992980957,1.286767,0.090691,1.196076
test,"(76, 178)",79,1,36.0,4.0,0.3611111044883728,5.383865,1.356861,4.027005
test,"(13, 76)",175,1,224.0,15.0,0.2455357164144516,2.670293,1.475077,1.195216
test,"(281, 11)",230,1,92.0,25.0,0.1304347813129425,4.574593,5.876571,-1.301979
test,"(63, 11)",225,1,114.0,17.0,0.28070175647735596,4.061374,4.288743,-0.227369
test,"(12, 227)",309,1,713.0,4.0,0.9943898916244507,10.098881,12.356861,-2.257980
test,"(29, 193)",208,1,273.0,5.0,0.5824176073074341,2.616685,1.939520,0.677165
test,"(7, 353)",448,1,264.0,8.0,0.5795454382896423,7.067472,4.010733,3.056739
test,"(324, 67)",8,1,293.0,26.0,0.351535826921463,4.244526,4.184287,0.060239
test,"(410, 25)",199,1,114.0,14.0,0.7543859481811523,0.236683,0.267702,-0.031019
test,"(156, 127)",164,1,96.0,19.0,0.2916666567325592,2.095853,1.433499,0.662353
test,"(251, 203)",492,1,307.0,20.0,0.267100989818573,4.607749,3.941141,0.666608
test,"(219, 177)",13,1,24.0,7.0,0.4166666567325592,3.408067,4.527647,-1.119581
test,"(382, 281)",92,1,87.0,20.0,0.24137930572032928,3.769570,6.051326,-2.281755
test,"(199, 85)",200,1,52.0,10.0,0.5769230723381042,1.767045,0.624623,1.142421
test,"(272, 252)",76,1,2224.0,26.0,0.254046767950058,5.379240,3.382091,1.997149
test,"(29, 174)",169,1,27.0,6.0,0.4444444477558136,4.489489,0.937072,3.552417
test,"(282, 90)",194,1,219.0,22.0,0.1780821979045868,3.087832,1.810691,1.277142
test,"(188, 282)",90,1,261.0,15.0,0.7969348430633545,2.212197,0.315123,1.897075
test,"(76, 424)",25,1,24.0,10.0,0.2916666567325592,2.000017,3.287133,-1.287116
test,"(14, 253)",29,1,103.0,1.0,1.0,0.553673,0.046808,0.506865
test,"(237, 455)",72,1,11.0,2.0,0.8181818127632141,4.467804,2.230854,2.236950
test,"(16, 22)",15,1,30.0,8.0,0.3333333432674408,3.096619,3.868658,-0.772039
test,"(88, 188)",282,1,365.0,10.0,0.6657534241676331,1.520993,0.478165,1.042828
test,"(179, 455)",88,1,401.0,1.0,1.0,0.718132,0.053406,0.664727
test,"(92, 29)",328,1,221.0,25.0,0.10407239943742752,3.777970,3.056467,0.721503
test,"(54, 178)",74,1,7.0,2.0,0.5714285969734192,8.181747,0.864851,7.316896
test,"(182, 274)",54,1,371.0,34.0,0.32614555954933167,5.923330,8.128472,-2.205142
test,"(50, 410)",25,1,132.0,10.0,0.689393937587738,2.783815,0.466479,2.317335
test,"(324, 178)",25,1,382.0,23.0,0.5523560047149658,1.505701,0.652641,0.853059
test,"(6, 207)",92,1,209.0,11.0,0.45933014154434204,1.297698,0.821614,0.476085
test,"(94, 127)",95,1,132.0,18.0,0.20454545319080353,5.239578,2.239104,3.000474
test,"(178, 25)",199,1,393.0,34.0,0.4987277388572693,0.171502,0.614954,-0.443451
test,"(213, 72)",219,1,11.0,2.0,0.7272727489471436,5.775253,0.520993,5.254260
test,"(129, 150)",108,1,10.0,1.0,1.0,5.696568,0.168871,5.527696
test,"(229, 365)",212,1,70.0,16.0,0.2571428716182709,3.767085,1.809052,1.958033
test,"(8, 189)",204,1,1053.0,24.0,0.2735042870044708,7.719108,9.952309,-2.233201
test,"(296, 86)",51,1,162.0,18.0,0.31481480598449707,6.557131,3.204937,3.352194
test,"(410, 25)",199,1,114.0,14.0,0.7543859481811523,0.960336,0.322290,0.638046
test,"(70, 175)",51,1,243.0,30.0,0.1975308656692505,6.126840,3.349239,2.777601
test,"(65, 84)",441,1,201.0,10.0,0.2885572016239166,7.897085,2.177207,5.719878
test,"(182, 274)",49,1,371.0,34.0,0.32614555954933167,4.847614,7.134930,-2.287315
test,"(282, 90)",303,1,219.0,22.0,0.1780821979045868,4.525434,2.370084,2.155351
test,"(54, 178)",74,1,7.0,2.0,0.5714285969734192,7.066542,0.864715,6.201826
test,"(204, 418)",231,0,0.0,0.0,0.0,4.282337,3.616636,0.665701
test,"(88, 188)",282,1,365.0,10.0,0.6657534241676331,1.776216,0.486136,1.290080
test,"(95, 127)",151,1,63.0,10.0,0.2857142984867096,4.088394,2.529305,1.559088
test,"(259, 442)",287,1,13.0,1.0,1.0,1.490939,0.114495,1.376445
test,"(282, 90)",194,1,219.0,22.0,0.1780821979045868,3.368549,1.817539,1.551010
test,"(465, 54)",68,1,29.0,1.0,1.0,4.070660,0.127823,3.942837
test,"(25, 199)",22,1,2122.0,114.0,0.12205466628074646,6.276324,6.202245,0.074079
test,"(207, 92)",29,1,286.0,17.0,0.35664334893226624,2.366076,1.109832,1.256244
test,"(83, 71)",25,1,681.0,51.0,0.11747430264949799,2.954739,2.196018,0.758721
test,"(296, 86)",50,1,162.0,18.0,0.31481480598449707,3.949964,3.303040,0.646924
test,"(354, 173)",274,1,134.0,1.0,1.0,2.549093,0.101708,2.447385
test,"(282, 68)",291,1,28.0,5.0,0.5357142686843872,6.314901,0.779980,5.534921
test,"(82, 241)",69,1,26.0,2.0,0.6153846383094788,3.637025,1.128111,2.508914
test,"(413, 319)",76,1,80.0,1.0,1.0,4.248914,0.112659,4.136255
test,"(253, 258)",88,1,80.0,1.0,1.0,2.253907,0.101222,2.152684
test,"(25, 199)",85,1,2122.0,114.0,0.12205466628074646,5.393044,4.297063,1.095981
test,"(199, 85)",200,1,52.0,10.0,0.5769230723381042,1.973194,0.630585,1.342610
test,"(88, 188)",282,1,365.0,10.0,0.6657534241676331,1.380834,0.472876,0.907958
test,"(178, 25)",199,1,393.0,34.0,0.4987277388572693,0.353210,0.641183,-0.287973
test,"(327, 12)",178,1,19.0,4.0,0.7368420958518982,8.537406,4.431287,4.106119
test,"(19, 134)",500,1,37.0,23.0,0.10810811072587967,4.346688,4.619298,-0.272610
test,"(34, 75)",298,1,434.0,5.0,0.8894008994102478,0.917547,0.175115,0.742432
test,"(69, 202)",184,1,224.0,1.0,1.0,2.261867,0.096753,2.165114
test,"(43, 36)",25,1,436.0,22.0,0.6215596199035645,2.576103,0.566370,2.009733
test,"(76, 389)",133,1,95.0,3.0,0.9578947424888611,0.138486,0.041696,0.096790
test,"(47, 276)",367,1,12.0,5.0,0.4166666567325592,7.933182,3.968173,3.965009
test,"(196, 176)",11,1,52.0,19.0,0.13461539149284363,4.114129,4.454320,-0.340192
test,"(183, 288)",75,1,12.0,1.0,1.0,4.015993,0.165640,3.850353
test,"(133, 404)",189,1,1049.0,23.0,0.6234509348869324,0.424688,0.454186,-0.029498
test,"(44, 178)",68,1,41.0,2.0,0.5609756112098694,1.114991,0.881003,0.233988
test,"(361, 71)",83,1,311.0,5.0,0.9421221613883972,3.143856,0.161470,2.982386
test,"(178, 68)",14,1,453.0,49.0,0.3002207577228546,3.196615,1.949826,1.246789
test,"(71, 389)",133,1,37.0,1.0,1.0,0.132832,0.016183,0.116649
test,"(315, 82)",50,1,154.0,29.0,0.15584415197372437,5.172258,2.339935,2.832323
test,"(82, 50)",71,1,129.0,9.0,0.5891472697257996,4.637380,2.359167,2.278212
test,"(255, 333)",420,1,630.0,47.0,0.24285714328289032,3.966841,4.145983,-0.179142
test,"(34, 357)",77,1,291.0,2.0,0.7147766351699829,4.933326,1.360917,3.572409
test,"(64, 13)",197,1,72.0,20.0,0.1666666716337204,4.575500,1.941270,2.634230
test,"(49, 43)",313,1,82.0,21.0,0.2195121943950653,6.466105,3.322018,3.144087
test,"(83, 443)",180,1,44.0,16.0,0.3181818127632141,3.546745,2.283817,1.262928
test,"(79, 200)",83,1,315.0,9.0,0.37142857909202576,1.996157,1.120547,0.875610
test,"(13, 438)",453,1,125.0,14.0,0.2240000069141388,8.344707,2.017898,6.326809
test,"(8, 469)",183,1,31.0,9.0,0.32258063554763794,3.118550,1.520661,1.597889
test,"(480, 13)",83,1,66.0,17.0,0.27272728085517883,3.014505,1.393189,1.621316
test,"(243, 180)",231,1,54.0,16.0,0.18518517911434174,4.095169,2.565617,1.529552
test,"(235, 255)",8,1,59.0,17.0,0.22033898532390594,3.761450,2.653776,1.107675
test,"(438, 354)",77,1,40.0,1.0,1.0,3.606042,0.119756,3.486286
test,"(268, 189)",195,1,155.0,12.0,0.3290322721004486,3.407845,1.203846,2.203998
test,"(241, 182)",274,1,305.0,3.0,0.9770491719245911,1.670557,0.109193,1.561364
test,"(180, 508)",30,1,44.0,7.0,0.27272728085517883,4.873661,1.446866,3.426795
test,"(7, 82)",8,1,371.0,32.0,0.32614555954933167,2.846084,1.206363,1.639721
test,"(34, 344)",180,1,720.0,34.0,0.27222222089767456,3.003793,3.101423,-0.097630
test,"(34, 344)",82,1,720.0,34.0,0.27222222089767456,1.243216,1.264551,-0.021335
test,"(357, 77)",243,1,118.0,1.0,1.0,3.185561,0.106808,3.078754
test,"(79, 75)",88,1,358.0,12.0,0.3268156349658966,2.334228,1.194676,1.139551
test,"(200, 236)",43,1,336.0,44.0,0.1726190447807312,5.936079,3.573540,2.362539
test,"(29, 7)",58,1,237.0,18.0,0.37974682450294495,3.079169,1.752844,1.326325
test,"(182, 64)",36,1,231.0,20.0,0.3246753215789795,7.682617,3.319181,4.363436
test,"(220, 36)",188,1,17.0,1.0,1.0,3.778523,0.146273,3.632250
test,"(279, 218)",193,1,124.0,11.0,0.27419355511665344,3.139961,2.453547,0.686415
test,"(236, 315)",82,1,18.0,2.0,0.7777777910232544,3.294379,0.395548,2.898831
test,"(207, 26)",186,1,443.0,14.0,0.4898419976234436,1.163266,1.823133,-0.659867
test,"(220, 192)",480,1,229.0,32.0,0.20960699021816254,5.372200,3.845657,1.526543
test,"(192, 389)",245,1,2.0,2.0,0.5,2.154778,1.957354,0.197424
test,"(385, 405)",34,1,609.0,38.0,0.34646961092948914,0.887967,1.019054,-0.131087
test,"(405, 34)",192,1,229.0,5.0,0.7947598099708557,2.808039,2.284029,0.524010
test,"(70, 33)",180,1,6.0,4.0,0.5,5.601695,3.209356,2.392339
test,"(34, 465)",385,1,49.0,3.0,0.6938775777816772,5.683336,1.572493,4.110843
test,"(36, 222)",71,1,41.0,1.0,1.0,2.166082,0.108619,2.057463
test,"(325, 297)",230,1,18.0,2.0,0.9444444179534912,0.444586,0.090546,0.354040
test,"(230, 79)",13,1,89.0,22.0,0.1910112351179123,3.565628,2.867204,0.698424
test,"(388, 269)",228,1,396.0,33.0,0.3080808222293854,3.021293,4.120832,-1.099539
test,"(67, 205)",178,1,205.0,13.0,0.37560975551605225,3.777250,1.081983,2.695266
test,"(134, 218)",195,1,269.0,15.0,0.3828996419906616,2.270518,1.934764,0.335755
test,"(60, 26)",195,1,277.0,20.0,0.2527075707912445,2.948154,1.704828,1.243326
test,"(385, 405)",34,1,609.0,38.0,0.34646961092948914,0.944814,1.025374,-0.080560
test,"(333, 82)",13,1,154.0,20.0,0.22077922523021698,2.611182,2.161225,0.449957
test,"(218, 186)",331,1,1021.0,27.0,0.46523016691207886,1.931634,2.701084,-0.769450
test,"(50, 68)",200,1,408.0,11.0,0.561274528503418,3.576185,1.409857,2.166328
test,"(236, 49)",255,1,23.0,1.0,1.0,1.771574,0.115658,1.655916
test,"(34, 344)",257,1,720.0,34.0,0.27222222089767456,1.400108,1.562022,-0.161914
test,"(79, 182)",85,1,233.0,16.0,0.6824034452438354,2.042636,0.465285,1.577350
test,"(371, 268)",134,1,160.0,14.0,0.2750000059604645,4.001241,3.273470,0.727771
test,"(199, 36)",77,1,24.0,5.0,0.375,2.048964,1.105099,0.943865
test,"(35, 68)",69,1,359.0,14.0,0.37883007526397705,4.357466,1.076575,3.280891
test,"(344, 7)",236,1,38.0,14.0,0.3947368562221527,4.046757,1.074655,2.972101
test,"(134, 500)",201,1,182.0,7.0,0.5384615659713745,1.604858,0.677553,0.927305
test,"(7, 218)",186,1,584.0,25.0,0.23458904027938843,1.089863,1.386808,-0.296946
test,"(186, 297)",230,1,563.0,28.0,0.7033748030662537,0.252234,0.320168,-0.067934
test,"(183, 78)",242,1,442.0,11.0,0.44570136070251465,4.857062,0.913820,3.943242
test,"(254, 109)",251,1,290.0,17.0,0.33448275923728943,3.205511,2.569493,0.636018
test,"(229, 376)",120,1,101.0,6.0,0.5742574334144592,2.567410,3.437619,-0.870209
test,"(344, 13)",196,1,92.0,11.0,0.239130437374115,3.346157,1.860307,1.485849
test,"(33, 88)",257,1,421.0,23.0,0.31353920698165894,3.095514,1.663796,1.431718
test,"(189, 245)",134,1,641.0,35.0,0.16380655765533447,2.023399,2.157404,-0.134005
test,"(78, 53)",72,1,11.0,2.0,0.7272727489471436,4.736330,0.504522,4.231808
test,"(25, 199)",82,1,2122.0,114.0,0.12205466628074646,4.201915,4.591919,-0.390005
test,"(485, 193)",399,1,11.0,2.0,0.8181818127632141,3.207701,0.386054,2.821647
test,"(358, 12)",16,1,302.0,12.0,0.25827813148498535,2.735323,1.826998,0.908325
test,"(379, 6)",469,1,48.0,12.0,0.2083333283662796,3.850155,2.096574,1.753581
test,"(414, 1)",245,1,19.0,9.0,0.3684210479259491,3.766303,4.170039,-0.403736
test,"(258, 206)",74,1,76.0,1.0,1.0,3.432890,0.111303,3.321588
test,"(282, 17)",13,1,127.0,7.0,0.3858267664909363,3.549259,1.365786,2.183473
test,"(385, 405)",34,1,609.0,38.0,0.34646961092948914,0.946304,1.025535,-0.079231
test,"(180, 270)",199,1,677.0,38.0,0.5450516939163208,0.399208,0.554483,-0.155275
test,"(13, 20)",92,1,416.0,39.0,0.32932692766189575,3.600715,2.459681,1.141034
test,"(12, 71)",300,1,506.0,5.0,0.7272727489471436,1.125751,0.376720,0.749031
test,"(79, 197)",134,1,652.0,34.0,0.5245398879051208,5.571756,4.538124,1.033633
test,"(75, 322)",14,1,293.0,7.0,0.6621160507202148,8.147836,2.339728,5.808108
test,"(203, 226)",260,1,57.0,8.0,0.5789473652839661,3.021166,0.654080,2.367086
test,"(342, 1)",302,1,14.0,4.0,0.5714285969734192,3.245373,0.742263,2.503110
test,"(134, 8)",434,1,377.0,30.0,0.1989389955997467,2.989393,1.950626,1.038767
test,"(72, 81)",179,1,560.0,26.0,0.5571428537368774,1.584925,0.650034,0.934890
test,"(12, 227)",12,1,713.0,4.0,0.9943898916244507,0.307739,0.030852,0.276888
test,"(221, 212)",121,1,368.0,17.0,0.24184782803058624,1.926127,1.451053,0.475074
test,"(438, 34)",78,1,25.0,3.0,0.7599999904632568,4.401065,0.409656,3.991409
test,"(242, 385)",134,1,27.0,10.0,0.29629629850387573,7.326633,1.559034,5.767599
test,"(12, 71)",196,1,506.0,5.0,0.7272727489471436,2.951447,1.984466,0.966982
test,"(16, 281)",6,1,217.0,31.0,0.17972350120544434,4.568354,4.740717,-0.172363
test,"(66, 435)",12,1,195.0,12.0,0.6871795058250427,2.848854,3.226583,-0.377730
test,"(227, 12)",450,1,1258.0,27.0,0.3298887014389038,3.039190,1.465657,1.573533
test,"(88, 92)",224,1,33.0,16.0,0.21212121844291687,3.321902,2.251752,1.070150
test,"(76, 72)",386,1,121.0,7.0,0.43801653385162354,2.050199,1.498086,0.552112
test,"(115, 439)",201,1,49.0,3.0,0.6530612111091614,1.111000,0.479415,0.631585
test,"(13, 15)",18,1,280.0,34.0,0.1428571492433548,3.860170,2.739630,1.120540
test,"(185, 355)",64,1,62.0,2.0,0.9516128897666931,3.545104,0.163156,3.381949
test,"(208, 253)",272,1,1496.0,16.0,0.8041443824768066,0.105622,0.203039,-0.097417
test,"(71, 261)",312,1,287.0,1.0,1.0,0.466203,0.040040,0.426163
test,"(347, 208)",253,1,262.0,28.0,0.4198473393917084,0.269238,0.724868,-0.455630
test,"(272, 252)",69,1,2224.0,26.0,0.254046767950058,1.479578,1.543813,-0.064235
test,"(173, 378)",12,1,689.0,21.0,0.8359941840171814,0.153384,0.165484,-0.012100
test,"(18, 364)",60,1,31.0,5.0,0.4516128897666931,0.202899,0.777346,-0.574447
test,"(188, 92)",481,1,121.0,27.0,0.1735537201166153,2.361755,2.846235,-0.484480
test,"(309, 204)",211,1,66.0,1.0,1.0,0.027733,0.004303,0.023429
test,"(83, 433)",328,1,14.0,9.0,0.2857142984867096,3.615991,3.161334,0.454656
test,"(185, 29)",481,1,248.0,22.0,0.125,2.102433,2.394543,-0.292110
test,"(12, 76)",67,1,499.0,14.0,0.8316633105278015,5.276917,2.433543,2.843374
test,"(70, 65)",64,1,200.0,11.0,0.4099999964237213,5.849079,1.004237,4.844842
test,"(218, 388)",269,1,312.0,10.0,0.6314102411270142,1.459786,0.515854,0.943931
test,"(86, 12)",71,1,664.0,27.0,0.22590361535549164,3.000062,2.253176,0.746887
test,"(385, 405)",34,1,609.0,38.0,0.34646961092948914,1.111202,1.042127,0.069075
test,"(86, 68)",197,1,199.0,6.0,0.7085427045822144,3.602926,0.450532,3.152394
test,"(241, 12)",18,1,62.0,7.0,0.33870968222618103,3.350940,1.204132,2.146807
test,"(433, 272)",252,1,24.0,2.0,0.9583333134651184,0.059333,0.019927,0.039405
test,"(410, 282)",17,1,247.0,8.0,0.5789473652839661,1.747186,1.252928,0.494258
test,"(302, 29)",92,1,630.0,21.0,0.13809524476528168,3.965362,3.265559,0.699803
test,"(12, 256)",75,1,519.0,4.0,0.978805422782898,0.766627,0.075386,0.691241
test,"(309, 481)",208,1,91.0,6.0,0.6373626589775085,0.808562,0.475618,0.332943
test,"(1, 302)",29,1,153.0,2.0,0.9738562107086182,0.161329,0.040675,0.120654
test,"(272, 252)",227,1,2224.0,26.0,0.254046767950058,2.246309,1.425005,0.821304
test,"(252, 227)",397,1,597.0,4.0,0.5343383550643921,1.008258,0.659756,0.348501
test,"(84, 179)",455,1,636.0,26.0,0.6305031180381775,0.476924,0.461050,0.015874
test,"(255, 333)",82,1,630.0,47.0,0.24285714328289032,2.117316,1.421621,0.695695
test,"(196, 282)",63,1,12.0,8.0,0.25,3.384534,1.974637,1.409898
test,"(199, 0)",76,1,1.0,1.0,1.0,4.910446,1.475284,3.435163
test,"(44, 68)",460,1,184.0,15.0,0.7228260636329651,7.080834,6.637632,0.443202
test,"(283, 12)",86,1,19.0,5.0,0.2631579041481018,2.486564,1.521577,0.964987
test,"(188, 12)",24,1,117.0,17.0,0.28205129504203796,4.363488,1.382406,2.981082
test,"(12, 65)",75,1,1221.0,22.0,0.29893529415130615,2.446290,1.280659,1.165631
test,"(434, 199)",188,1,364.0,49.0,0.24725274741649628,5.936738,5.689921,0.246817
test,"(7, 76)",433,1,193.0,22.0,0.17616580426692963,6.080124,3.523149,2.556975
test,"(462, 194)",374,1,41.0,2.0,0.9512194991111755,1.187460,0.133282,1.054178
test,"(194, 374)",228,1,659.0,13.0,0.48558422923088074,0.705454,0.710859,-0.005405
test,"(27, 14)",485,1,543.0,15.0,0.2504604160785675,4.234970,3.138107,1.096863
test,"(229, 351)",309,1,508.0,42.0,0.2696850299835205,8.233780,4.317921,3.915859
test,"(208, 485)",399,1,347.0,16.0,0.2046109437942505,2.424439,2.485975,-0.061536
test,"(188, 35)",68,1,53.0,6.0,0.3962264060974121,1.880229,0.998956,0.881273
test,"(184, 12)",20,1,103.0,15.0,0.48543688654899597,4.487336,0.833726,3.653609
test,"(481, 292)",253,1,119.0,7.0,0.6386554837226868,0.405269,0.412607,-0.007338
test,"(292, 253)",29,1,1291.0,1.0,1.0,0.120619,0.011687,0.108932
test,"(465, 64)",175,1,21.0,1.0,1.0,2.535551,0.131003,2.404548
test,"(88, 217)",51,1,40.0,7.0,0.75,4.682510,0.413725,4.268786
test,"(12, 86)",288,1,851.0,12.0,0.4618096351623535,2.123953,0.849250,1.274703
test,"(489, 12)",450,1,628.0,16.0,0.20859873294830322,2.814098,1.963621,0.850477
test,"(15, 13)",20,1,360.0,16.0,0.28333333134651184,1.953488,1.317261,0.636227
test,"(280, 188)",50,1,394.0,35.0,0.2893401086330414,3.021199,1.328946,1.692253
test,"(225, 322)",67,1,212.0,15.0,0.49056604504585266,6.631303,1.389134,5.242169
test,"(84, 387)",134,1,447.0,25.0,0.23042505979537964,2.204396,1.510579,0.693817
test,"(134, 296)",345,1,549.0,6.0,0.8706739544868469,0.048785,0.128058,-0.079273
test,"(229, 251)",201,1,181.0,27.0,0.1767955869436264,3.137723,1.947011,1.190712
test,"(83, 200)",340,1,210.0,2.0,0.961904764175415,2.246512,0.135074,2.111438
test,"(313, 91)",262,1,629.0,37.0,0.4101748764514923,6.195787,4.175539,2.020248
test,"(272, 252)",86,1,2224.0,26.0,0.254046767950058,2.321136,1.932700,0.388436
test,"(71, 261)",312,1,287.0,1.0,1.0,0.449246,0.038924,0.410322
test,"(82, 66)",64,1,525.0,23.0,0.46095237135887146,4.307525,1.799649,2.507876
test,"(358, 12)",69,1,302.0,12.0,0.25827813148498535,3.548274,2.797120,0.751154
test,"(109, 203)",229,1,81.0,6.0,0.5185185074806213,1.973639,0.737747,1.235892
test,"(302, 29)",224,1,630.0,21.0,0.13809524476528168,2.710935,2.348572,0.362362
test,"(492, 502)",127,1,10.0,4.0,0.6000000238418579,8.430059,3.466030,4.964029
test,"(221, 260)",260,1,117.0,26.0,0.1538461595773697,5.152292,1.985145,3.167147
test,"(76, 84)",387,1,429.0,3.0,0.9673659801483154,1.313918,0.109560,1.204358
test,"(92, 224)",292,1,218.0,19.0,0.22018349170684814,1.244775,1.853143,-0.608368
test,"(322, 70)",415,1,209.0,1.0,1.0,1.090414,0.072052,1.018362
test,"(255, 50)",196,1,7.0,2.0,0.7142857313156128,4.779921,1.802402,2.977519
test,"(67, 92)",302,1,55.0,18.0,0.145454540848732,2.489763,2.910197,-0.420434
test,"(67, 282)",71,1,84.0,14.0,0.3928571343421936,3.442764,3.156837,0.285928
test,"(92, 302)",29,1,233.0,3.0,0.9871244430541992,0.263954,0.035366,0.228587
test,"(29, 245)",134,1,172.0,7.0,0.604651153087616,1.982370,1.898772,0.083598
test,"(134, 218)",133,1,269.0,15.0,0.3828996419906616,1.275060,0.979867,0.295193
test,"(66, 196)",68,1,48.0,2.0,0.9791666865348816,1.311356,0.108509,1.202847
test,"(15, 506)",397,1,25.0,3.0,0.6800000071525574,2.662366,1.613520,1.048846
test,"(272, 252)",227,1,2224.0,26.0,0.254046767950058,1.813840,1.401485,0.412355
test,"(60, 303)",65,1,25.0,5.0,0.36000001430511475,1.285880,1.078239,0.207642
test,"(345, 82)",325,1,172.0,14.0,0.4883720874786377,8.799327,10.036949,-1.237622
test,"(87, 299)",309,1,76.0,25.0,0.18421052396297455,4.135051,1.832028,2.303023
test,"(133, 92)",133,1,829.0,10.0,0.7647768259048462,1.949287,0.352633,1.596655
test,"(81, 370)",133,1,108.0,24.0,0.3611111044883728,5.110373,3.224718,1.885654
test,"(88, 89)",68,1,18.0,4.0,0.7777777910232544,3.523582,0.396932,3.126651
test,"(237, 66)",11,1,98.0,19.0,0.6224489808082581,5.716985,6.789254,-1.072269
test,"(66, 11)",284,1,51.0,24.0,0.13725490868091583,5.291261,6.761158,-1.469897
test,"(180, 442)",81,1,28.0,7.0,0.5,2.384691,3.833394,-1.448703
test,"(7, 9)",200,1,26.0,4.0,0.5384615659713745,6.177385,8.431713,-2.254328
test,"(15, 8)",186,1,203.0,28.0,0.1231527104973793,1.647195,2.011615,-0.364420
test,"(419, 266)",79,1,40.0,13.0,0.25,3.844438,3.880683,-0.036245
test,"(133, 256)",214,1,2.0,2.0,0.5,1.079856,1.900419,-0.820563
test,"(37, 81)",222,1,38.0,4.0,0.5,5.168561,2.069313,3.099248
test,"(458, 252)",498,1,34.0,4.0,0.7647058963775635,5.122326,1.968192,3.154134
test,"(134, 80)",84,1,348.0,16.0,0.545976996421814,0.712468,0.595410,0.117058
test,"(413, 202)",25,1,21.0,6.0,0.6666666865348816,4.737744,5.367318,-0.629574
test,"(191, 423)",82,1,216.0,20.0,0.25462964177131653,7.155033,3.611463,3.543569
test,"(284, 382)",68,1,60.0,6.0,0.5666666626930237,6.446501,6.504227,-0.057726
test,"(21, 92)",189,1,62.0,10.0,0.3709677457809448,3.240459,2.049192,1.191267
test,"(82, 427)",29,1,90.0,13.0,0.35555556416511536,6.368034,3.753439,2.614595
test,"(69, 92)",4,1,273.0,38.0,0.12820513546466827,3.771808,2.870596,0.901212
test,"(13, 85)",202,1,293.0,9.0,0.6791808605194092,1.652900,2.147393,-0.494493
test,"(15, 69)",92,1,68.0,10.0,0.5882353186607361,3.153597,0.641214,2.512383
test,"(133, 133)",133,1,2512.0,71.0,0.19864650070667267,1.736614,1.604776,0.131838
test,"(408, 34)",344,1,89.0,5.0,0.7640449404716492,3.002582,0.370410,2.632172
test,"(189, 408)",32,1,130.0,13.0,0.23846153914928436,3.234961,1.626427,1.608534
test,"(207, 367)",199,1,659.0,2.0,0.9908952713012695,0.097961,0.017263,0.080698
test,"(207, 180)",408,1,101.0,12.0,0.5841584205627441,0.947889,0.574044,0.373845
test,"(269, 266)",78,1,58.0,15.0,0.17241379618644714,2.235668,1.792520,0.443148
test,"(333, 8)",291,1,19.0,4.0,0.7368420958518982,1.252377,0.394395,0.857982
test,"(255, 333)",8,1,630.0,47.0,0.24285714328289032,3.199158,3.455178,-0.256021
test,"(231, 69)",440,1,258.0,15.0,0.3255814015865326,6.367329,1.959710,4.407619
test,"(44, 255)",333,1,630.0,1.0,1.0,0.710286,0.053066,0.657220
test,"(261, 259)",399,1,2.0,1.0,1.0,6.484407,6.849935,-0.365527
test,"(193, 134)",68,1,864.0,79.0,0.08796296268701553,2.896211,3.573033,-0.676822
test,"(371, 268)",313,1,160.0,14.0,0.2750000059604645,5.607406,1.798217,3.809189
test,"(218, 224)",336,1,185.0,20.0,0.3405405282974243,4.655967,4.035101,0.620866
test,"(25, 134)",17,1,1784.0,97.0,0.08464125543832779,3.816374,4.100494,-0.284120
test,"(64, 368)",6,1,177.0,35.0,0.4576271176338196,4.289779,5.723917,-1.434138
test,"(12, 379)",334,1,328.0,25.0,0.20426829159259796,6.773162,7.100897,-0.327735
test,"(399, 34)",75,1,587.0,4.0,0.5962521433830261,0.527143,0.519357,0.007786
test,"(177, 46)",79,1,1.0,1.0,1.0,2.887874,1.334512,1.553362
test,"(320, 12)",15,1,76.0,11.0,0.40789473056793213,4.719867,5.140599,-0.420732
test,"(15, 194)",374,1,62.0,5.0,0.725806474685669,1.161670,0.382666,0.779004
test,"(92, 305)",172,1,206.0,6.0,0.3252427279949188,1.835171,1.223754,0.611417
test,"(208, 79)",272,1,105.0,3.0,0.9714285731315613,2.921661,0.135304,2.786357
test,"(83, 13)",196,1,200.0,35.0,0.10999999940395355,2.313954,2.209250,0.104704
test,"(296, 345)",25,1,577.0,6.0,0.9549393653869629,0.818592,0.099415,0.719176
test,"(70, 12)",86,1,613.0,21.0,0.26101142168045044,2.346880,1.408489,0.938391
test,"(189, 438)",318,1,36.0,10.0,0.3888888955116272,6.907120,4.985550,1.921570
test,"(12, 17)",506,1,931.0,38.0,0.1890440434217453,3.495660,2.936360,0.559300
test,"(74, 282)",268,1,346.0,17.0,0.6820809245109558,1.450508,0.446895,1.003613
test,"(333, 34)",72,1,9.0,1.0,1.0,5.959575,0.191398,5.768176
test,"(12, 65)",294,1,1221.0,22.0,0.29893529415130615,14.940845,16.376194,-1.435349
test,"(69, 81)",223,1,342.0,6.0,0.8684210777282715,1.710665,0.225086,1.485579
test,"(64, 241)",64,1,13.0,1.0,1.0,5.251962,0.162885,5.089077
test,"(54, 40)",51,1,6.0,3.0,0.5,4.939052,1.057350,3.881702
test,"(21, 11)",134,1,58.0,21.0,0.2586206793785095,1.248040,1.221029,0.027011
test,"(60, 8)",133,1,360.0,29.0,0.14166666567325592,3.227298,3.045480,0.181818
test,"(47, 23)",308,1,8.0,4.0,0.375,4.766623,6.089095,-1.322472
test,"(265, 69)",81,1,115.0,1.0,1.0,4.494913,6.621786,-2.126873
test,"(81, 223)",134,1,486.0,44.0,0.32098764181137085,4.346427,3.746089,0.600338
test,"(88, 173)",82,1,514.0,18.0,0.8618677258491516,1.125914,0.210934,0.914979
test,"(133, 133)",214,1,2512.0,71.0,0.19864650070667267,2.714927,2.678239,0.036688
test,"(81, 385)",62,1,66.0,15.0,0.28787878155708313,2.794297,1.411093,1.383205
test,"(134, 437)",7,1,326.0,8.0,0.9233129024505615,0.833255,0.125882,0.707373
test,"(454, 8)",228,1,20.0,5.0,0.4000000059604645,6.593775,8.531854,-1.938079
test,"(82, 60)",180,1,144.0,22.0,0.4236111044883728,1.533858,0.889062,0.644796
test,"(67, 401)",8,1,572.0,34.0,0.18356643617153168,2.950067,2.752538,0.197529
test,"(8, 13)",449,1,502.0,57.0,0.12549801170825958,1.584714,2.314704,-0.729991
test,"(28, 382)",15,1,185.0,19.0,0.32972973585128784,2.222356,3.925277,-1.702921
test,"(134, 42)",68,1,93.0,11.0,0.46236559748649597,1.194688,1.548277,-0.353589
test,"(224, 297)",496,1,200.0,24.0,0.23499999940395355,3.714499,3.421622,0.292877
test,"(49, 32)",44,1,65.0,11.0,0.20000000298023224,5.787160,3.412875,2.374285
test,"(66, 255)",82,1,413.0,35.0,0.6416465044021606,1.793793,0.511712,1.282081
test,"(401, 8)",224,1,40.0,14.0,0.22499999403953552,3.064521,4.402962,-1.338441
test,"(224, 311)",289,1,131.0,29.0,0.1679389327764511,4.167882,4.410373,-0.242491
test,"(134, 197)",256,1,349.0,11.0,0.32091689109802246,1.510724,1.168491,0.342233
test,"(36, 77)",256,1,294.0,11.0,0.27210885286331177,3.743411,1.405663,2.337748
test,"(420, 316)",85,1,4.0,3.0,0.5,3.462744,2.702592,0.760152
test,"(62, 62)",175,1,416.0,31.0,0.13942307233810425,4.204715,2.239179,1.965537
test,"(180, 191)",237,1,227.0,21.0,0.3259911835193634,7.991563,8.003277,-0.011714
test,"(11, 191)",423,1,181.0,24.0,0.23204420506954193,1.710466,1.463660,0.246806
test,"(191, 425)",194,1,511.0,43.0,0.19960860908031464,3.870768,2.797645,1.073123
test,"(88, 420)",134,1,27.0,2.0,0.9629629850387573,2.249029,4.018582,-1.769553
test,"(401, 60)",11,1,9.0,5.0,0.3333333432674408,2.370081,1.786264,0.583817
test,"(183, 233)",393,1,30.0,3.0,0.7333333492279053,0.913115,2.896875,-1.983761
test,"(449, 35)",68,1,28.0,5.0,0.7857142686843872,2.702146,0.350751,2.351395
test,"(243, 13)",449,1,52.0,19.0,0.1538461595773697,3.874319,5.402334,-1.528015
test,"(256, 244)",8,1,167.0,29.0,0.14371258020401,3.952182,3.602992,0.349190
test,"(77, 244)",25,1,174.0,33.0,0.24137930572032928,4.071303,2.417369,1.653934
test,"(62, 69)",81,1,599.0,31.0,0.2804674506187439,4.269048,1.370540,2.898508
test,"(184, 228)",335,1,13.0,2.0,0.8461538553237915,1.114124,2.005651,-0.891527
test,"(133, 69)",286,1,302.0,10.0,0.6754966974258423,1.773678,0.472037,1.301641
test,"(344, 53)",72,0,0.0,0.0,0.0,4.917031,2.629378,2.287653
test,"(202, 339)",176,1,42.0,5.0,0.4761904776096344,3.351269,0.859973,2.491296
test,"(344, 82)",287,1,390.0,31.0,0.18974359333515167,7.809496,1.803931,6.005566
test,"(339, 176)",427,1,30.0,10.0,0.30000001192092896,7.438795,6.919783,0.519012
test,"(340, 62)",178,1,123.0,22.0,0.31707316637039185,8.227550,3.255795,4.971755
test,"(62, 236)",190,1,128.0,10.0,0.5859375,1.692755,2.985596,-1.292841
test,"(82, 287)",79,1,72.0,1.0,1.0,2.264396,0.101638,2.162758
test,"(83, 298)",403,1,365.0,7.0,0.7287670969963074,5.028220,1.968021,3.060199
test,"(6, 25)",363,1,345.0,25.0,0.36811593174934387,5.452280,6.353891,-0.901611
test,"(193, 303)",185,1,59.0,16.0,0.18644067645072937,2.209271,2.690199,-0.480928
test,"(254, 110)",221,1,712.0,51.0,0.16853933036327362,2.044636,2.896269,-0.851633
test,"(134, 260)",203,1,594.0,29.0,0.22053872048854828,2.762989,1.579463,1.183526
test,"(190, 28)",236,1,1.0,1.0,1.0,6.142622,6.954381,-0.811759
test,"(176, 13)",49,1,254.0,39.0,0.11811023950576782,5.228243,6.383535,-1.155292
test,"(36, 62)",32,1,144.0,21.0,0.1875,4.435072,2.549311,1.885761
test,"(285, 112)",127,1,178.0,22.0,0.567415714263916,3.751955,3.032466,0.719489
test,"(285, 119)",13,1,443.0,28.0,0.243792325258255,6.485680,8.009999,-1.524319
test,"(13, 438)",62,1,125.0,14.0,0.2240000069141388,4.283903,1.839041,2.444862
test,"(7, 184)",384,1,343.0,8.0,0.8892128467559814,0.376229,0.141117,0.235112
test,"(203, 134)",312,1,195.0,27.0,0.20000000298023224,10.206474,10.252838,-0.046364
test,"(344, 44)",68,1,19.0,2.0,0.7894737124443054,2.788828,1.807378,0.981450
test,"(46, 43)",36,1,64.0,10.0,0.234375,1.841071,1.644631,0.196440
test,"(109, 285)",110,1,61.0,4.0,0.6393442749977112,2.436041,0.548952,1.887089
test,"(70, 176)",62,1,454.0,40.0,0.28854626417160034,5.125807,4.113091,1.012715
test,"(202, 395)",67,1,15.0,6.0,0.4000000059604645,7.842877,3.916096,3.926781
test,"(268, 25)",224,1,109.0,13.0,0.22018349170684814,3.157782,2.021407,1.136374
test,"(32, 51)",36,1,166.0,17.0,0.2469879537820816,2.689740,1.477750,1.211991
test,"(340, 62)",78,1,123.0,22.0,0.31707316637039185,4.235280,5.512166,-1.276886
test,"(190, 28)",236,1,1.0,1.0,1.0,5.866808,6.885302,-1.018495
test,"(176, 8)",13,1,48.0,11.0,0.2291666716337204,2.560586,2.575379,-0.014793
test,"(206, 188)",249,1,216.0,23.0,0.30092594027519226,10.287051,10.667378,-0.380326
test,"(35, 44)",40,1,60.0,4.0,0.9166666865348816,4.476271,0.203280,4.272991
test,"(134, 365)",500,1,225.0,15.0,0.46666666865348816,3.742230,3.183151,0.559079
test,"(65, 176)",13,1,369.0,35.0,0.2899729013442993,2.748564,3.352713,-0.604148
test,"(382, 25)",328,1,61.0,14.0,0.19672131538391113,4.183927,2.979044,1.204883
test,"(19, 281)",62,1,305.0,35.0,0.1803278625011444,5.290743,7.553772,-2.263028
test,"(402, 50)",398,1,9.0,1.0,1.0,4.504703,5.240406,-0.735703
test,"(193, 297)",183,1,398.0,32.0,0.41206029057502747,4.027471,3.737968,0.289502
test,"(177, 18)",133,1,31.0,2.0,0.9677419066429138,5.495834,0.162128,5.333707
test,"(47, 52)",11,1,24.0,7.0,0.3333333432674408,7.996631,9.593873,-1.597243
test,"(183, 78)",237,1,442.0,11.0,0.44570136070251465,4.133251,3.776151,0.357101
test,"(233, 86)",289,1,305.0,26.0,0.5081967115402222,10.810326,11.655831,-0.845506
test,"(82, 11)",334,1,676.0,62.0,0.21301774680614471,4.585822,2.698438,1.887384
test,"(386, 176)",298,1,85.0,3.0,0.9058823585510254,6.017015,2.882927,3.134088
test,"(187, 76)",62,1,76.0,9.0,0.5,3.308573,5.242818,-1.934245
test,"(186, 278)",77,1,171.0,9.0,0.9532163739204407,5.164250,5.859437,-0.695187
test,"(297, 134)",81,1,192.0,33.0,0.3125,3.724181,2.402494,1.321687
test,"(360, 202)",133,1,196.0,17.0,0.2908163368701935,5.812506,5.052737,0.759768
test,"(84, 62)",467,1,37.0,11.0,0.37837839126586914,6.957712,6.914371,0.043341
test,"(79, 84)",62,1,53.0,17.0,0.2830188572406769,3.231223,1.398135,1.833088
test,"(62, 84)",184,1,25.0,7.0,0.3199999928474426,4.149991,1.639423,2.510568
test,"(20, 134)",38,1,80.0,14.0,0.42500001192092896,6.867763,6.962514,-0.094752
test,"(266, 58)",1,1,1.0,1.0,1.0,1.843080,2.311306,-0.468225
test,"(60, 180)",134,1,685.0,41.0,0.5240876078605652,1.314552,2.440641,-1.126089
test,"(247, 87)",7,1,394.0,36.0,0.2842639684677124,1.694363,1.291742,0.402621
test,"(382, 11)",452,1,51.0,16.0,0.29411765933036804,3.637664,5.575536,-1.937871
test,"(62, 65)",233,1,735.0,42.0,0.3510203957557678,3.097637,1.666659,1.430978
test,"(173, 76)",62,1,226.0,41.0,0.22566372156143188,2.465208,3.040098,-0.574890
test,"(62, 81)",237,1,246.0,18.0,0.36178863048553467,5.381660,6.810198,-1.428539
test,"(8, 13)",86,1,502.0,57.0,0.12549801170825958,6.205477,6.979979,-0.774502
test,"(255, 8)",11,1,47.0,14.0,0.12765957415103912,3.522434,3.226510,0.295924
test,"(202, 217)",389,1,57.0,16.0,0.2631579041481018,5.859324,5.405620,0.453705
test,"(46, 46)",42,1,43.0,3.0,0.5581395626068115,4.059148,1.524948,2.534200
test,"(91, 7)",359,1,1.0,1.0,1.0,11.554259,1.490826,10.063433
test,"(19, 13)",75,1,34.0,14.0,0.29411765933036804,3.725739,4.428125,-0.702386
test,"(70, 54)",68,1,7.0,2.0,0.7142857313156128,3.564604,1.733727,1.830878
test,"(88, 301)",192,1,32.0,4.0,0.5,1.582628,0.746861,0.835768
test,"(382, 8)",189,1,94.0,24.0,0.12765957415103912,1.897137,2.756014,-0.858877
test,"(69, 237)",248,1,160.0,3.0,0.5625,0.887404,0.605228,0.282177
test,"(232, 358)",280,1,4.0,1.0,1.0,1.534917,0.235148,1.299769
test,"(47, 34)",134,1,57.0,12.0,0.6666666865348816,9.028018,2.697832,6.330186
test,"(6, 224)",469,1,46.0,7.0,0.5652173757553101,6.750574,3.113329,3.637245
test,"(74, 68)",51,1,717.0,37.0,0.651324987411499,5.950764,4.655731,1.295033
test,"(322, 207)",26,1,4.0,3.0,0.5,2.931170,2.198083,0.733087
test,"(176, 180)",189,1,68.0,24.0,0.1764705926179886,3.483804,2.862036,0.621768
test,"(194, 64)",74,1,50.0,5.0,0.25999999046325684,3.769782,1.768736,2.001045
test,"(64, 74)",68,1,151.0,25.0,0.4039735198020935,1.418617,0.900244,0.518373
test,"(303, 78)",393,1,98.0,9.0,0.3979591727256775,3.307356,1.031964,2.275392
test,"(81, 322)",183,1,76.0,28.0,0.15789473056793213,5.736180,5.553519,0.182660
test,"(68, 248)",232,1,641.0,47.0,0.17628705501556396,1.568342,1.815076,-0.246734
test,"(232, 240)",77,1,2.0,1.0,1.0,4.758315,0.530383,4.227931
test,"(70, 13)",67,1,172.0,38.0,0.13372093439102173,4.755027,2.113224,2.641803
test,"(77, 67)",206,1,290.0,41.0,0.24482758343219757,6.149850,4.822440,1.327410
test,"(68, 248)",232,1,641.0,47.0,0.17628705501556396,1.691319,1.829996,-0.138677
test,"(36, 85)",327,1,156.0,2.0,0.9807692170143127,3.007621,0.123227,2.884394
test,"(78, 393)",47,1,217.0,17.0,0.6313363909721375,5.019574,1.878256,3.141318
test,"(185, 219)",25,1,257.0,29.0,0.5136186480522156,2.817810,3.205699,-0.387889
test,"(192, 236)",185,1,41.0,1.0,1.0,2.501785,0.113167,2.388619
test,"(248, 232)",7,1,694.0,73.0,0.1541786789894104,2.866842,2.787110,0.079732
test,"(189, 325)",134,1,83.0,21.0,0.3614457845687866,2.239173,1.052060,1.187113
test,"(206, 319)",83,1,21.0,3.0,0.4761904776096344,3.200801,0.891688,2.309112
test,"(228, 330)",38,1,9.0,6.0,0.4444444477558136,6.859944,3.679489,3.180455
test,"(268, 189)",311,1,155.0,12.0,0.3290322721004486,4.706667,1.873767,2.832900
test,"(298, 68)",66,1,448.0,34.0,0.3370535671710968,4.115949,3.590547,0.525402
test,"(248, 232)",179,1,694.0,73.0,0.1541786789894104,8.719080,3.612444,5.106636
test,"(443, 217)",179,1,12.0,4.0,0.4166666567325592,8.251696,1.138069,7.113626
test,"(82, 361)",77,1,91.0,5.0,0.8351648449897766,1.743995,0.259539,1.484456
test,"(438, 346)",176,1,41.0,4.0,0.9024389982223511,4.980559,0.221576,4.758982
test,"(7, 69)",8,1,1118.0,36.0,0.5635062456130981,5.592165,4.493892,1.098273
test,"(7, 68)",85,1,447.0,16.0,0.5123042464256287,3.387827,3.791204,-0.403377
test,"(366, 32)",77,1,7.0,2.0,0.7142857313156128,3.739228,0.585050,3.154178
test,"(66, 235)",505,1,337.0,4.0,0.8961424231529236,0.247241,0.122073,0.125168
test,"(200, 496)",180,1,2.0,1.0,1.0,4.136991,0.571525,3.565466
test,"(193, 331)",51,1,78.0,18.0,0.21794871985912323,4.869874,3.342265,1.527608
test,"(82, 361)",77,1,91.0,5.0,0.8351648449897766,1.637812,0.257004,1.380808
test,"(193, 507)",396,1,29.0,7.0,0.48275861144065857,7.305655,4.842092,2.463562
test,"(375, 82)",66,1,186.0,5.0,0.8763440847396851,3.435861,0.237288,3.198573
test,"(83, 81)",322,1,408.0,22.0,0.34558823704719543,5.298018,2.872369,2.425649
test,"(218, 507)",134,1,31.0,4.0,0.8709677457809448,5.545748,3.253653,2.292094
test,"(223, 265)",82,1,44.0,3.0,0.8181818127632141,2.862058,0.317068,2.544989
test,"(51, 81)",185,1,269.0,7.0,0.6282528042793274,3.716620,2.196568,1.520053
test,"(81, 322)",46,1,76.0,28.0,0.15789473056793213,9.649357,5.557754,4.091603
test,"(81, 322)",25,1,76.0,28.0,0.15789473056793213,3.418845,3.090245,0.328600
test,"(207, 26)",507,1,443.0,14.0,0.4898419976234436,4.799951,5.635045,-0.835094
test,"(78, 368)",36,1,78.0,23.0,0.12820513546466827,6.304258,2.153895,4.150363
test,"(92, 207)",207,1,6.0,3.0,0.6666666865348816,4.840317,3.085745,1.754572
test,"(194, 237)",248,1,311.0,3.0,0.852090060710907,0.625074,0.198883,0.426191
test,"(237, 248)",232,1,359.0,3.0,0.9944289922714233,1.210404,0.078855,1.131549
test,"(70, 317)",44,1,117.0,30.0,0.21367521584033966,5.537714,2.516292,3.021422
test,"(334, 390)",82,1,29.0,4.0,0.37931033968925476,3.206687,1.700202,1.506485
test,"(176, 299)",32,1,5.0,4.0,0.4000000059604645,5.702091,2.798473,2.903618
test,"(179, 200)",83,1,144.0,2.0,0.9861111044883728,2.405122,0.112712,2.292410
test,"(68, 248)",232,1,641.0,47.0,0.17628705501556396,1.575315,1.815965,-0.240650
test,"(197, 176)",192,1,211.0,7.0,0.44549763202667236,3.914608,0.914807,2.999801
test,"(65, 73)",13,1,143.0,16.0,0.5734265446662903,5.783236,2.825207,2.958029
test,"(73, 13)",256,1,16.0,9.0,0.3125,4.371489,2.020527,2.350961
test,"(72, 64)",12,1,99.0,23.0,0.19191919267177582,7.395462,2.571314,4.824147
test,"(334, 65)",73,1,34.0,3.0,0.9411764740943909,3.822219,0.185694,3.636526
test,"(88, 189)",358,1,287.0,18.0,0.5052264928817749,7.036464,5.512571,1.523892
test,"(134, 40)",34,1,272.0,25.0,0.1764705926179886,2.873871,3.994985,-1.121114
test,"(72, 64)",12,1,99.0,23.0,0.19191919267177582,7.447138,2.571355,4.875783
test,"(41, 50)",46,1,128.0,7.0,0.9375,3.014671,0.168589,2.846081
test,"(8, 218)",186,1,116.0,13.0,0.2931034564971924,1.221347,1.594488,-0.373142
test,"(217, 7)",378,1,115.0,14.0,0.417391300201416,6.415433,4.575402,1.840032
test,"(378, 70)",13,1,178.0,24.0,0.32022473216056824,3.265330,1.235640,2.029690
test,"(64, 12)",473,1,51.0,10.0,0.3333333432674408,5.994244,2.053798,3.940446
test,"(67, 72)",64,1,642.0,16.0,0.37071651220321655,4.145315,2.708715,1.436600
test,"(28, 6)",352,1,94.0,31.0,0.1595744639635086,6.662518,2.407054,4.255464
test,"(62, 296)",78,1,15.0,3.0,0.46666666865348816,4.013443,0.960421,3.053022
test,"(180, 189)",134,1,416.0,32.0,0.5024038553237915,2.293340,3.132978,-0.839638
test,"(440, 82)",367,1,174.0,27.0,0.24137930572032928,5.373515,6.176920,-0.803405
test,"(199, 300)",79,1,3.0,2.0,0.6666666865348816,4.267663,0.922919,3.344744
test,"(62, 50)",43,1,56.0,13.0,0.2142857164144516,4.993912,7.070815,-2.076903
test,"(365, 128)",140,1,104.0,5.0,0.557692289352417,2.278508,3.099026,-0.820518
test,"(414, 212)",110,1,220.0,19.0,0.1818181872367859,2.567941,1.866050,0.701891
test,"(6, 25)",199,1,345.0,25.0,0.36811593174934387,0.519088,0.924741,-0.405652
test,"(212, 121)",203,1,535.0,10.0,0.3252336382865906,2.858498,3.130626,-0.272129
test,"(425, 261)",50,1,51.0,17.0,0.4901960790157318,6.671503,5.379668,1.291835
test,"(195, 199)",127,1,12.0,7.0,0.1666666716337204,2.092901,2.915763,-0.822863
test,"(425, 261)",50,1,51.0,17.0,0.4901960790157318,6.722134,5.381025,1.341109
test,"(261, 50)",233,1,1.0,1.0,1.0,6.376917,1.486305,4.890612
test,"(439, 201)",6,1,270.0,38.0,0.25925925374031067,3.226984,3.902414,-0.675430
test,"(118, 221)",229,1,9.0,2.0,0.7777777910232544,1.747724,3.277114,-1.529390
test,"(6, 25)",199,1,345.0,25.0,0.36811593174934387,0.317351,0.891755,-0.574405
test,"(65, 78)",67,1,428.0,8.0,0.7196261882781982,3.070275,3.131442,-0.061166
test,"(254, 109)",221,1,290.0,17.0,0.33448275923728943,3.463374,3.471545,-0.008171
test,"(83, 259)",199,1,35.0,12.0,0.2857142984867096,1.450157,1.310951,0.139206
test,"(221, 251)",338,1,569.0,41.0,0.15114235877990723,2.814833,2.163609,0.651225
test,"(86, 217)",50,1,2.0,2.0,0.5,5.292100,2.132354,3.159746
test,"(127, 117)",1,1,211.0,32.0,0.3270142078399658,7.182708,5.113696,2.069012
test,"(259, 199)",127,1,405.0,83.0,0.14320987462997437,0.806100,1.819337,-1.013237
test,"(199, 86)",68,1,70.0,11.0,0.48571428656578064,3.443145,3.288972,0.154173
test,"(226, 229)",476,1,468.0,24.0,0.55982905626297,6.045962,5.377232,0.668730
test,"(199, 127)",158,1,615.0,41.0,0.17398373782634735,3.933014,3.223499,0.709516
test,"(285, 115)",221,1,159.0,21.0,0.3459119498729706,4.453791,4.715619,-0.261828
test,"(201, 414)",134,1,136.0,12.0,0.5,2.480255,1.188452,1.291802
test,"(365, 439)",285,1,33.0,9.0,0.3636363744735718,1.990509,1.098109,0.892400
test,"(425, 261)",50,1,51.0,17.0,0.4901960790157318,6.618546,5.378174,1.240371
test,"(251, 134)",128,1,26.0,14.0,0.1538461595773697,1.922988,3.633623,-1.710634
test,"(67, 196)",198,1,1.0,1.0,1.0,9.584944,10.649595,-1.064651
test,"(376, 119)",221,1,129.0,14.0,0.5813953280448914,4.094594,5.868647,-1.774053
test,"(478, 128)",149,1,3.0,1.0,1.0,1.133857,2.839127,-1.705270
test,"(201, 6)",25,1,63.0,6.0,0.6666666865348816,2.564741,2.429954,0.134787
test,"(25, 199)",65,1,2122.0,114.0,0.12205466628074646,3.024008,3.509161,-0.485153
test,"(128, 139)",251,1,288.0,24.0,0.3159722089767456,5.127798,3.847819,1.279979
test,"(444, 414)",127,1,145.0,20.0,0.317241370677948,2.411794,3.477943,-1.066149
test,"(128, 141)",212,1,238.0,18.0,0.5630252361297607,4.329470,6.068842,-1.739372
test,"(261, 50)",233,1,1.0,1.0,1.0,6.468000,1.486370,4.981630
test,"(261, 50)",233,1,1.0,1.0,1.0,6.548413,1.486423,5.061990
test,"(212, 161)",203,1,71.0,8.0,0.23943662643432617,3.896715,1.897090,1.999625
test,"(152, 251)",203,1,5.0,3.0,0.4000000059604645,2.706836,3.027895,-0.321059
test,"(119, 338)",115,1,23.0,6.0,0.30434781312942505,1.857530,2.143558,-0.286029
test,"(201, 212)",153,1,289.0,17.0,0.2560553550720215,4.519289,5.104469,-0.585180
test,"(94, 127)",123,1,132.0,18.0,0.20454545319080353,3.143142,2.343673,0.799469
test,"(6, 25)",199,1,345.0,25.0,0.36811593174934387,0.399576,0.905874,-0.506298
test,"(233, 83)",259,1,117.0,15.0,0.38461539149284363,3.632915,5.827841,-2.194927
test,"(95, 203)",251,0,0.0,0.0,0.0,2.902597,1.924888,0.977709
test,"(338, 112)",439,1,220.0,20.0,0.15000000596046448,2.847713,4.161506,-1.313794
test,"(67, 88)",50,1,92.0,17.0,0.27173912525177,6.366175,5.779855,0.586319
test,"(238, 221)",251,1,49.0,12.0,0.26530611515045166,2.567466,2.258138,0.309328
test,"(128, 149)",238,1,222.0,31.0,0.18918919563293457,4.908852,7.184390,-2.275538
test,"(439, 203)",238,1,107.0,14.0,0.22429905831813812,2.391648,1.969654,0.421994
test,"(74, 250)",44,0,0.0,0.0,0.0,7.586522,8.493592,-0.907071
test,"(166, 203)",500,1,29.0,7.0,0.6896551847457886,2.813842,4.475661,-1.661819
test,"(134, 428)",86,1,119.0,4.0,0.5966386795043945,3.084003,0.615992,2.468012
test,"(7, 90)",328,1,702.0,49.0,0.15099714696407318,6.084866,4.097423,1.987444
test,"(460, 134)",173,1,80.0,25.0,0.21250000596046448,7.004922,5.312334,1.692587
test,"(25, 189)",134,1,709.0,83.0,0.25528913736343384,3.291964,1.427636,1.864328
test,"(418, 213)",332,1,61.0,4.0,0.688524603843689,7.754696,0.495725,7.258971
test,"(315, 16)",6,0,0.0,0.0,0.0,3.840589,5.017125,-1.176537
test,"(193, 134)",188,1,864.0,79.0,0.08796296268701553,6.888237,3.986023,2.902214
test,"(81, 178)",25,1,699.0,49.0,0.23032903671264648,2.621226,1.820899,0.800326
test,"(65, 176)",26,1,369.0,35.0,0.2899729013442993,4.521167,1.340238,3.180928
test,"(230, 0)",82,1,390.0,57.0,0.10256410390138626,6.223096,3.481609,2.741487
test,"(352, 230)",205,1,29.0,10.0,0.2068965584039688,7.122544,9.238189,-2.115645
test,"(11, 193)",225,1,608.0,39.0,0.24013157188892365,4.516575,5.591062,-1.074487
test,"(51, 423)",313,1,191.0,20.0,0.21989528834819794,5.306492,6.373871,-1.067380
test,"(87, 50)",180,1,31.0,4.0,0.4516128897666931,4.514016,6.260836,-1.746820
test,"(469, 134)",20,1,86.0,18.0,0.43023255467414856,5.247228,6.584529,-1.337301
test,"(39, 68)",202,1,82.0,5.0,0.46341463923454285,9.012254,4.286282,4.725972
test,"(254, 119)",365,1,418.0,21.0,0.4617224931716919,4.780486,3.050052,1.730434
test,"(379, 88)",336,1,105.0,20.0,0.6571428775787354,6.289855,7.722630,-1.432775
test,"(299, 25)",189,1,84.0,23.0,0.2738095223903656,3.026534,2.505478,0.521056
test,"(64, 76)",175,1,316.0,55.0,0.10759493708610535,1.990415,3.711835,-1.721420
test,"(219, 177)",13,1,24.0,7.0,0.4166666567325592,3.753937,4.621494,-0.867557
test,"(208, 28)",249,1,16.0,6.0,0.5,5.901673,2.050022,3.851651
test,"(270, 199)",75,1,399.0,53.0,0.11278195679187775,4.193161,5.863851,-1.670691
test,"(82, 218)",186,1,51.0,11.0,0.3529411852359772,1.104942,1.478611,-0.373669
test,"(71, 13)",247,1,261.0,35.0,0.17241379618644714,4.393106,2.900832,1.492274
test,"(202, 35)",241,1,26.0,2.0,0.9230769276618958,10.338599,10.521188,-0.182589
test,"(76, 175)",82,1,578.0,64.0,0.22145329415798187,3.686134,5.243073,-1.556939
test,"(219, 177)",13,1,24.0,7.0,0.4166666567325592,3.212018,4.463403,-1.251385
test,"(78, 67)",352,1,495.0,27.0,0.3292929232120514,5.411036,5.044596,0.366440
test,"(67, 51)",423,1,83.0,7.0,0.27710843086242676,0.890507,2.104657,-1.214150
test,"(175, 11)",258,1,54.0,15.0,0.35185185074806213,4.441913,2.404805,2.037109
test,"(76, 175)",64,1,578.0,64.0,0.22145329415798187,4.532808,6.516892,-1.984084
test,"(186, 207)",26,1,870.0,14.0,0.25287356972694397,3.150344,2.438094,0.712250
test,"(312, 188)",67,1,154.0,1.0,1.0,2.651773,0.102038,2.549735
test,"(318, 80)",84,1,78.0,2.0,0.8461538553237915,0.576653,1.644269,-1.067616
test,"(260, 8)",186,1,7.0,3.0,0.7142857313156128,2.563995,3.524942,-0.960946
test,"(77, 176)",70,1,203.0,26.0,0.32019704580307007,6.291975,7.809240,-1.517266
test,"(8, 432)",477,0,0.0,0.0,0.0,1.483973,1.948130,-0.464157
test,"(402, 134)",35,1,370.0,21.0,0.4648648500442505,3.707743,0.867852,2.839891
test,"(189, 134)",196,1,667.0,50.0,0.2353823035955429,3.989943,1.543026,2.446916
test,"(214, 36)",77,1,10.0,1.0,1.0,2.464835,4.359707,-1.894872
test,"(82, 51)",78,1,47.0,9.0,0.4680851101875305,3.092724,0.858606,2.234118
test,"(434, 510)",78,1,1.0,1.0,1.0,5.718822,3.623869,2.094953
test,"(72, 219)",177,1,30.0,2.0,0.800000011920929,7.870568,0.358763,7.511805
test,"(219, 200)",33,1,9.0,4.0,0.4444444477558136,6.832281,8.929299,-2.097018
test,"(134, 247)",87,1,315.0,8.0,0.6793650984764099,1.787547,0.462038,1.325509
test,"(178, 45)",68,0,0.0,0.0,0.0,3.581101,4.061515,-0.480414
test,"(43, 68)",85,1,92.0,6.0,0.3478260934352875,3.937475,1.175425,2.762050
test,"(36, 77)",67,1,294.0,11.0,0.27210885286331177,4.096079,2.385299,1.710780
test,"(7, 79)",72,1,525.0,42.0,0.13523809611797333,4.046375,5.790547,-1.744172
test,"(336, 40)",82,1,2.0,1.0,1.0,2.179704,0.491108,1.688596
test,"(25, 189)",224,1,709.0,83.0,0.25528913736343384,2.805391,4.212505,-1.407114
test,"(36, 77)",67,1,294.0,11.0,0.27210885286331177,3.587644,2.373394,1.214250
test,"(76, 175)",82,1,578.0,64.0,0.22145329415798187,4.307138,5.490852,-1.183714
test,"(207, 26)",133,1,443.0,14.0,0.4898419976234436,1.752265,2.681759,-0.929494
test,"(15, 25)",134,1,101.0,18.0,0.20792078971862793,1.941910,3.180104,-1.238195
test,"(8, 133)",354,1,571.0,42.0,0.31873905658721924,4.479583,5.275452,-0.795869
test,"(13, 86)",178,1,210.0,15.0,0.25238096714019775,4.260516,2.995609,1.264907
test,"(241, 82)",36,1,182.0,7.0,0.7252747416496277,4.943312,7.121053,-2.177742
test,"(44, 190)",71,1,55.0,2.0,0.8909090757369995,1.633450,0.207433,1.426017
test,"(180, 134)",44,1,1339.0,86.0,0.08513816446065903,3.586073,3.557314,0.028759
test,"(83, 213)",72,1,19.0,11.0,0.21052631735801697,3.588697,5.581679,-1.992982
test,"(231, 80)",13,1,112.0,4.0,0.625,4.864647,3.137364,1.727283
test,"(134, 478)",201,1,71.0,9.0,0.4647887349128723,2.711942,0.861087,1.850856
test,"(297, 230)",0,1,954.0,66.0,0.39308175444602966,1.716986,0.979244,0.737742
test,"(15, 230)",462,1,1.0,1.0,1.0,8.528894,8.263291,0.265603
test,"(134, 20)",4,1,186.0,32.0,0.23655913770198822,4.444738,6.393909,-1.949170
test,"(78, 76)",65,1,318.0,41.0,0.12893082201480865,3.201301,2.749106,0.452195
test,"(76, 175)",64,1,578.0,64.0,0.22145329415798187,5.254896,6.985284,-1.730388
test,"(180, 418)",213,1,569.0,23.0,0.29173988103866577,3.913907,2.468586,1.445321
test,"(7, 84)",30,1,57.0,8.0,0.3684210479259491,12.948992,12.434948,0.514044
test,"(109, 254)",118,1,21.0,5.0,0.380952388048172,3.010139,1.114959,1.895180
test,"(143, 238)",203,1,6.0,2.0,0.8333333134651184,2.460986,0.395419,2.065567
test,"(13, 63)",218,1,23.0,7.0,0.3478260934352875,2.803674,1.148522,1.655152
test,"(112, 127)",109,1,65.0,7.0,0.3692307770252228,3.868041,3.003847,0.864194
test,"(192, 67)",36,1,89.0,19.0,0.2808988690376282,5.568931,6.124356,-0.555425
test,"(213, 332)",13,1,45.0,2.0,0.9777777791023254,1.343817,0.093848,1.249969
test,"(221, 128)",143,1,93.0,7.0,0.3978494703769684,2.453086,1.384163,1.068924
test,"(212, 159)",478,1,49.0,5.0,0.6326530575752258,4.544348,2.282917,2.261430
test,"(478, 128)",152,1,3.0,1.0,1.0,2.867280,0.363020,2.504261
test,"(13, 66)",287,1,794.0,28.0,0.2745591998100281,6.328143,6.398339,-0.070196
test,"(249, 342)",11,1,611.0,27.0,0.23567920923233032,3.142061,2.118194,1.023868
test,"(228, 173)",76,1,595.0,2.0,0.9697479009628296,3.447365,3.526562,-0.079197
test,"(212, 166)",251,1,152.0,10.0,0.3486842215061188,3.443330,1.738537,1.704792
test,"(110, 221)",251,1,175.0,11.0,0.6571428775787354,1.638992,0.483646,1.155346
test,"(213, 197)",67,1,23.0,1.0,1.0,1.562265,0.108001,1.454264
test,"(36, 77)",67,1,294.0,11.0,0.27210885286331177,3.734531,2.377459,1.357072
test,"(85, 243)",207,1,149.0,31.0,0.16107381880283356,8.785620,9.072211,-0.286591
test,"(11, 460)",320,1,47.0,12.0,0.5319148898124695,4.417967,3.656028,0.761939
test,"(328, 320)",495,1,8.0,5.0,0.375,2.707608,1.094465,1.613143
test,"(183, 78)",242,1,442.0,11.0,0.44570136070251465,2.905363,0.902178,2.003185
test,"(25, 189)",134,1,709.0,83.0,0.25528913736343384,3.132402,1.424958,1.707444
test,"(189, 228)",173,1,14.0,4.0,0.5714285969734192,1.305030,1.490800,-0.185770
test,"(176, 81)",178,1,614.0,14.0,0.7638436555862427,1.254616,0.333636,0.920980
test,"(119, 365)",127,1,31.0,2.0,0.9677419066429138,1.191527,3.007748,-1.816221
test,"(300, 498)",72,1,60.0,2.0,0.7833333611488342,4.647922,1.683802,2.964119
test,"(25, 249)",178,1,250.0,11.0,0.5559999942779541,6.490852,8.171892,-1.681040
test,"(72, 197)",330,1,2.0,1.0,1.0,3.791055,0.562823,3.228232
test,"(196, 507)",264,1,11.0,5.0,0.27272728085517883,3.333286,2.179920,1.153366
test,"(330, 25)",249,1,45.0,19.0,0.24444444477558136,3.238161,4.250059,-1.011899
test,"(207, 224)",207,1,46.0,10.0,0.3913043439388275,3.773015,1.060939,2.712076
test,"(37, 72)",81,1,395.0,5.0,0.6759493947029114,2.979520,2.100166,0.879354
test,"(25, 189)",228,1,709.0,83.0,0.25528913736343384,6.066754,6.228741,-0.161986
test,"(176, 81)",178,1,614.0,14.0,0.7638436555862427,1.676004,0.347421,1.328583
test,"(25, 189)",134,1,709.0,83.0,0.25528913736343384,2.928850,1.420873,1.507977
test,"(207, 193)",207,1,84.0,12.0,0.6071428656578064,2.438498,0.591803,1.846695
test,"(184, 7)",79,1,82.0,16.0,0.3048780560493469,3.424258,1.466901,1.957357
test,"(176, 81)",218,1,614.0,14.0,0.7638436555862427,4.578670,3.158278,1.420392
test,"(133, 133)",206,1,2512.0,71.0,0.19864650070667267,9.160245,7.104590,2.055655
test,"(175, 85)",327,1,38.0,7.0,0.42105263471603394,3.103100,1.185818,1.917282
test,"(218, 133)",133,1,665.0,16.0,0.2586466073989868,1.530520,2.147705,-0.617185
test,"(229, 351)",212,1,508.0,42.0,0.2696850299835205,1.712013,1.309597,0.402416
test,"(310, 88)",189,1,294.0,10.0,0.6972789168357849,2.410361,0.454183,1.956178
test,"(13, 438)",45,1,125.0,14.0,0.2240000069141388,7.292611,7.297582,-0.004970
test,"(188, 13)",176,1,572.0,39.0,0.32692307233810425,5.193212,1.955983,3.237228
test,"(439, 201)",497,1,270.0,38.0,0.25925925374031067,3.365976,2.941827,0.424150
test,"(226, 226)",134,1,101.0,21.0,0.2574257552623749,2.972975,2.554529,0.418446
test,"(128, 139)",409,1,288.0,24.0,0.3159722089767456,4.091869,5.990194,-1.898325
test,"(72, 219)",177,1,30.0,2.0,0.800000011920929,8.463221,0.358788,8.104433
test,"(72, 219)",177,1,30.0,2.0,0.800000011920929,8.383021,0.358785,8.024236
test,"(72, 81)",435,1,560.0,26.0,0.5571428537368774,8.742488,10.417197,-1.674710
test,"(199, 127)",153,1,615.0,41.0,0.17398373782634735,2.580677,2.527774,0.052903
test,"(32, 83)",25,1,487.0,31.0,0.30595481395721436,3.705163,1.280627,2.424536
test,"(213, 72)",219,1,11.0,2.0,0.7272727489471436,6.451212,0.521250,5.929963
test,"(229, 254)",120,1,307.0,10.0,0.37785017490386963,2.650538,2.325458,0.325080
test,"(444, 492)",226,1,65.0,14.0,0.6153846383094788,0.742890,0.440439,0.302451
test,"(79, 72)",219,1,153.0,22.0,0.27450981736183167,5.774137,3.285493,2.488644
test,"(72, 219)",177,1,30.0,2.0,0.800000011920929,8.954514,0.358799,8.595714
test,"(109, 351)",212,1,3.0,1.0,1.0,2.037178,2.894331,-0.857153
test,"(177, 13)",66,1,97.0,9.0,0.3711340129375458,3.349444,5.156068,-1.806624
test,"(201, 128)",139,1,228.0,7.0,0.34210526943206787,2.123868,3.129951,-1.006083
test,"(128, 139)",128,1,288.0,24.0,0.3159722089767456,2.595789,2.595316,0.000473
test,"(82, 32)",83,1,170.0,7.0,0.529411792755127,2.085890,2.908067,-0.822178
test,"(188, 13)",176,1,572.0,39.0,0.32692307233810425,4.886758,1.954576,2.932182
test,"(435, 7)",20,1,25.0,9.0,0.2800000011920929,8.827867,7.615671,1.212196
test,"(201, 229)",226,1,688.0,33.0,0.21656976640224457,3.065427,3.215643,-0.150216
test,"(508, 257)",25,1,93.0,10.0,0.301075279712677,1.582947,1.206979,0.375968
test,"(63, 127)",164,1,26.0,9.0,0.19230769574642181,2.102808,1.972804,0.130004
test,"(128, 143)",376,1,271.0,25.0,0.2398523986339569,1.175092,1.356857,-0.181765
test,"(174, 193)",269,1,60.0,14.0,0.3166666626930237,1.941677,3.776001,-1.834324
test,"(134, 254)",123,1,148.0,6.0,0.4864864945411682,2.849779,2.370432,0.479347
test,"(173, 76)",25,1,226.0,41.0,0.22566372156143188,3.684322,4.656610,-0.972288
test,"(251, 338)",112,1,253.0,11.0,0.25691699981689453,2.383284,1.416756,0.966528
test,"(435, 301)",64,1,9.0,2.0,0.8888888955116272,8.455332,3.680658,4.774673
test,"(64, 87)",50,1,107.0,15.0,0.2429906576871872,7.948877,7.098403,0.850474
test,"(213, 72)",219,1,11.0,2.0,0.7272727489471436,6.200167,0.521174,5.678993
test,"(25, 418)",134,0,0.0,0.0,0.0,1.263425,1.338245,-0.074820
test,"(110, 221)",478,1,175.0,11.0,0.6571428775787354,3.406424,3.160529,0.245894
test,"(7, 90)",320,1,702.0,49.0,0.15099714696407318,4.060511,1.966629,2.093882
test,"(134, 219)",200,1,11.0,3.0,0.5454545617103577,3.121389,1.660867,1.460522
test,"(219, 200)",180,1,9.0,4.0,0.4444444477558136,4.524961,6.086650,-1.561689
test,"(83, 42)",68,1,7.0,1.0,1.0,1.624210,0.158334,1.465876
test,"(33, 177)",435,0,0.0,0.0,0.0,6.902609,5.414975,1.487634
test,"(202, 83)",71,1,42.0,9.0,0.4285714328289032,2.513432,0.948334,1.565098
test,"(177, 435)",13,1,13.0,12.0,0.1538461595773697,3.350243,2.769273,0.580970
test,"(8, 218)",186,1,116.0,13.0,0.2931034564971924,1.112391,1.577909,-0.465518
test,"(78, 67)",313,1,495.0,27.0,0.3292929232120514,7.990061,6.059573,1.930489
test,"(179, 7)",90,1,107.0,30.0,0.20560747385025024,2.788698,3.630260,-0.841562
test,"(121, 285)",117,1,99.0,7.0,0.46464645862579346,2.191662,0.853441,1.338221
test,"(72, 219)",177,1,30.0,2.0,0.800000011920929,7.957232,0.358768,7.598464
test,"(134, 243)",184,1,507.0,9.0,0.8047337532043457,0.880014,0.265889,0.614125
test,"(44, 78)",78,1,396.0,10.0,0.631313145160675,2.975461,5.079909,-2.104448
test,"(13, 65)",177,1,145.0,20.0,0.2068965584039688,5.329957,3.088066,2.241891
test,"(65, 177)",435,1,9.0,1.0,1.0,6.914466,0.191812,6.722654
test,"(11, 134)",44,1,2212.0,121.0,0.059222422540187836,4.530365,3.723068,0.807296
test,"(79, 72)",219,1,153.0,22.0,0.27450981736183167,5.264308,3.279987,1.984321
test,"(64, 452)",230,0,0.0,0.0,0.0,4.645633,6.450346,-1.804713
test,"(177, 14)",82,1,24.0,7.0,0.4166666567325592,3.772849,5.641553,-1.868704
test,"(285, 117)",502,1,147.0,12.0,0.2789115607738495,2.401644,1.352517,1.049127
test,"(66, 230)",182,1,188.0,27.0,0.4308510720729828,4.193358,6.172802,-1.979444
test,"(25, 189)",508,1,709.0,83.0,0.25528913736343384,6.217990,5.667121,0.550869
test,"(35, 192)",7,1,538.0,27.0,0.26579925417900085,1.552382,1.328999,0.223383
test,"(6, 207)",218,1,209.0,11.0,0.45933014154434204,1.115471,1.810155,-0.694683
test,"(67, 51)",423,1,83.0,7.0,0.27710843086242676,1.268711,2.216755,-0.948044
test,"(221, 229)",212,1,343.0,46.0,0.2215743511915207,3.060836,1.580176,1.480660
test,"(68, 46)",498,1,11.0,3.0,0.4545454680919647,2.893081,4.401015,-1.507933
test,"(152, 444)",254,1,1.0,1.0,1.0,2.983452,2.845036,0.138416
test,"(11, 224)",183,1,449.0,41.0,0.20935411751270294,3.615225,3.359831,0.255394
test,"(72, 219)",177,1,30.0,2.0,0.800000011920929,8.136131,0.358776,7.777355
test,"(7, 90)",134,1,702.0,49.0,0.15099714696407318,2.836990,2.445482,0.391508
test,"(259, 199)",65,1,405.0,83.0,0.14320987462997437,4.382044,4.897989,-0.515945
test,"(177, 13)",188,1,97.0,9.0,0.3711340129375458,7.339861,9.070139,-1.730278
test,"(35, 401)",25,1,148.0,28.0,0.15540540218353271,2.292417,2.710468,-0.418052
test,"(81, 25)",382,1,74.0,13.0,0.36486485600471497,4.513773,6.404896,-1.891123
test,"(134, 20)",15,1,186.0,32.0,0.23655913770198822,1.620377,1.410990,0.209387
test,"(382, 20)",11,1,38.0,19.0,0.21052631735801697,2.285625,2.051089,0.234537
test,"(15, 11)",358,1,337.0,53.0,0.22255192697048187,5.340195,5.390838,-0.050643
test,"(17, 15)",11,1,399.0,40.0,0.14035087823867798,2.007288,2.925881,-0.918593
test,"(20, 11)",134,1,127.0,24.0,0.35433071851730347,2.017916,1.048638,0.969279
test,"(81, 25)",134,1,74.0,13.0,0.36486485600471497,2.508059,1.827364,0.680696
test,"(18, 20)",11,1,49.0,18.0,0.16326530277729034,2.170623,3.538565,-1.367942
test,"(15, 11)",266,1,337.0,53.0,0.22255192697048187,4.871716,5.823971,-0.952256
test,"(65, 84)",441,1,201.0,10.0,0.2885572016239166,6.299125,2.175915,4.123210
test,"(26, 186)",269,1,592.0,40.0,0.2753378450870514,4.329335,2.733482,1.595853
test,"(405, 180)",213,1,46.0,14.0,0.21739129722118378,4.522682,4.583574,-0.060892
test,"(275, 192)",67,1,19.0,10.0,0.5263158082962036,2.967298,4.065938,-1.098640
test,"(134, 73)",78,1,548.0,11.0,0.7281022071838379,3.353722,3.077081,0.276640
test,"(64, 284)",28,1,12.0,1.0,1.0,7.968232,10.142415,-2.174183
test,"(338, 120)",492,1,246.0,33.0,0.1991869956254959,3.100200,2.851815,0.248385
test,"(275, 192)",67,1,19.0,10.0,0.5263158082962036,3.265090,4.146352,-0.881262
test,"(28, 382)",13,1,185.0,19.0,0.32972973585128784,3.006080,4.666141,-1.660062
test,"(285, 110)",127,1,207.0,13.0,0.2415459007024765,5.667775,7.235858,-1.568083
test,"(109, 201)",128,1,6.0,3.0,0.6666666865348816,1.790972,3.142684,-1.351712
test,"(68, 314)",265,0,0.0,0.0,0.0,3.361313,1.907994,1.453319
test,"(248, 405)",8,1,278.0,29.0,0.18705035746097565,4.097374,4.371444,-0.274070
test,"(284, 231)",86,1,2.0,1.0,1.0,4.008514,6.282283,-2.273769
test,"(128, 140)",12,1,393.0,42.0,0.19083969295024872,8.251357,9.537832,-1.286475
test,"(110, 226)",251,1,108.0,10.0,0.5277777910232544,3.218467,2.291096,0.927372
test,"(35, 192)",313,1,538.0,27.0,0.26579925417900085,4.592565,2.260395,2.332170
test,"(251, 351)",221,1,22.0,11.0,0.3181818127632141,3.595145,1.341540,2.253605
test,"(134, 0)",79,1,374.0,36.0,0.3395721912384033,5.320788,3.223411,2.097377
test,"(19, 284)",134,1,11.0,5.0,0.5454545617103577,1.392848,0.600885,0.791964
test,"(226, 251)",365,1,161.0,11.0,0.5403726696968079,1.763879,1.144258,0.619621
test,"(201, 128)",141,1,228.0,7.0,0.34210526943206787,2.733516,1.158265,1.575251
test,"(218, 186)",207,1,1021.0,27.0,0.46523016691207886,1.607002,0.820487,0.786515
test,"(134, 128)",143,1,266.0,7.0,0.39849624037742615,2.417513,2.526163,-0.108649
test,"(83, 84)",182,1,31.0,3.0,0.6774193644523621,3.356617,1.534555,1.822062
test,"(229, 251)",285,1,181.0,27.0,0.1767955869436264,2.879518,3.908275,-1.028757
test,"(409, 444)",201,1,25.0,5.0,0.6000000238418579,3.050759,4.459225,-1.408465
test,"(35, 68)",65,1,359.0,14.0,0.37883007526397705,2.814293,3.698563,-0.884270
test,"(43, 85)",75,0,0.0,0.0,0.0,6.496572,5.501341,0.995231
test,"(44, 190)",71,1,55.0,2.0,0.8909090757369995,1.488825,0.203701,1.285124
test,"(268, 284)",134,1,4.0,2.0,0.5,1.050479,1.978217,-0.927738
test,"(84, 79)",239,1,579.0,64.0,0.196891188621521,6.939416,5.186996,1.752420
test,"(143, 229)",251,1,4.0,2.0,0.75,3.617444,3.837302,-0.219858
test,"(128, 139)",212,1,288.0,24.0,0.3159722089767456,3.713499,5.913352,-2.199853
test,"(5, 5)",249,1,527.0,39.0,0.36622390151023865,5.282894,5.911959,-0.629065
test,"(180, 134)",44,1,1339.0,86.0,0.08513816446065903,3.783348,3.574863,0.208485
test,"(32, 69)",265,0,0.0,0.0,0.0,6.201322,5.707091,0.494231
test,"(213, 72)",219,1,11.0,2.0,0.7272727489471436,7.230091,0.521393,6.708697
test,"(72, 219)",177,1,30.0,2.0,0.800000011920929,7.271676,0.358718,6.912958
test,"(219, 177)",13,1,24.0,7.0,0.4166666567325592,3.754345,4.621591,-0.867246
test,"(332, 13)",86,1,205.0,13.0,0.25853657722473145,5.381075,7.050306,-1.669231
test,"(11, 264)",360,1,254.0,34.0,0.22047244012355804,3.826702,5.371810,-1.545109
test,"(182, 67)",54,1,348.0,53.0,0.11781609058380127,6.223173,3.717579,2.505594
test,"(134, 196)",25,1,637.0,28.0,0.5023548007011414,2.335658,0.768566,1.567092
test,"(376, 112)",201,1,191.0,13.0,0.8952879309654236,1.604312,0.181287,1.423025
test,"(66, 36)",200,0,0.0,0.0,0.0,6.257214,7.302222,-1.045008
test,"(218, 343)",231,1,254.0,17.0,0.3897637724876404,4.952621,6.110532,-1.157911
test,"(218, 133)",133,1,665.0,16.0,0.2586466073989868,1.294695,2.099582,-0.804887
test,"(219, 177)",180,1,24.0,7.0,0.4166666567325592,4.367877,4.427335,-0.059457
test,"(182, 274)",54,1,371.0,34.0,0.32614555954933167,6.461877,8.602874,-2.140997
test,"(176, 81)",178,1,614.0,14.0,0.7638436555862427,1.457689,0.340980,1.116710
test,"(274, 54)",178,1,1.0,1.0,1.0,5.162676,5.908909,-0.746232
test,"(66, 230)",182,1,188.0,27.0,0.4308510720729828,4.498528,6.383992,-1.885463
test,"(259, 134)",176,1,124.0,29.0,0.27419355511665344,6.127791,1.416923,4.710868
test,"(133, 92)",218,1,829.0,10.0,0.7647768259048462,3.816562,4.032684,-0.216122
test,"(448, 179)",317,1,103.0,12.0,0.34951457381248474,5.203424,2.147450,3.055975
test,"(121, 221)",134,1,174.0,11.0,0.4367816150188446,2.352561,1.761011,0.591550
test,"(188, 68)",79,1,52.0,14.0,0.4423076808452606,5.984250,2.065020,3.919229
test,"(8, 291)",189,1,1310.0,44.0,0.3946564793586731,1.024132,0.918627,0.105504
test,"(269, 189)",266,1,93.0,15.0,0.31182795763015747,5.033421,5.630048,-0.596628
test,"(79, 72)",219,1,153.0,22.0,0.27450981736183167,5.724071,3.285067,2.439004
test,"(121, 221)",212,1,174.0,11.0,0.4367816150188446,1.472494,0.871397,0.601097
test,"(134, 176)",81,1,177.0,2.0,0.9887005686759949,1.944714,0.103861,1.840853
test,"(133, 170)",186,1,368.0,7.0,0.6820651888847351,1.242561,0.436736,0.805825
test,"(11, 266)",188,1,172.0,35.0,0.11046511679887772,6.085417,8.361236,-2.275820
test,"(134, 196)",25,1,637.0,28.0,0.5023548007011414,2.441733,0.770668,1.671065
test,"(134, 63)",131,1,320.0,50.0,0.21562500298023224,8.533584,10.150993,-1.617410
test,"(199, 127)",154,1,615.0,41.0,0.17398373782634735,5.950852,4.491899,1.458954
test,"(249, 223)",207,1,302.0,21.0,0.695364236831665,5.964453,5.481430,0.483023
test,"(133, 92)",218,1,829.0,10.0,0.7647768259048462,4.906479,4.118665,0.787814
test,"(323, 26)",134,1,656.0,22.0,0.38871949911117554,5.469164,3.902966,1.566198
test,"(186, 310)",88,1,139.0,6.0,0.8633093237876892,1.471910,0.223033,1.248877
test,"(177, 218)",193,0,0.0,0.0,0.0,1.482130,2.025693,-0.543563
test,"(441, 180)",213,1,16.0,8.0,0.25,4.136031,4.759954,-0.623923
test,"(440, 78)",241,1,6.0,1.0,1.0,4.649998,0.231033,4.418964
test,"(51, 14)",38,1,3.0,2.0,0.6666666865348816,7.796873,9.459429,-1.662556
test,"(109, 409)",478,1,77.0,9.0,0.29870128631591797,5.082488,3.245903,1.836585
test,"(51, 36)",50,1,221.0,23.0,0.3212669789791107,3.601138,2.223839,1.377299
test,"(92, 11)",134,1,104.0,24.0,0.2788461446762085,1.347965,1.775582,-0.427617
test,"(219, 177)",13,1,24.0,7.0,0.4166666567325592,3.425436,4.532937,-1.107500
test,"(134, 197)",235,1,349.0,11.0,0.32091689109802246,8.469570,10.737093,-2.267523
test,"(221, 134)",254,1,349.0,30.0,0.28080227971076965,3.506399,2.760869,0.745530
test,"(84, 184)",14,1,133.0,26.0,0.1654135286808014,8.608205,10.005183,-1.396978
test,"(72, 173)",76,1,190.0,16.0,0.4000000059604645,2.329357,0.995736,1.333620
test,"(76, 257)",218,1,3.0,2.0,0.6666666865348816,3.777835,3.754381,0.023454
test,"(80, 13)",65,1,25.0,10.0,0.2800000011920929,3.776465,5.505651,-1.729186
test,"(257, 207)",207,1,104.0,11.0,0.39423078298568726,4.501078,1.297885,3.203193
test,"(15, 19)",8,1,256.0,15.0,0.65234375,2.871358,4.681029,-1.809671
test,"(254, 119)",365,1,418.0,21.0,0.4617224931716919,4.488342,3.044057,1.444285
test,"(332, 13)",175,1,205.0,13.0,0.25853657722473145,4.030486,6.164896,-2.134410
test,"(313, 91)",134,1,629.0,37.0,0.4101748764514923,2.988829,1.591586,1.397243
test,"(91, 134)",0,1,136.0,14.0,0.4852941036224365,3.172384,0.828191,2.344193
test,"(88, 208)",28,1,13.0,5.0,0.38461539149284363,10.338255,6.704289,3.633966
test,"(396, 8)",189,1,112.0,18.0,0.3392857015132904,2.187360,1.134690,1.052670
test,"(308, 85)",13,1,23.0,9.0,0.260869562625885,4.213611,1.964690,2.248921
test,"(66, 75)",84,1,407.0,12.0,0.4004913866519928,3.827782,1.017085,2.810696
test,"(173, 76)",250,1,226.0,41.0,0.22566372156143188,8.704321,3.688007,5.016313
test,"(180, 228)",173,1,61.0,12.0,0.3442623019218445,2.174279,2.709026,-0.534747
test,"(127, 110)",226,1,475.0,31.0,0.18526315689086914,2.703611,3.273802,-0.570191
test,"(134, 219)",200,1,11.0,3.0,0.5454545617103577,2.924883,1.655839,1.269044
test,"(112, 444)",414,1,105.0,5.0,0.8761904835700989,1.862412,0.219575,1.642837
test,"(47, 413)",232,0,0.0,0.0,0.0,3.002049,3.137306,-0.135257
test,"(84, 441)",52,1,56.0,6.0,0.4821428656578064,8.248726,10.235189,-1.986463
test,"(51, 87)",180,0,0.0,0.0,0.0,3.536137,3.311963,0.224173
test,"(1, 180)",134,1,15.0,5.0,0.4000000059604645,2.219009,1.022885,1.196124
test,"(13, 79)",72,1,945.0,28.0,0.16613756120204926,3.737747,5.149617,-1.411870
test,"(328, 269)",134,1,14.0,7.0,0.4285714328289032,1.572743,0.882740,0.690003
test,"(68, 299)",8,1,64.0,21.0,0.265625,2.821996,4.187230,-1.365233
test,"(439, 203)",251,1,107.0,14.0,0.22429905831813812,1.653044,1.935354,-0.282310
test,"(134, 494)",26,1,248.0,16.0,0.5120967626571655,4.208533,2.852290,1.356243
test,"(77, 312)",13,1,287.0,12.0,0.5365853905677795,3.838047,2.571515,1.266532
test,"(212, 109)",221,1,138.0,14.0,0.21739129722118378,2.979851,3.496163,-0.516312
test,"(229, 226)",414,1,113.0,25.0,0.28318583965301514,2.841112,2.658016,0.183096
test,"(40, 76)",76,1,2.0,2.0,0.5,5.264085,2.049479,3.214606
test,"(92, 26)",264,1,68.0,7.0,0.75,3.880426,6.055267,-2.174841
test,"(342, 8)",225,1,23.0,5.0,0.3913043439388275,7.126933,8.644568,-1.517635
test,"(77, 67)",134,1,290.0,41.0,0.24482758343219757,3.618700,4.064189,-0.445489
test,"(213, 72)",219,1,11.0,2.0,0.7272727489471436,8.638976,0.521486,8.117490
test,"(402, 301)",64,1,6.0,1.0,1.0,8.315307,8.719937,-0.404631
test,"(202, 83)",71,1,42.0,9.0,0.4285714328289032,2.883578,0.954823,1.928755
test,"(76, 78)",78,1,437.0,21.0,0.20366132259368896,3.572547,5.558418,-1.985871
test,"(221, 251)",127,1,569.0,41.0,0.15114235877990723,3.349184,2.292708,1.056476
test,"(483, 26)",224,1,5.0,2.0,0.800000011920929,3.017890,4.756875,-1.738985
test,"(43, 68)",85,1,92.0,6.0,0.3478260934352875,4.414665,1.177825,3.236840
test,"(134, 188)",85,1,250.0,10.0,0.31200000643730164,3.502647,1.750761,1.751886
test,"(203, 212)",112,1,194.0,18.0,0.19072164595127106,2.896054,2.254474,0.641580
test,"(36, 32)",51,1,69.0,8.0,0.43478259444236755,2.893752,0.939866,1.953886
test,"(64, 1)",180,1,13.0,7.0,0.4615384638309479,4.691646,6.172601,-1.480956
test,"(50, 51)",7,1,121.0,26.0,0.25619834661483765,5.968993,7.218777,-1.249783
test,"(65, 84)",441,1,201.0,10.0,0.2885572016239166,6.847980,2.176599,4.671381
test,"(35, 401)",13,1,148.0,28.0,0.15540540218353271,2.320922,1.778141,0.542781
test,"(219, 177)",13,1,24.0,7.0,0.4166666567325592,3.941717,4.663113,-0.721396
test,"(25, 213)",72,1,165.0,16.0,0.3030303120613098,3.602083,5.844891,-2.242808
test,"(487, 13)",84,1,212.0,19.0,0.3349056541919708,5.135354,2.862826,2.272528
test,"(507, 289)",401,0,0.0,0.0,0.0,1.482013,1.743741,-0.261729
test,"(68, 248)",44,1,641.0,47.0,0.17628705501556396,5.207742,7.464729,-2.256987
test,"(333, 180)",199,1,35.0,8.0,0.3142857253551483,3.116276,4.732653,-1.616377
test,"(115, 201)",128,1,118.0,20.0,0.22033898532390594,1.719038,1.588494,0.130544
test,"(213, 200)",83,1,266.0,7.0,0.3834586441516876,2.221195,1.219100,1.002095
test,"(212, 121)",201,1,535.0,10.0,0.3252336382865906,1.349523,1.223571,0.125952
test,"(492, 203)",25,1,42.0,12.0,0.2857142984867096,8.709098,3.576790,5.132308
test,"(219, 177)",26,1,24.0,7.0,0.4166666567325592,7.187357,7.578693,-0.391336
test,"(235, 236)",47,0,0.0,0.0,0.0,7.228405,5.474630,1.753775
test,"(76, 13)",196,1,447.0,52.0,0.08501118421554565,2.992527,2.566356,0.426170
test,"(178, 317)",34,1,134.0,25.0,0.5895522236824036,5.252831,4.969138,0.283693
test,"(201, 6)",207,1,63.0,6.0,0.6666666865348816,3.886114,3.766061,0.120052
test,"(189, 186)",269,1,766.0,36.0,0.20757180452346802,2.228477,1.617316,0.611160
test,"(67, 88)",420,1,92.0,17.0,0.27173912525177,5.009034,6.870058,-1.861024
test,"(386, 65)",176,1,282.0,2.0,0.9964538812637329,1.605402,0.089125,1.516278
test,"(88, 26)",193,1,9.0,7.0,0.2222222238779068,1.736176,2.607305,-0.871129
test,"(13, 79)",70,1,945.0,28.0,0.16613756120204926,5.504029,7.301738,-1.797709
test,"(134, 196)",25,1,637.0,28.0,0.5023548007011414,2.487395,0.771508,1.715888
test,"(66, 25)",189,1,46.0,13.0,0.32608696818351746,2.972433,4.182685,-1.210252
test,"(418, 134)",197,1,261.0,13.0,0.4406130313873291,5.042891,6.880223,-1.837332
test,"(225, 84)",88,1,172.0,6.0,0.6162790656089783,7.581536,5.011205,2.570331
test,"(8, 13)",73,1,502.0,57.0,0.12549801170825958,5.890550,6.667236,-0.776686
test,"(190, 435)",7,1,442.0,45.0,0.1719457060098648,2.840186,3.150939,-0.310753
test,"(19, 8)",13,1,157.0,23.0,0.2165605127811432,3.509828,4.204673,-0.694845
test,"(229, 212)",121,1,136.0,20.0,0.1985294073820114,2.684107,2.440136,0.243971
test,"(110, 492)",229,1,14.0,4.0,0.7142857313156128,4.426487,4.465576,-0.039089
test,"(81, 178)",25,1,699.0,49.0,0.23032903671264648,2.972984,1.834309,1.138674
test,"(83, 257)",82,0,0.0,0.0,0.0,3.883475,3.581582,0.301893
test,"(219, 177)",13,1,24.0,7.0,0.4166666567325592,2.601020,4.205365,-1.604345
test,"(247, 87)",50,1,394.0,36.0,0.2842639684677124,7.844832,5.681002,2.163830
test,"(205, 88)",452,1,688.0,64.0,0.20494185388088226,7.648552,7.788330,-0.139778
test,"(127, 115)",414,1,374.0,28.0,0.15240642428398132,4.098303,3.452285,0.646019
test,"(72, 219)",177,1,30.0,2.0,0.800000011920929,8.670370,0.358793,8.311577
test,"(13, 73)",82,1,158.0,3.0,0.5696202516555786,1.193145,0.959893,0.233252
test,"(45, 25)",382,1,12.0,9.0,0.1666666716337204,5.413510,3.836141,1.577370
test,"(340, 40)",173,1,28.0,2.0,0.6071428656578064,2.889062,1.086084,1.802978
test,"(269, 240)",82,1,18.0,6.0,0.2777777910232544,1.254793,2.190184,-0.935390
test,"(179, 283)",11,1,233.0,18.0,0.19742488861083984,3.547297,1.699666,1.847631
test,"(158, 338)",119,1,2.0,1.0,1.0,1.840154,0.451243,1.388911
test,"(6, 25)",382,1,345.0,25.0,0.36811593174934387,4.846459,6.396221,-1.549762
test,"(382, 20)",11,1,38.0,19.0,0.21052631735801697,2.780327,2.082441,0.697886
test,"(81, 179)",7,1,313.0,32.0,0.6517571806907654,4.440244,5.079892,-0.639648
test,"(72, 255)",25,1,249.0,36.0,0.4859437644481659,3.811024,3.782084,0.028940
test,"(435, 7)",19,1,25.0,9.0,0.2800000011920929,7.792954,7.596951,0.196003
test,"(193, 269)",134,1,373.0,37.0,0.2252010703086853,1.678450,1.467380,0.211070
test,"(91, 382)",26,1,3.0,2.0,0.6666666865348816,7.790154,0.967520,6.822634
test,"(207, 218)",193,1,625.0,13.0,0.2671999931335449,1.878879,1.888759,-0.009879
test,"(208, 336)",83,1,2.0,1.0,1.0,4.238577,3.093049,1.145528
test,"(219, 177)",257,1,24.0,7.0,0.4166666567325592,5.034791,7.321849,-2.287058
test,"(88, 25)",189,1,326.0,47.0,0.23619632422924042,1.715941,3.022303,-1.306362
test,"(213, 241)",236,1,2.0,1.0,1.0,5.408730,7.678433,-2.269703
test,"(196, 11)",249,1,318.0,46.0,0.11320754885673523,4.328688,3.527557,0.801131
test,"(82, 78)",188,1,505.0,19.0,0.5841584205627441,3.293376,0.635214,2.658162
test,"(84, 265)",13,1,108.0,16.0,0.18518517911434174,2.250911,1.703719,0.547192
test,"(64, 349)",88,1,102.0,14.0,0.30392158031463623,8.548408,1.996417,6.551990
test,"(80, 25)",134,1,12.0,6.0,0.25,1.935957,1.476888,0.459069
test,"(35, 192)",7,1,538.0,27.0,0.26579925417900085,1.203238,1.296125,-0.092887
test,"(75, 477)",8,1,233.0,14.0,0.5278970003128052,5.070144,7.348019,-2.277876
test,"(230, 176)",81,1,87.0,1.0,1.0,2.937618,0.106929,2.830689
test,"(80, 279)",179,1,413.0,22.0,0.33171913027763367,3.714598,1.209038,2.505560
test,"(279, 179)",13,1,140.0,22.0,0.30714285373687744,2.357193,2.477422,-0.120230
test,"(268, 8)",189,1,194.0,28.0,0.15463916957378387,1.534882,1.846316,-0.311435
test,"(8, 13)",73,1,502.0,57.0,0.12549801170825958,6.020148,6.694020,-0.673872
test,"(88, 11)",264,1,216.0,46.0,0.19907407462596893,3.479088,4.938344,-1.459255
test,"(219, 177)",8,1,24.0,7.0,0.4166666567325592,4.957287,6.289148,-1.331861
test,"(27, 77)",386,1,1.0,1.0,1.0,4.958367,1.456041,3.502326
test,"(80, 83)",88,1,28.0,4.0,0.7142857313156128,4.922404,6.282673,-1.360269
test,"(80, 83)",88,1,28.0,4.0,0.7142857313156128,5.346471,6.427348,-1.080877
test,"(22, 20)",11,1,32.0,10.0,0.21875,2.576461,3.659740,-1.083279
test,"(19, 15)",19,1,153.0,41.0,0.09150326997041702,3.568540,2.380805,1.187734
test,"(178, 25)",199,1,393.0,34.0,0.4987277388572693,1.259823,0.724026,0.535797
test,"(13, 72)",173,1,168.0,7.0,0.5833333134651184,2.776232,0.638928,2.137304
test,"(25, 189)",213,1,709.0,83.0,0.25528913736343384,6.443746,4.503229,1.940517
test,"(189, 308)",85,1,1.0,1.0,1.0,4.126838,4.565198,-0.438360
test,"(206, 84)",265,1,339.0,5.0,0.6932153105735779,5.091112,1.482397,3.608715
test,"(317, 14)",188,1,105.0,17.0,0.2857142984867096,6.123097,8.320151,-2.197054
test,"(219, 177)",13,1,24.0,7.0,0.4166666567325592,3.013068,4.389283,-1.376215
test,"(36, 45)",35,1,213.0,21.0,0.2535211145877838,3.729947,2.602770,1.127177
test,"(65, 78)",67,1,428.0,8.0,0.7196261882781982,3.277121,3.151506,0.125615
test,"(188, 83)",134,1,145.0,34.0,0.22758620977401733,3.547692,2.310635,1.237057
test,"(134, 0)",270,1,374.0,36.0,0.3395721912384033,3.154992,1.151763,2.003229
test,"(72, 219)",177,1,30.0,2.0,0.800000011920929,7.418622,0.358732,7.059890
test,"(72, 197)",330,1,2.0,1.0,1.0,3.783412,0.562793,3.220619
test,"(72, 197)",330,1,2.0,1.0,1.0,3.676027,0.562340,3.113686
test,"(70, 66)",45,1,5.0,4.0,0.4000000059604645,10.563927,10.617302,-0.053375
test,"(498, 72)",197,1,33.0,3.0,0.5757575631141663,5.755844,4.941298,0.814546
test,"(82, 8)",291,1,622.0,44.0,0.17845658957958221,2.661641,1.757271,0.904369
test,"(79, 72)",219,1,153.0,22.0,0.27450981736183167,5.561038,3.283523,2.277515
test,"(7, 90)",134,1,702.0,49.0,0.15099714696407318,3.040921,2.458032,0.582889
test,"(301, 190)",82,1,251.0,4.0,0.9203187227249146,4.329079,3.247584,1.081494
test,"(291, 228)",13,1,7.0,2.0,0.8571428656578064,4.161222,0.389870,3.771351
test,"(243, 484)",28,0,0.0,0.0,0.0,2.422861,2.188648,0.234213
test,"(67, 370)",25,1,60.0,17.0,0.2666666805744171,2.527812,1.368425,1.159387
test,"(197, 67)",370,1,719.0,55.0,0.4186370074748993,6.287489,7.619321,-1.331832
test,"(70, 66)",16,1,5.0,4.0,0.4000000059604645,8.586914,7.870880,0.716034
test,"(382, 281)",193,1,87.0,20.0,0.24137930572032928,4.512823,5.568169,-1.055345
test,"(179, 190)",435,1,163.0,8.0,0.6441717743873596,2.763425,0.534644,2.228781
test,"(178, 25)",199,1,393.0,34.0,0.4987277388572693,2.547732,0.767328,1.780404
test,"(82, 8)",291,1,622.0,44.0,0.17845658957958221,2.478417,1.749165,0.729253
test,"(7, 18)",21,1,30.0,7.0,0.30000001192092896,6.176515,1.387403,4.789112
test,"(495, 25)",189,1,227.0,4.0,0.8193832635879517,1.670985,0.282483,1.388503
test,"(254, 119)",365,1,418.0,21.0,0.4617224931716919,4.751414,3.049529,1.701885
test,"(134, 128)",148,1,266.0,7.0,0.39849624037742615,1.449543,0.965434,0.484109
test,"(35, 36)",62,1,206.0,20.0,0.3203883469104767,2.944269,3.654680,-0.710411
test,"(38, 56)",62,1,5.0,2.0,0.800000011920929,5.064196,3.720923,1.343273
test,"(32, 49)",34,1,69.0,15.0,0.2028985470533371,3.782898,3.410060,0.372838
test,"(88, 352)",231,1,23.0,11.0,0.30434781312942505,4.673305,5.778830,-1.105525
test,"(352, 231)",70,1,9.0,6.0,0.4444444477558136,3.597991,3.270465,0.327526
test,"(349, 75)",180,1,65.0,26.0,0.20000000298023224,4.814085,5.842833,-1.028748
test,"(45, 68)",215,1,33.0,5.0,0.4545454680919647,2.608907,0.916735,1.692172
test,"(287, 184)",67,1,12.0,1.0,1.0,4.347708,0.164176,4.183532
test,"(268, 186)",207,1,235.0,33.0,0.11063829809427261,3.134149,4.099455,-0.965306
test,"(244, 65)",78,0,0.0,0.0,0.0,4.018141,2.932401,1.085740
test,"(82, 8)",291,1,622.0,44.0,0.17845658957958221,3.700711,1.783778,1.916932
test,"(26, 193)",269,1,197.0,21.0,0.2791878283023834,2.401667,1.802571,0.599096
test,"(214, 82)",7,1,192.0,12.0,0.453125,3.631357,1.862955,1.768402
test,"(8, 8)",311,1,691.0,42.0,0.14616498351097107,3.422034,3.844064,-0.422030
test,"(84, 214)",25,1,148.0,16.0,0.3513513505458832,4.601889,5.825601,-1.223713
test,"(197, 176)",70,1,211.0,7.0,0.44549763202667236,7.081637,3.619353,3.462284
test,"(38, 34)",497,1,5.0,5.0,0.20000000298023224,12.452645,10.495870,1.956775
test,"(193, 297)",230,1,398.0,32.0,0.41206029057502747,0.552265,0.791049,-0.238784
test,"(68, 484)",28,0,0.0,0.0,0.0,3.204809,2.232517,0.972292
test,"(213, 332)",13,1,45.0,2.0,0.9777777791023254,1.176633,0.088648,1.087986
test,"(44, 287)",27,1,84.0,13.0,0.25,5.204157,1.571156,3.633001
test,"(217, 49)",200,1,7.0,2.0,0.5714285969734192,6.567546,8.767631,-2.200085
test,"(32, 83)",25,1,487.0,31.0,0.30595481395721436,2.983706,1.271310,1.712396
test,"(192, 313)",249,1,65.0,3.0,0.800000011920929,3.342481,1.797104,1.545377
test,"(68, 25)",249,1,311.0,27.0,0.39228296279907227,3.195360,5.260417,-2.065057
test,"(58, 60)",313,1,543.0,17.0,0.2688766121864319,5.262505,3.326167,1.936338
test,"(133, 354)",179,1,88.0,4.0,0.9431818127632141,2.360410,0.153179,2.207231
test,"(300, 79)",72,1,88.0,9.0,0.4318181872367859,3.024984,1.454416,1.570568
test,"(20, 284)",134,1,6.0,4.0,0.5,1.161709,1.577068,-0.415359
test,"(55, 62)",47,1,56.0,10.0,0.3928571343421936,4.654320,3.822598,0.831722
test,"(188, 173)",7,1,278.0,37.0,0.17985612154006958,4.070911,1.805050,2.265861
test,"(76, 257)",11,1,3.0,2.0,0.6666666865348816,3.104341,3.029989,0.074351
test,"(76, 257)",25,1,3.0,2.0,0.6666666865348816,1.857617,0.728376,1.129241
test,"(82, 13)",214,1,1646.0,100.0,0.11907655000686646,3.836437,4.328084,-0.491648
test,"(80, 25)",134,1,12.0,6.0,0.25,1.547276,1.447313,0.099963
test,"(143, 128)",152,1,2.0,1.0,1.0,3.239979,0.529758,2.710221
test,"(238, 238)",201,1,12.0,5.0,0.5,2.694286,2.953564,-0.259278
test,"(77, 312)",268,1,287.0,12.0,0.5365853905677795,4.206353,2.363300,1.843053
test,"(11, 328)",213,1,81.0,22.0,0.17283950746059418,3.233686,3.745754,-0.512068
test,"(238, 201)",229,1,184.0,29.0,0.3695652186870575,1.184328,2.156288,-0.971959
test,"(334, 79)",197,1,198.0,2.0,0.6868686676025391,1.797074,0.459144,1.337930
test,"(213, 13)",188,1,44.0,11.0,0.3181818127632141,7.282202,8.498092,-1.215890
test,"(439, 201)",497,1,270.0,38.0,0.25925925374031067,3.362759,2.941616,0.421143
test,"(80, 25)",134,1,12.0,6.0,0.25,1.586505,1.450800,0.135705
test,"(66, 75)",84,1,407.0,12.0,0.4004913866519928,3.873307,1.017353,2.855954
test,"(127, 154)",254,1,39.0,9.0,0.41025641560554504,5.574678,2.903046,2.671633
test,"(249, 402)",134,1,484.0,38.0,0.6508264541625977,1.577473,0.472518,1.104955
test,"(492, 226)",414,1,281.0,10.0,0.5266903638839722,2.058597,1.138927,0.919670
test,"(134, 197)",176,1,349.0,11.0,0.32091689109802246,2.449982,3.648782,-1.198799
test,"(212, 166)",251,1,152.0,10.0,0.3486842215061188,4.007513,1.746407,2.261106
test,"(176, 81)",178,1,614.0,14.0,0.7638436555862427,1.212022,0.331905,0.880117
test,"(409, 134)",365,1,57.0,17.0,0.17543859779834747,3.192211,2.621579,0.570632
test,"(139, 376)",118,1,91.0,3.0,0.6703296899795532,1.649233,1.335246,0.313987
test,"(13, 86)",217,1,210.0,15.0,0.25238096714019775,8.093368,6.795201,1.298167
test,"(49, 200)",205,0,0.0,0.0,0.0,6.671185,5.950349,0.720836
test,"(249, 342)",11,1,611.0,27.0,0.23567920923233032,3.152095,2.118552,1.033543
test,"(257, 11)",134,1,271.0,43.0,0.14760147035121918,1.639779,1.774803,-0.135024
test,"(90, 224)",320,1,97.0,14.0,0.4020618498325348,4.670499,1.029588,3.640911
test,"(214, 36)",77,1,10.0,1.0,1.0,2.802093,4.570948,-1.768856
test,"(77, 176)",70,1,203.0,26.0,0.32019704580307007,5.983246,7.656586,-1.673340
test,"(51, 207)",193,1,2.0,2.0,0.5,3.777910,4.218493,-0.440583
test,"(30, 13)",236,1,485.0,46.0,0.12783505022525787,6.217360,7.895666,-1.678306
test,"(118, 254)",110,1,109.0,7.0,0.39449542760849,1.422604,1.347428,0.075175
test,"(25, 310)",279,1,210.0,3.0,0.9714285731315613,0.462703,0.066090,0.396613
test,"(76, 257)",207,1,3.0,2.0,0.6666666865348816,4.021348,3.987231,0.034117
test,"(134, 176)",81,1,177.0,2.0,0.9887005686759949,2.289500,0.108499,2.181001
test,"(265, 13)",448,1,194.0,17.0,0.2164948433637619,5.307619,7.271854,-1.964235
test,"(495, 25)",189,1,227.0,4.0,0.8193832635879517,1.669453,0.282444,1.387008
test,"(502, 492)",6,1,58.0,9.0,0.2068965584039688,6.986589,1.730606,5.255983
test,"(179, 190)",435,1,163.0,8.0,0.6441717743873596,1.903835,0.520085,1.383750
test,"(179, 200)",387,1,144.0,2.0,0.9861111044883728,8.798025,10.665714,-1.867689
test,"(127, 114)",221,1,155.0,12.0,0.34193548560142517,1.892327,1.092293,0.800034
test,"(44, 32)",55,1,108.0,16.0,0.35185185074806213,9.280989,2.278240,7.002748
test,"(13, 73)",82,1,158.0,3.0,0.5696202516555786,1.220774,0.962053,0.258721
test,"(70, 88)",7,1,47.0,15.0,0.1489361673593521,2.903455,2.868223,0.035233
test,"(7, 79)",72,1,525.0,42.0,0.13523809611797333,4.236316,5.894765,-1.658449
test,"(299, 36)",77,1,18.0,1.0,1.0,2.622699,4.642005,-2.019306
test,"(81, 60)",334,1,49.0,7.0,0.2857142984867096,4.957686,6.763815,-1.806129
test,"(60, 334)",69,1,26.0,4.0,0.3461538553237915,2.041591,2.619051,-0.577460
test,"(81, 13)",196,1,92.0,21.0,0.22826087474822998,2.677711,4.207164,-1.529453
test,"(73, 82)",177,1,440.0,14.0,0.6568182110786438,4.567461,0.526001,4.041460
test,"(212, 110)",212,1,507.0,33.0,0.15976330637931824,4.501099,2.320299,2.180800
test,"(25, 213)",72,1,165.0,16.0,0.3030303120613098,4.374019,6.551471,-2.177453
test,"(177, 13)",196,1,97.0,9.0,0.3711340129375458,3.224935,5.076730,-1.851795
test,"(243, 25)",213,1,155.0,13.0,0.6580645442008972,4.692438,6.426799,-1.734361
test,"(219, 177)",13,1,24.0,7.0,0.4166666567325592,3.055801,4.405987,-1.350186
test,"(285, 119)",203,1,443.0,28.0,0.243792325258255,2.468423,1.728897,0.739527
test,"(32, 55)",62,1,14.0,4.0,0.7857142686843872,4.591264,0.363152,4.228112
test,"(134, 176)",81,1,177.0,2.0,0.9887005686759949,1.828690,0.101911,1.726779
test,"(226, 414)",212,1,286.0,38.0,0.19930070638656616,1.891754,1.553393,0.338361
test,"(14, 81)",222,1,6.0,4.0,0.5,4.606559,4.644004,-0.037445
test,"(494, 11)",231,1,31.0,12.0,0.22580644488334656,4.850442,5.553841,-0.703399
test,"(179, 7)",90,1,107.0,30.0,0.20560747385025024,2.575109,3.576490,-1.001381
test,"(231, 82)",13,1,706.0,15.0,0.3243626058101654,2.637634,2.113597,0.524037
test,"(79, 72)",219,1,153.0,22.0,0.27450981736183167,5.241683,3.279673,1.962010
test,"(7, 32)",49,1,12.0,6.0,0.3333333432674408,4.495786,4.883132,-0.387347
test,"(221, 251)",264,1,569.0,41.0,0.15114235877990723,10.202568,11.946109,-1.743540
test,"(127, 111)",226,1,99.0,19.0,0.1818181872367859,2.365617,2.933272,-0.567655
test,"(7, 19)",281,1,26.0,4.0,0.5384615659713745,3.003855,1.447359,1.556496
test,"(221, 6)",207,1,27.0,8.0,0.37037035822868347,3.294945,4.285519,-0.990574
test,"(189, 193)",240,1,480.0,33.0,0.19166666269302368,4.119406,2.258181,1.861225
test,"(500, 201)",478,1,201.0,19.0,0.3383084535598755,3.702728,1.871688,1.831040
test,"(25, 199)",127,1,2122.0,114.0,0.12205466628074646,1.680238,2.024829,-0.344591
test,"(71, 299)",32,1,127.0,27.0,0.14960630238056183,5.564564,3.591677,1.972886
test,"(365, 500)",201,1,57.0,6.0,0.2631579041481018,2.421628,1.375742,1.045887
test,"(207, 218)",224,1,625.0,13.0,0.2671999931335449,2.429768,2.835719,-0.405950
test,"(440, 483)",82,1,94.0,14.0,0.3085106313228607,1.565932,1.176552,0.389379
test,"(180, 231)",80,1,196.0,17.0,0.3520408272743225,3.195288,2.173290,1.021998
test,"(218, 133)",193,1,665.0,16.0,0.2586466073989868,1.153008,1.330700,-0.177692
test,"(133, 193)",231,1,587.0,35.0,0.16013628244400024,4.977170,4.502012,0.475158
test,"(82, 483)",82,1,229.0,17.0,0.34061136841773987,3.272992,1.152483,2.120508
test,"(25, 134)",206,1,1784.0,97.0,0.08464125543832779,4.430196,6.163958,-1.733762
test,"(212, 154)",492,1,23.0,6.0,0.3913043439388275,5.525077,1.350349,4.174728
test,"(120, 226)",134,1,174.0,18.0,0.6149425506591797,2.544060,2.909330,-0.365270
test,"(442, 197)",176,1,96.0,7.0,0.6145833134651184,2.276179,0.581046,1.695133
test,"(26, 133)",170,1,602.0,21.0,0.45348837971687317,3.231349,5.007542,-1.776193
test,"(176, 180)",316,1,68.0,24.0,0.1764705926179886,5.232167,7.148241,-1.916074
test,"(134, 44)",190,1,500.0,37.0,0.21799999475479126,3.918134,2.539968,1.378166
test,"(284, 134)",44,1,631.0,45.0,0.15213945508003235,4.258280,3.858549,0.399731
test,"(78, 76)",268,1,318.0,41.0,0.12893082201480865,3.112850,3.672881,-0.560031
test,"(71, 13)",76,1,261.0,35.0,0.17241379618644714,4.901040,2.914177,1.986863
test,"(44, 190)",71,1,55.0,2.0,0.8909090757369995,1.509275,0.204261,1.305014
test,"(175, 66)",75,1,83.0,2.0,0.9759036302566528,2.872735,0.131683,2.741052
test,"(8, 8)",189,1,691.0,42.0,0.14616498351097107,2.838966,3.180085,-0.341118
test,"(280, 78)",76,1,83.0,1.0,1.0,3.785833,0.111602,3.674231
test,"(133, 133)",14,1,2512.0,71.0,0.19864650070667267,3.419933,1.984252,1.435681
test,"(81, 178)",25,1,699.0,49.0,0.23032903671264648,3.362496,1.844695,1.517801
test,"(78, 378)",8,1,2.0,2.0,0.5,2.853354,4.242904,-1.389550
test,"(13, 69)",175,1,1015.0,24.0,0.24039408564567566,3.025934,4.823599,-1.797665
test,"(78, 76)",26,1,318.0,41.0,0.12893082201480865,10.503538,9.592737,0.910802
test,"(8, 13)",73,1,502.0,57.0,0.12549801170825958,5.938123,6.677389,-0.739266
test,"(338, 118)",444,1,197.0,15.0,0.3857868015766144,2.939243,3.826748,-0.887505
test,"(180, 230)",35,1,289.0,62.0,0.12802767753601074,6.841620,8.044294,-1.202674
test,"(230, 35)",192,1,6.0,4.0,0.5,3.376059,2.476029,0.900030
test,"(13, 82)",66,1,629.0,30.0,0.1621621549129486,3.303703,2.982974,0.320729
test,"(264, 289)",72,1,54.0,12.0,0.35185185074806213,2.001003,2.219412,-0.218408
test,"(88, 11)",264,1,216.0,46.0,0.19907407462596893,2.943071,4.672029,-1.728958
test,"(8, 302)",14,1,54.0,11.0,0.31481480598449707,0.886608,1.714202,-0.827594
test,"(177, 13)",196,1,97.0,9.0,0.3711340129375458,3.485711,5.234847,-1.749136
test,"(251, 201)",6,1,232.0,31.0,0.26293104887008667,4.401505,4.824619,-0.423113
test,"(206, 65)",188,1,12.0,8.0,0.25,3.640754,5.152761,-1.512007
test,"(71, 13)",69,1,261.0,35.0,0.17241379618644714,3.244831,3.643337,-0.398506
test,"(423, 43)",68,0,0.0,0.0,0.0,3.509116,3.294445,0.214671
test,"(189, 193)",240,1,480.0,33.0,0.19166666269302368,4.025613,2.256654,1.768960
test,"(265, 13)",448,1,194.0,17.0,0.2164948433637619,5.408916,7.343008,-1.934092
test,"(187, 7)",79,1,24.0,8.0,0.375,3.852846,2.851575,1.001271
test,"(435, 7)",19,1,25.0,9.0,0.2800000011920929,8.219569,7.625914,0.593655
test,"(164, 221)",229,1,124.0,6.0,0.6612903475761414,2.595149,1.633966,0.961183
test,"(65, 188)",76,1,53.0,18.0,0.1320754736661911,5.337550,7.103932,-1.766381
test,"(79, 200)",83,1,315.0,9.0,0.37142857909202576,2.040945,1.122373,0.918571
test,"(376, 119)",351,1,129.0,14.0,0.5813953280448914,0.555321,0.509059,0.046262
test,"(302, 14)",212,1,697.0,31.0,0.5882353186607361,2.492176,1.889424,0.602752
test,"(120, 492)",351,1,133.0,13.0,0.1654135286808014,3.113663,3.563586,-0.449922
test,"(166, 251)",285,1,72.0,7.0,0.3055555522441864,2.871777,2.963120,-0.091343
test,"(25, 134)",474,1,1784.0,97.0,0.08464125543832779,3.778980,3.040928,0.738052
test,"(45, 413)",455,1,109.0,7.0,0.44954127073287964,2.367451,0.884113,1.483338
test,"(201, 212)",121,1,289.0,17.0,0.2560553550720215,2.310703,1.414573,0.896130
test,"(134, 260)",338,1,594.0,29.0,0.22053872048854828,3.783634,3.380126,0.403508
test,"(260, 351)",1,1,96.0,7.0,0.4479166567325592,5.901734,6.913001,-1.011267
test,"(128, 141)",226,1,238.0,18.0,0.5630252361297607,1.750277,0.616837,1.133439
test,"(7, 206)",78,1,14.0,6.0,0.2857142984867096,7.666012,2.504071,5.161941
test,"(257, 25)",323,1,569.0,23.0,0.6063268780708313,1.556326,0.566385,0.989941
test,"(180, 249)",402,1,459.0,15.0,0.37690630555152893,0.964574,0.969220,-0.004645
test,"(120, 497)",251,1,24.0,6.0,0.4166666567325592,1.638517,1.190590,0.447926
test,"(478, 127)",110,1,61.0,1.0,1.0,2.250900,0.104840,2.146059
test,"(11, 212)",118,1,118.0,17.0,0.26271185278892517,1.723170,1.698516,0.024653
test,"(229, 203)",212,1,162.0,18.0,0.5308641791343689,2.064005,1.992824,0.071181
test,"(280, 78)",76,1,83.0,1.0,1.0,3.916263,0.111912,3.804351
test,"(207, 218)",343,1,625.0,13.0,0.2671999931335449,2.127280,2.481801,-0.354521
test,"(86, 479)",82,1,94.0,22.0,0.20212766528129578,3.319975,3.668012,-0.348037
test,"(86, 479)",13,1,94.0,22.0,0.20212766528129578,3.496162,5.161611,-1.665448
test,"(43, 78)",413,1,423.0,8.0,0.47754135727882385,8.624177,9.907478,-1.283301
test,"(36, 38)",36,1,13.0,7.0,0.3076923191547394,3.871472,1.405852,2.465621
test,"(8, 8)",134,1,691.0,42.0,0.14616498351097107,4.019132,3.909762,0.109370
test,"(49, 36)",469,1,257.0,34.0,0.1750972718000412,7.276093,8.644942,-1.368849
test,"(268, 284)",228,1,4.0,2.0,0.5,6.560983,8.654660,-2.093677
test,"(25, 189)",308,1,709.0,83.0,0.25528913736343384,6.382498,8.620128,-2.237630
test,"(76, 13)",77,1,447.0,52.0,0.08501118421554565,5.125200,3.894322,1.230878
test,"(34, 193)",297,0,0.0,0.0,0.0,2.106328,2.742198,-0.635869
test,"(218, 193)",207,1,571.0,29.0,0.2924693524837494,2.317239,1.294257,1.022981
test,"(133, 193)",231,1,587.0,35.0,0.16013628244400024,4.612388,4.475009,0.137379
test,"(219, 177)",13,1,24.0,7.0,0.4166666567325592,2.985591,4.378312,-1.392721
test,"(212, 115)",476,1,287.0,7.0,0.7142857313156128,4.117360,6.302766,-2.185406
test,"(285, 112)",201,1,178.0,22.0,0.567415714263916,2.146292,0.615955,1.530338
test,"(154, 145)",212,1,5.0,3.0,0.6000000238418579,6.319786,0.795139,5.524647
test,"(14, 14)",472,1,553.0,41.0,0.49005424976348877,3.448833,0.809524,2.639309
test,"(133, 404)",189,1,1049.0,23.0,0.6234509348869324,0.584183,0.469486,0.114697
test,"(192, 67)",34,1,89.0,19.0,0.2808988690376282,4.725433,1.393140,3.332293
test,"(199, 83)",321,1,111.0,14.0,0.44144144654273987,2.099085,0.898095,1.200989
test,"(66, 400)",13,1,384.0,33.0,0.3020833432674408,3.276322,1.933999,1.342324
test,"(69, 237)",77,1,160.0,3.0,0.5625,2.405611,1.082357,1.323254
test,"(243, 62)",68,1,40.0,5.0,0.625,4.625573,0.602759,4.022814
test,"(327, 82)",480,1,225.0,26.0,0.42222222685813904,5.532948,6.446784,-0.913836
test,"(300, 482)",271,1,629.0,19.0,0.37201908230781555,0.692148,1.930382,-1.238234
test,"(478, 226)",8,1,55.0,16.0,0.20000000298023224,4.717191,3.807560,0.909631
test,"(34, 324)",386,1,400.0,9.0,0.5325000286102295,0.850590,0.647696,0.202894
test,"(196, 259)",249,1,95.0,8.0,0.3368421196937561,4.340443,3.423522,0.916921
test,"(366, 67)",32,1,359.0,22.0,0.688022255897522,2.090511,0.460522,1.629989
test,"(214, 66)",75,1,76.0,13.0,0.2368421107530594,3.040836,2.802272,0.238564
test,"(323, 313)",249,1,115.0,2.0,0.9130434989929199,2.487036,0.190404,2.296631
test,"(6, 207)",26,1,209.0,11.0,0.45933014154434204,2.204912,2.912725,-0.707813
test,"(340, 40)",173,1,28.0,2.0,0.6071428656578064,2.668558,1.082026,1.586532
test,"(13, 79)",200,1,945.0,28.0,0.16613756120204926,3.094286,2.541191,0.553095
test,"(200, 184)",7,1,204.0,22.0,0.343137264251709,3.764935,3.015126,0.749808
test,"(25, 199)",259,1,2122.0,114.0,0.12205466628074646,4.079167,3.494721,0.584446
test,"(199, 389)",186,1,53.0,8.0,0.2641509473323822,2.126960,1.745230,0.381730
test,"(413, 8)",191,1,4.0,4.0,0.25,5.329105,5.706844,-0.377739
test,"(269, 191)",293,1,71.0,14.0,0.26760563254356384,2.132307,1.381737,0.750570
test,"(67, 401)",13,1,572.0,34.0,0.18356643617153168,2.016799,1.688347,0.328451
test,"(180, 270)",290,1,677.0,38.0,0.5450516939163208,6.370146,4.250267,2.119879
test,"(75, 190)",69,1,208.0,9.0,0.504807710647583,4.745922,1.407703,3.338219
test,"(11, 193)",231,1,608.0,39.0,0.24013157188892365,4.392406,3.975682,0.416723
test,"(413, 25)",310,1,6.0,2.0,0.6666666865348816,3.952855,5.210613,-1.257758
test,"(293, 13)",86,1,73.0,17.0,0.2054794579744339,4.338821,2.896855,1.441966
test,"(196, 82)",180,1,74.0,12.0,0.3243243098258972,2.060013,1.483155,0.576858
test,"(385, 405)",51,1,609.0,38.0,0.34646961092948914,2.130202,1.594572,0.535630
test,"(91, 249)",342,1,29.0,2.0,0.931034505367279,2.968732,0.187329,2.781403
test,"(13, 77)",223,1,320.0,13.0,0.528124988079071,2.719423,0.730490,1.988933
test,"(83, 293)",257,1,179.0,20.0,0.3519552946090698,1.821446,2.078496,-0.257049
test,"(417, 352)",28,1,3.0,3.0,0.3333333432674408,1.786699,1.205324,0.581375
test,"(70, 26)",186,1,6.0,4.0,0.5,1.256287,2.218768,-0.962482
test,"(134, 243)",13,1,507.0,9.0,0.8047337532043457,5.814449,4.075703,1.738747
test,"(32, 51)",36,1,166.0,17.0,0.2469879537820816,2.804528,1.480982,1.323546
test,"(82, 7)",39,1,678.0,82.0,0.07669616490602493,5.903701,8.130142,-2.226441
test,"(314, 69)",78,1,52.0,2.0,0.9807692170143127,3.491065,0.135617,3.355448
test,"(26, 193)",320,1,197.0,21.0,0.2791878283023834,5.526002,7.063501,-1.537498
test,"(307, 180)",191,0,0.0,0.0,0.0,3.540143,3.661198,-0.121055
test,"(190, 202)",44,0,0.0,0.0,0.0,4.641915,5.183695,-0.541779
test,"(186, 297)",230,1,563.0,28.0,0.7033748030662537,0.553618,0.348413,0.205205
test,"(293, 8)",311,1,12.0,7.0,0.25,4.518846,2.269863,2.248983
test,"(237, 77)",243,1,277.0,3.0,0.5487364530563354,2.208584,0.687615,1.520970
test,"(62, 296)",78,1,15.0,3.0,0.46666666865348816,4.190269,0.961187,3.229083
test,"(218, 195)",207,1,770.0,13.0,0.4259740114212036,2.191747,1.336276,0.855471
test,"(33, 413)",50,1,75.0,20.0,0.5066666603088379,6.303153,4.169295,2.133858
test,"(13, 65)",413,1,145.0,20.0,0.2068965584039688,4.068927,3.035848,1.033079
test,"(301, 178)",276,1,277.0,3.0,0.8483754396438599,1.935943,1.928818,0.007125
test,"(83, 217)",82,1,287.0,14.0,0.9094076752662659,1.915628,0.180790,1.734838
test,"(65, 413)",49,1,107.0,13.0,0.5700934529304504,6.972969,4.535098,2.437871
test,"(83, 217)",82,1,287.0,14.0,0.9094076752662659,2.237276,0.185655,2.051621
test,"(189, 186)",297,1,766.0,36.0,0.20757180452346802,2.421607,1.665868,0.755739
test,"(70, 176)",207,1,454.0,40.0,0.28854626417160034,6.103828,4.078675,2.025153
test,"(31, 77)",68,1,94.0,1.0,1.0,2.146962,0.099737,2.047225
test,"(236, 299)",84,1,83.0,13.0,0.6144578456878662,7.526479,0.601521,6.924958
test,"(73, 68)",248,1,272.0,2.0,0.8676470518112183,2.910467,0.243181,2.667286
test,"(318, 448)",426,1,596.0,6.0,0.6661073565483093,0.371955,0.399865,-0.027909
test,"(14, 372)",14,1,113.0,2.0,0.9469026327133179,1.028610,0.121090,0.907520
test,"(372, 14)",372,1,236.0,18.0,0.4406779706478119,2.148545,0.900845,1.247699
test,"(75, 88)",358,1,313.0,54.0,0.11821085959672928,7.785216,7.072336,0.712880
test,"(176, 85)",298,1,253.0,1.0,1.0,0.873403,0.062592,0.810811
test,"(448, 426)",487,1,406.0,3.0,0.9802955389022827,0.041102,0.021560,0.019542
test,"(134, 31)",314,1,700.0,31.0,0.23999999463558197,3.047760,2.539880,0.507880
test,"(7, 34)",400,1,52.0,10.0,0.2884615361690521,1.433576,1.274461,0.159115
test,"(343, 302)",14,1,118.0,2.0,0.6186440587043762,0.929112,0.519485,0.409627
test,"(232, 13)",36,1,87.0,28.0,0.36781609058380127,5.430964,4.210008,1.220957
test,"(382, 13)",212,1,73.0,12.0,0.3561643958091736,4.134174,2.263417,1.870757
test,"(351, 127)",115,1,96.0,3.0,0.8854166865348816,1.908386,0.215446,1.692939
test,"(88, 77)",66,1,689.0,4.0,0.9796807169914246,2.233135,0.114550,2.118585
test,"(109, 439)",201,1,53.0,2.0,0.9811320900917053,1.278756,0.099083,1.179673
test,"(439, 201)",212,1,270.0,38.0,0.25925925374031067,2.286359,1.384455,0.901904
test,"(326, 259)",199,1,12.0,4.0,0.5,3.380209,0.843557,2.536653
test,"(134, 474)",467,1,402.0,56.0,0.17910447716712952,4.377429,3.920753,0.456676
test,"(79, 79)",217,1,219.0,48.0,0.12328767031431198,5.038190,2.213018,2.825172
test,"(134, 365)",134,1,225.0,15.0,0.46666666865348816,2.576697,4.287350,-1.710653
test,"(128, 141)",226,1,238.0,18.0,0.5630252361297607,1.417562,0.604209,0.813352
test,"(475, 257)",11,1,408.0,26.0,0.29901960492134094,3.062509,2.001344,1.061165
test,"(285, 123)",212,1,241.0,24.0,0.2904564440250397,3.843462,3.769013,0.074450
test,"(273, 7)",7,1,36.0,10.0,0.4166666567325592,2.716361,0.992002,1.724359
test,"(13, 86)",200,1,210.0,15.0,0.25238096714019775,3.201418,2.175979,1.025439
test,"(254, 123)",365,1,105.0,15.0,0.190476194024086,3.699267,3.369458,0.329809
test,"(40, 35)",82,1,163.0,37.0,0.23312883079051971,4.754527,3.705763,1.048764
test,"(35, 82)",367,1,5.0,3.0,0.4000000059604645,6.283938,6.554516,-0.270578
test,"(188, 248)",232,1,399.0,38.0,0.1654135286808014,1.495029,1.692993,-0.197963
test,"(248, 232)",257,1,694.0,73.0,0.1541786789894104,4.994458,4.156552,0.837906
test,"(232, 257)",82,1,12.0,3.0,0.8333333134651184,2.998531,0.351590,2.646941
test,"(248, 232)",82,1,694.0,73.0,0.1541786789894104,1.883288,2.076409,-0.193121
test,"(257, 82)",13,1,80.0,13.0,0.20000000298023224,2.756727,1.678223,1.078505
test,"(0, 77)",68,1,16.0,2.0,0.875,2.448687,4.175742,-1.727055
test,"(413, 72)",424,1,32.0,1.0,1.0,5.820327,0.128648,5.691679
test,"(11, 213)",493,1,294.0,45.0,0.10884353518486023,3.888352,3.039134,0.849218
test,"(228, 242)",178,1,38.0,6.0,0.34210526943206787,7.319941,2.925932,4.394009
test,"(10, 10)",26,1,19.0,3.0,0.4736842215061188,6.376488,0.931267,5.445221
test,"(188, 248)",232,1,399.0,38.0,0.1654135286808014,1.629692,1.708469,-0.078777
test,"(153, 203)",251,1,28.0,3.0,0.8928571343421936,2.501489,0.224466,2.277024
test,"(121, 254)",110,1,28.0,1.0,1.0,1.237796,0.093321,1.144475
test,"(406, 406)",406,1,447.0,6.0,0.7762863636016846,0.067717,0.225708,-0.157990
test,"(25, 290)",493,1,95.0,18.0,0.24210526049137115,2.493249,2.157186,0.336063
test,"(185, 29)",189,1,248.0,22.0,0.125,3.504411,4.083731,-0.579320
test,"(134, 128)",148,1,266.0,7.0,0.39849624037742615,1.283185,0.954342,0.328843
test,"(203, 238)",212,1,311.0,37.0,0.2668810188770294,5.096256,3.301457,1.794799
test,"(217, 13)",79,1,69.0,25.0,0.260869562625885,2.618984,2.810855,-0.191871
test,"(350, 7)",7,1,106.0,14.0,0.4245283007621765,3.477576,1.365599,2.111977
test,"(13, 196)",180,1,798.0,29.0,0.19298245012760162,3.135098,2.241668,0.893429
test,"(110, 444)",492,1,108.0,8.0,0.4444444477558136,3.044175,0.911034,2.133141
test,"(409, 212)",112,1,85.0,11.0,0.25882354378700256,2.804235,2.835783,-0.031548
test,"(502, 376)",112,1,171.0,3.0,0.988304078578949,1.997823,0.104222,1.893601
test,"(112, 376)",120,1,10.0,3.0,0.699999988079071,2.268539,0.518928,1.749612
test,"(118, 201)",338,1,114.0,30.0,0.18421052396297455,4.595306,4.224082,0.371224
test,"(238, 409)",221,1,312.0,11.0,0.45512819290161133,1.738288,1.210405,0.527884
test,"(72, 81)",179,1,560.0,26.0,0.5571428537368774,1.373744,0.640844,0.732900
test,"(226, 260)",439,1,182.0,15.0,0.29120880365371704,2.340706,1.297219,1.043487
test,"(497, 254)",119,1,177.0,9.0,0.46327683329582214,2.111285,0.843366,1.267919
test,"(497, 221)",251,1,86.0,1.0,1.0,1.286287,0.081703,1.204584
test,"(498, 72)",197,1,33.0,3.0,0.5757575631141663,6.223814,4.957987,1.265827
test,"(313, 199)",8,1,173.0,47.0,0.07514450699090958,5.378036,7.131132,-1.753096
test,"(84, 187)",13,1,138.0,22.0,0.4637681245803833,7.026851,4.488087,2.538764
test,"(187, 52)",81,1,2.0,1.0,1.0,2.693599,0.519966,2.173633
test,"(11, 224)",134,1,449.0,41.0,0.20935411751270294,1.550608,1.724479,-0.173871
test,"(32, 85)",190,1,21.0,3.0,0.523809552192688,3.912648,1.029503,2.883145
test,"(43, 64)",88,1,26.0,1.0,1.0,2.145194,0.118233,2.026960
test,"(49, 413)",192,1,8.0,1.0,1.0,7.695661,0.202998,7.492662
test,"(385, 389)",133,1,120.0,1.0,1.0,0.083591,0.009175,0.074415
test,"(77, 342)",218,1,194.0,9.0,0.7628865838050842,2.554308,0.364537,2.189771
test,"(12, 69)",342,1,478.0,16.0,0.7196652889251709,1.115781,0.385630,0.730151
test,"(450, 12)",71,1,592.0,5.0,0.6216216087341309,3.064265,0.574201,2.490064
test,"(27, 14)",79,1,543.0,15.0,0.2504604160785675,4.493133,2.707116,1.786017
test,"(374, 228)",173,1,514.0,1.0,1.0,0.589634,0.046564,0.543070
test,"(19, 213)",87,1,91.0,7.0,0.7582417726516724,2.568506,3.416314,-0.847809
test,"(92, 302)",29,1,233.0,3.0,0.9871244430541992,0.126455,0.023706,0.102749
test,"(85, 200)",7,1,377.0,17.0,0.692307710647583,3.699869,0.468349,3.231520
test,"(13, 20)",8,1,416.0,39.0,0.32932692766189575,5.508530,2.883041,2.625489
test,"(478, 338)",120,1,24.0,3.0,0.9166666865348816,2.234581,0.195103,2.039477
test,"(133, 245)",189,1,247.0,21.0,0.21862348914146423,3.981838,1.697347,2.284491
test,"(123, 201)",260,1,35.0,13.0,0.17142857611179352,3.698713,1.899076,1.799636
test,"(207, 325)",134,1,11.0,6.0,0.5454545617103577,1.935564,2.513165,-0.577601
test,"(180, 270)",191,1,677.0,38.0,0.5450516939163208,6.122845,4.149336,1.973509
test,"(12, 71)",300,1,506.0,5.0,0.7272727489471436,2.496697,0.412636,2.084061
test,"(75, 293)",243,1,264.0,3.0,0.9848484992980957,0.640765,0.063608,0.577156
test,"(274, 134)",32,1,32.0,9.0,0.375,4.108407,1.879560,2.228847
test,"(134, 32)",182,1,542.0,45.0,0.11623616516590118,5.060736,3.929655,1.131080
test,"(182, 76)",72,1,201.0,11.0,0.2636815905570984,3.318524,2.034280,1.284244
test,"(401, 92)",302,1,1.0,1.0,1.0,3.422191,3.446864,-0.024673
test,"(29, 186)",292,1,101.0,9.0,0.5742574334144592,2.367767,0.653648,1.714120
test,"(192, 7)",90,1,434.0,54.0,0.24884793162345886,2.008766,2.687182,-0.678416
test,"(91, 199)",259,1,258.0,32.0,0.27519381046295166,4.199353,2.659836,1.539518
test,"(182, 70)",232,1,236.0,6.0,0.5254237055778503,3.864870,1.582810,2.282059
test,"(73, 78)",175,1,127.0,2.0,0.8031495809555054,4.392519,0.329954,4.062566
test,"(186, 331)",43,1,170.0,21.0,0.25882354378700256,3.306110,2.169759,1.136351
test,"(477, 13)",176,1,184.0,9.0,0.489130437374115,4.096713,0.824331,3.272383
test,"(81, 178)",7,1,699.0,49.0,0.23032903671264648,2.113099,1.510885,0.602214
test,"(399, 34)",357,1,587.0,4.0,0.5962521433830261,2.370503,1.312648,1.057856
test,"(29, 325)",292,1,347.0,7.0,0.38040345907211304,1.135166,1.045761,0.089405
test,"(309, 224)",208,1,160.0,7.0,0.48124998807907104,1.491622,0.790046,0.701575
test,"(66, 464)",310,1,323.0,9.0,0.8544891476631165,0.570301,0.186748,0.383553
test,"(373, 347)",510,1,16.0,3.0,0.875,4.208593,4.038541,0.170052
test,"(312, 12)",175,1,228.0,13.0,0.24122807383537292,6.624640,2.301710,4.322930
test,"(178, 76)",13,1,580.0,50.0,0.12586206197738647,3.395596,2.207136,1.188460
test,"(12, 227)",12,1,713.0,4.0,0.9943898916244507,0.271471,0.028056,0.243416
test,"(88, 12)",18,1,1182.0,29.0,0.20473773777484894,3.518673,2.617490,0.901184
test,"(13, 17)",68,1,175.0,18.0,0.36571428179740906,4.690844,1.344687,3.346157
test,"(68, 13)",83,1,613.0,39.0,0.31647634506225586,3.660186,1.243709,2.416477
test,"(303, 75)",12,1,76.0,2.0,0.9868420958518982,3.781245,0.125712,3.655533
test,"(12, 227)",12,1,713.0,4.0,0.9943898916244507,0.249200,0.026292,0.222908
test,"(13, 182)",70,1,375.0,23.0,0.23199999332427979,2.127450,1.985286,0.142164
test,"(418, 183)",357,1,97.0,12.0,0.3505154550075531,5.251812,5.512368,-0.260556
test,"(219, 47)",246,1,13.0,2.0,0.8461538553237915,2.390939,0.323163,2.067776
test,"(13, 66)",241,1,794.0,28.0,0.2745591998100281,3.542377,2.203193,1.339184
test,"(178, 67)",25,1,446.0,49.0,0.19058296084403992,2.532721,1.983667,0.549053
test,"(176, 81)",178,1,614.0,14.0,0.7638436555862427,0.773906,0.309360,0.464546
test,"(227, 12)",76,1,1258.0,27.0,0.3298887014389038,3.222988,1.201428,2.021560
test,"(90, 372)",13,1,6.0,1.0,1.0,1.174031,0.114194,1.059837
test,"(83, 200)",340,1,210.0,2.0,0.961904764175415,2.235063,0.134934,2.100129
test,"(127, 117)",497,1,211.0,32.0,0.3270142078399658,3.662994,2.178260,1.484734
test,"(201, 251)",254,1,158.0,21.0,0.297468364238739,2.677654,1.272459,1.405195
test,"(29, 224)",208,1,318.0,5.0,0.39308175444602966,1.911858,1.009311,0.902546
test,"(129, 135)",95,1,386.0,8.0,0.7694300413131714,4.615101,2.500444,2.114657
test,"(95, 129)",135,1,21.0,1.0,1.0,0.683798,0.065958,0.617839
test,"(243, 29)",224,1,94.0,12.0,0.21276596188545227,1.868251,2.130497,-0.262246
test,"(70, 12)",66,1,613.0,21.0,0.26101142168045044,4.821382,1.686854,3.134527
test,"(14, 18)",15,1,130.0,1.0,1.0,1.768555,0.091618,1.676937
test,"(178, 67)",25,1,446.0,49.0,0.19058296084403992,2.908646,2.001929,0.906717
test,"(75, 244)",252,1,180.0,13.0,0.5,1.653242,0.757161,0.896082
test,"(292, 253)",29,1,1291.0,1.0,1.0,0.045305,0.004697,0.040608
test,"(12, 87)",75,1,452.0,4.0,0.5508849620819092,0.790115,0.615300,0.174815
test,"(272, 252)",86,1,2224.0,26.0,0.254046767950058,1.808705,1.888311,-0.079606
test,"(11, 375)",82,1,80.0,13.0,0.3125,3.548756,2.084796,1.463960
test,"(301, 192)",27,1,543.0,27.0,0.32044199109077454,2.963666,1.422369,1.541298
test,"(7, 77)",342,1,549.0,25.0,0.31147539615631104,2.174243,1.233871,0.940372
test,"(180, 420)",88,1,160.0,1.0,1.0,0.608245,0.048598,0.559647
test,"(420, 88)",77,1,551.0,1.0,1.0,1.462659,0.081177,1.381482
test,"(77, 66)",230,1,688.0,38.0,0.26889535784721375,3.637080,1.408588,2.228492
test,"(188, 8)",311,1,64.0,15.0,0.203125,5.067961,2.009041,3.058921
test,"(477, 13)",82,1,184.0,9.0,0.489130437374115,3.998083,1.392050,2.606033
test,"(79, 222)",68,1,229.0,5.0,0.7336244583129883,1.038148,1.419760,-0.381612
test,"(12, 21)",309,1,266.0,28.0,0.20676691830158234,2.145131,1.634879,0.510252
test,"(228, 173)",378,1,595.0,2.0,0.9697479009628296,0.255061,0.051795,0.203267
test,"(213, 12)",23,1,144.0,9.0,0.2013888955116272,4.646502,2.627948,2.018554
test,"(87, 75)",362,1,491.0,20.0,0.36456212401390076,3.183632,2.550051,0.633581
test,"(75, 362)",310,1,47.0,5.0,0.6382978558540344,5.226792,2.763319,2.463474
test,"(12, 450)",12,1,720.0,20.0,0.6152777671813965,0.669994,0.483583,0.186411
test,"(23, 281)",336,1,102.0,19.0,0.19607843458652496,6.229722,7.099401,-0.869679
test,"(253, 29)",224,1,1481.0,23.0,0.18568535149097443,2.623996,2.484223,0.139773
test,"(266, 71)",261,1,316.0,7.0,0.8196202516555786,1.945887,0.286963,1.658924
test,"(65, 70)",12,1,689.0,18.0,0.8795355558395386,0.719051,0.173174,0.545876
test,"(457, 134)",73,1,348.0,6.0,0.9683908224105835,2.017268,0.124292,1.892976
test,"(272, 252)",86,1,2224.0,26.0,0.254046767950058,2.344365,1.934259,0.410106
test,"(410, 282)",17,1,247.0,8.0,0.5789473652839661,1.721968,1.251371,0.470596
test,"(253, 29)",325,1,1481.0,23.0,0.18568535149097443,2.408080,2.374131,0.033949
test,"(193, 208)",253,1,266.0,22.0,0.6804511547088623,0.419205,0.355338,0.063867
test,"(92, 302)",29,1,233.0,3.0,0.9871244430541992,0.126149,0.023679,0.102470
test,"(302, 29)",224,1,630.0,21.0,0.13809524476528168,2.788746,2.353797,0.434950
test,"(159, 260)",439,1,12.0,1.0,1.0,1.984283,3.958470,-1.974187
test,"(134, 474)",214,1,402.0,56.0,0.17910447716712952,6.278428,8.530980,-2.252553
test,"(450, 12)",71,1,592.0,5.0,0.6216216087341309,3.278450,0.575801,2.702650
test,"(253, 29)",224,1,1481.0,23.0,0.18568535149097443,2.699560,2.490572,0.208989
test,"(450, 267)",79,1,4.0,1.0,1.0,0.361251,0.127905,0.233346
test,"(79, 498)",66,1,323.0,6.0,0.9814241528511047,0.720896,0.067156,0.653741
test,"(252, 227)",397,1,597.0,4.0,0.5343383550643921,0.971845,0.657143,0.314703
test,"(500, 338)",111,1,34.0,6.0,0.2647058963775635,1.911837,1.411245,0.500591
test,"(14, 79)",29,1,213.0,19.0,0.26760563254356384,5.481822,1.790277,3.691545
test,"(409, 127)",117,1,314.0,8.0,0.5828025341033936,2.452299,0.631725,1.820573
test,"(92, 347)",272,1,143.0,15.0,0.23076923191547394,2.808480,2.252555,0.555925
test,"(12, 450)",12,1,720.0,20.0,0.6152777671813965,0.639208,0.480992,0.158216
test,"(282, 71)",280,1,84.0,1.0,1.0,4.137616,0.112317,4.025299
test,"(318, 473)",33,1,8.0,5.0,0.5,6.874671,0.991257,5.883414
test,"(86, 288)",173,1,405.0,2.0,0.9950617551803589,0.111798,0.015475,0.096322
test,"(134, 222)",330,1,190.0,5.0,0.3842105269432068,6.449345,1.906114,4.543230
test,"(52, 79)",454,1,74.0,10.0,0.44594594836235046,7.324617,1.502849,5.821769
test,"(110, 203)",251,1,112.0,19.0,0.4642857015132904,2.144217,0.817781,1.326436
test,"(27, 14)",79,1,543.0,15.0,0.2504604160785675,4.297585,2.703502,1.594082
test,"(85, 327)",207,1,353.0,33.0,0.22662889957427979,9.647971,3.439812,6.208159
test,"(454, 217)",11,1,259.0,22.0,0.15830115973949432,3.358911,2.377725,0.981186
test,"(213, 182)",85,1,293.0,12.0,0.46075084805488586,2.092767,0.851145,1.241622
test,"(7, 87)",8,1,40.0,9.0,0.6499999761581421,2.794343,0.543971,2.250372
test,"(297, 230)",0,1,954.0,66.0,0.39308175444602966,1.441510,0.964191,0.477319
test,"(417, 7)",58,1,12.0,6.0,0.3333333432674408,4.580232,2.312568,2.267664
test,"(252, 256)",75,1,20.0,1.0,1.0,1.582407,0.110650,1.471757
test,"(411, 12)",24,1,708.0,11.0,0.24152542650699615,3.248575,1.511966,1.736609
test,"(22, 281)",304,1,123.0,14.0,0.5853658318519592,2.641934,0.622978,2.018956
test,"(411, 12)",16,1,708.0,11.0,0.24152542650699615,2.180533,2.183068,-0.002535
test,"(295, 12)",82,1,438.0,12.0,0.5365296602249146,2.819910,2.344884,0.475025
test,"(182, 67)",245,1,348.0,53.0,0.11781609058380127,11.091102,3.969027,7.122075
test,"(82, 411)",12,1,713.0,4.0,0.9929873943328857,0.154967,0.019164,0.135803
test,"(66, 435)",25,1,195.0,12.0,0.6871795058250427,1.400881,0.429386,0.971495
test,"(68, 194)",78,1,129.0,6.0,0.8139534592628479,3.349377,0.311277,3.038100
test,"(12, 355)",185,1,42.0,3.0,0.5,0.372157,0.651708,-0.279551
test,"(291, 331)",34,1,273.0,22.0,0.22344322502613068,2.466042,2.688333,-0.222291
test,"(25, 65)",295,1,462.0,5.0,0.6320346593856812,3.120349,1.173505,1.946844
test,"(175, 299)",433,1,218.0,28.0,0.2110091745853424,4.970306,5.098581,-0.128274
test,"(409, 127)",109,1,314.0,8.0,0.5828025341033936,3.366284,2.253037,1.113248
test,"(325, 208)",78,1,361.0,24.0,0.4515235424041748,7.742660,5.571183,2.171477
test,"(75, 298)",74,1,532.0,14.0,0.7875939607620239,0.631302,0.267533,0.363769
test,"(12, 82)",411,1,961.0,17.0,0.6826222538948059,0.094854,0.349526,-0.254672
test,"(227, 12)",82,1,1258.0,27.0,0.3298887014389038,2.658082,2.615993,0.042089
test,"(127, 155)",254,1,84.0,22.0,0.1666666716337204,4.825898,1.965099,2.860799
test,"(85, 225)",206,1,5.0,1.0,1.0,6.223711,0.266401,5.957310
test,"(180, 249)",402,1,459.0,15.0,0.37690630555152893,0.760989,0.946789,-0.185800
test,"(133, 188)",83,1,4.0,1.0,1.0,4.392087,0.306192,4.085895
test,"(243, 180)",213,1,54.0,16.0,0.18518517911434174,4.926096,3.161685,1.764411
test,"(243, 13)",177,1,52.0,19.0,0.1538461595773697,5.159620,6.589421,-1.429801
test,"(77, 243)",13,1,424.0,48.0,0.18632075190544128,6.403348,2.783860,3.619488
test,"(186, 289)",78,1,142.0,18.0,0.4225352108478546,2.783500,2.538110,0.245390
test,"(188, 341)",33,1,179.0,18.0,0.40223464369773865,3.659501,0.992992,2.666509
test,"(35, 255)",66,1,92.0,2.0,0.804347813129425,2.572465,0.322096,2.250369
test,"(195, 297)",230,1,46.0,1.0,1.0,0.471786,0.046128,0.425657
test,"(47, 32)",50,1,58.0,4.0,0.48275861144065857,3.277767,1.296334,1.981433
test,"(36, 34)",51,1,113.0,12.0,0.6725663542747498,3.638445,0.503873,3.134572
test,"(63, 218)",193,1,208.0,11.0,0.2788461446762085,1.664623,1.305735,0.358888
test,"(58, 15)",60,1,304.0,5.0,0.7894737124443054,1.939991,0.323701,1.616290
test,"(33, 56)",278,1,9.0,7.0,0.2222222238779068,5.435304,7.369116,-1.933812
test,"(163, 154)",278,1,1.0,1.0,1.0,5.890852,7.275570,-1.384718
test,"(419, 134)",474,1,172.0,45.0,0.15697674453258514,4.372802,4.176782,0.196019
test,"(197, 377)",453,1,150.0,32.0,0.1066666692495346,7.753866,9.640898,-1.887031
test,"(483, 180)",418,1,52.0,11.0,0.23076923191547394,1.293396,1.933234,-0.639838
test,"(264, 134)",74,1,396.0,55.0,0.12121212482452393,5.124965,3.253575,1.871390
test,"(417, 134)",74,1,74.0,7.0,0.7702702879905701,5.431582,6.731122,-1.299540
test,"(190, 134)",46,1,27.0,17.0,0.29629629850387573,4.455621,5.241677,-0.786056
test,"(1, 475)",257,1,4.0,1.0,1.0,1.463683,0.175998,1.287684
test,"(71, 51)",64,1,36.0,4.0,0.6666666865348816,4.807981,6.355398,-1.547417
test,"(404, 189)",134,1,654.0,19.0,0.38685014843940735,1.625198,0.997924,0.627274
test,"(13, 327)",205,1,147.0,3.0,0.9591836929321289,1.463707,0.123103,1.340604
test,"(134, 32)",234,1,542.0,45.0,0.11623616516590118,2.209296,2.497972,-0.288676
test,"(25, 337)",186,1,175.0,23.0,0.3085714280605316,7.183068,2.823470,4.359598
test,"(84, 188)",13,1,216.0,26.0,0.17129629850387573,4.440382,2.378261,2.062121
test,"(123, 212)",118,1,18.0,5.0,0.3888888955116272,1.934519,1.913963,0.020555
test,"(228, 335)",82,1,315.0,35.0,0.4000000059604645,6.381793,3.546401,2.835392
test,"(36, 34)",49,1,113.0,12.0,0.6725663542747498,4.179308,1.969498,2.209810
test,"(193, 266)",361,1,153.0,28.0,0.1568627506494522,7.211199,3.610996,3.600203
test,"(298, 68)",13,1,448.0,34.0,0.3370535671710968,3.102000,1.173954,1.928046
test,"(70, 88)",11,1,47.0,15.0,0.1489361673593521,3.309516,2.643948,0.665568
test,"(67, 84)",188,1,264.0,8.0,0.6174242496490479,3.579017,0.586027,2.992991
test,"(133, 133)",175,1,2512.0,71.0,0.19864650070667267,5.867926,4.077823,1.790103
test,"(32, 50)",42,1,161.0,9.0,0.35403725504875183,6.282981,3.199297,3.083684
test,"(259, 228)",354,1,76.0,1.0,1.0,2.350986,0.103994,2.246992
test,"(293, 243)",25,1,479.0,31.0,0.29018789529800415,1.008220,1.207021,-0.198802
test,"(228, 354)",25,1,142.0,9.0,0.8450704216957092,0.657244,0.208660,0.448584
test,"(483, 34)",400,1,3.0,1.0,1.0,2.466166,0.357723,2.108443
test,"(133, 92)",25,1,829.0,10.0,0.7647768259048462,4.705461,4.245711,0.459750
test,"(180, 408)",301,1,606.0,15.0,0.5808581113815308,0.515492,0.531072,-0.015580
test,"(408, 301)",192,1,412.0,1.0,1.0,0.540503,0.043867,0.496635
test,"(14, 212)",95,1,125.0,27.0,0.14399999380111694,5.652023,3.679470,1.972553
test,"(120, 201)",229,1,101.0,16.0,0.2871287167072296,1.916535,1.231639,0.684896
test,"(340, 44)",175,1,31.0,5.0,0.3870967626571655,4.653766,2.318870,2.334895
test,"(180, 249)",312,1,459.0,15.0,0.37690630555152893,3.743062,3.541008,0.202054
test,"(144, 338)",111,1,18.0,3.0,0.4444444477558136,2.243446,0.959218,1.284228
test,"(84, 173)",82,1,286.0,30.0,0.1818181872367859,2.825504,2.023394,0.802109
test,"(13, 83)",371,1,1034.0,21.0,0.1847195327281952,1.909208,1.711023,0.198185
test,"(311, 26)",193,1,204.0,10.0,0.46078431606292725,2.506343,2.223041,0.283302
test,"(133, 193)",310,1,587.0,35.0,0.16013628244400024,5.583912,3.400423,2.183489
test,"(251, 439)",201,1,10.0,5.0,0.30000001192092896,1.529895,1.126580,0.403316
test,"(127, 164)",338,1,322.0,11.0,0.3571428656578064,3.384706,3.338348,0.046358
test,"(338, 118)",229,1,197.0,15.0,0.3857868015766144,2.297123,1.818355,0.478768
test,"(11, 264)",375,1,254.0,34.0,0.22047244012355804,6.086860,4.400764,1.686097
test,"(208, 253)",224,1,1496.0,16.0,0.8041443824768066,2.752759,4.161269,-1.408510
test,"(89, 397)",24,1,11.0,2.0,0.5454545617103577,3.736921,0.820065,2.916856
test,"(12, 65)",75,1,1221.0,22.0,0.29893529415130615,2.495554,1.282159,1.213395
test,"(82, 411)",12,1,713.0,4.0,0.9929873943328857,0.155741,0.019232,0.136509
test,"(12, 24)",281,1,287.0,14.0,0.46689894795417786,1.427678,0.804770,0.622908
test,"(282, 7)",68,1,225.0,6.0,0.9733333587646484,2.593434,0.126615,2.466819
test,"(362, 12)",82,1,677.0,17.0,0.43279173970222473,3.362120,1.698931,1.663189
test,"(78, 37)",78,1,24.0,4.0,0.5833333134651184,3.058598,1.407593,1.651005
test,"(79, 7)",7,1,295.0,37.0,0.5220338702201843,3.155498,0.743591,2.411907
test,"(345, 25)",65,1,558.0,12.0,0.560931921005249,1.041381,0.617245,0.424135
test,"(433, 460)",292,1,30.0,8.0,0.4000000059604645,1.601550,0.961798,0.639751
test,"(80, 84)",72,1,561.0,13.0,0.3707664906978607,3.909504,1.813183,2.096321
test,"(8, 291)",230,1,1310.0,44.0,0.3946564793586731,2.403239,2.167093,0.236146
test,"(194, 78)",66,1,228.0,3.0,0.640350878238678,2.961873,0.546233,2.415639
test,"(414, 127)",115,1,87.0,7.0,0.4597701132297516,2.483046,0.871652,1.611394
test,"(376, 112)",201,1,191.0,13.0,0.8952879309654236,1.721484,0.183955,1.537529
test,"(66, 400)",82,1,384.0,33.0,0.3020833432674408,0.696693,1.082114,-0.385421
test,"(92, 305)",181,1,206.0,6.0,0.3252427279949188,1.007748,1.490799,-0.483051
test,"(9, 212)",165,1,58.0,16.0,0.22413793206214905,4.285328,2.636796,1.648532
test,"(303, 65)",12,1,215.0,3.0,0.9906976819038391,2.402957,0.107736,2.295221
test,"(304, 12)",82,1,1230.0,20.0,0.43252032995224,2.004431,1.383866,0.620565
test,"(334, 234)",75,1,188.0,15.0,0.686170220375061,2.474010,0.466632,2.007378
test,"(68, 1)",460,1,42.0,15.0,0.1666666716337204,3.408387,2.584742,0.823645
test,"(172, 272)",252,1,50.0,2.0,0.8799999952316284,0.082186,0.110479,-0.028293
test,"(281, 304)",12,1,197.0,2.0,0.720812201499939,0.168309,0.308711,-0.140402
test,"(224, 292)",253,1,229.0,9.0,0.6943231225013733,0.355805,0.343253,0.012552
test,"(301, 192)",11,1,543.0,27.0,0.32044199109077454,3.822807,2.846629,0.976177
test,"(179, 178)",68,1,91.0,4.0,0.901098906993866,1.911594,0.197251,1.714342
test,"(83, 294)",255,1,108.0,3.0,0.8796296119689941,0.569020,0.155639,0.413381
test,"(236, 51)",64,1,64.0,5.0,0.390625,5.045878,2.029743,3.016135
test,"(267, 471)",34,1,305.0,38.0,0.24590164422988892,2.211748,2.636915,-0.425168
test,"(363, 425)",393,1,65.0,2.0,0.7384615540504456,1.911027,0.398824,1.512203
test,"(83, 11)",134,1,147.0,37.0,0.1972789168357849,2.011103,1.524660,0.486442
test,"(46, 43)",46,1,64.0,10.0,0.234375,3.435865,1.574218,1.861647
test,"(222, 66)",327,1,154.0,19.0,0.15584415197372437,6.285751,3.291732,2.994019
test,"(489, 25)",199,0,0.0,0.0,0.0,1.275762,1.765637,-0.489875
test,"(397, 2)",35,1,127.0,7.0,0.29133859276771545,6.130683,4.118687,2.011996
test,"(291, 186)",266,1,1.0,1.0,1.0,4.439771,4.642083,-0.202312
test,"(509, 82)",13,1,83.0,16.0,0.21686747670173645,2.033591,1.557957,0.475634
test,"(64, 70)",176,1,604.0,37.0,0.4867549538612366,2.289673,0.798545,1.491128
test,"(176, 82)",11,1,169.0,35.0,0.15976330637931824,3.594169,2.871491,0.722678
test,"(34, 78)",242,1,351.0,11.0,0.4216524362564087,4.393498,1.186766,3.206732
test,"(14, 183)",400,1,3.0,3.0,0.3333333432674408,1.774451,2.936788,-1.162337
test,"(408, 301)",192,1,412.0,1.0,1.0,0.696060,0.052673,0.643387
test,"(301, 192)",27,1,543.0,27.0,0.32044199109077454,2.916590,1.421337,1.495252
test,"(195, 269)",337,1,608.0,32.0,0.4013157784938812,1.047665,0.915433,0.132231
test,"(36, 49)",62,1,322.0,30.0,0.19565217196941376,5.593972,2.999995,2.593977
test,"(189, 193)",297,1,480.0,33.0,0.19166666269302368,2.176946,2.501010,-0.324064
test,"(331, 43)",78,1,149.0,3.0,0.9463087320327759,2.122614,0.149084,1.973530
test,"(78, 393)",398,1,217.0,17.0,0.6313363909721375,2.602887,0.546386,2.056501
test,"(331, 51)",459,1,80.0,9.0,0.32499998807907104,2.843898,1.772449,1.071449
test,"(459, 257)",11,1,28.0,10.0,0.3214285671710968,3.462943,1.812646,1.650297
test,"(189, 245)",331,1,641.0,35.0,0.16380655765533447,1.890458,1.805927,0.084532
test,"(218, 245)",507,1,553.0,32.0,0.2151898741722107,3.389294,4.410821,-1.021527
test,"(358, 280)",188,1,279.0,2.0,0.9713261723518372,0.614403,0.075165,0.539238
test,"(8, 291)",189,1,1310.0,44.0,0.3946564793586731,1.106886,0.925800,0.181086
test,"(402, 44)",458,1,25.0,2.0,0.8799999952316284,6.479357,6.410431,0.068926
test,"(77, 66)",230,1,688.0,38.0,0.26889535784721375,2.156006,1.372652,0.783355
test,"(207, 218)",245,1,625.0,13.0,0.2671999931335449,1.232908,2.093024,-0.860116
test,"(54, 509)",7,1,402.0,34.0,0.14676617085933685,5.144135,2.717375,2.426759
test,"(109, 439)",201,1,53.0,2.0,0.9811320900917053,0.989545,0.088827,0.900717
test,"(245, 269)",183,1,203.0,27.0,0.1625615805387497,2.912617,2.025440,0.887176
test,"(7, 66)",280,1,264.0,31.0,0.21212121844291687,7.223500,2.571066,4.652434
test,"(183, 190)",236,1,209.0,4.0,0.980861246585846,1.706417,0.106182,1.600235
test,"(218, 245)",331,1,553.0,32.0,0.2151898741722107,1.757449,1.610949,0.146501
test,"(134, 185)",72,1,146.0,12.0,0.36986300349235535,4.870995,1.108467,3.762528
test,"(88, 12)",17,1,1182.0,29.0,0.20473773777484894,2.451766,2.052005,0.399761
test,"(177, 69)",361,1,94.0,5.0,0.7978723645210266,4.052991,0.337434,3.715557
test,"(75, 7)",1,1,60.0,24.0,0.10000000149011612,3.620699,4.068779,-0.448080
test,"(12, 65)",75,1,1221.0,22.0,0.29893529415130615,2.234090,1.273317,0.960773
test,"(13, 17)",68,1,175.0,18.0,0.36571428179740906,4.851844,1.345211,3.506633
test,"(88, 12)",19,1,1182.0,29.0,0.20473773777484894,3.315983,2.763080,0.552903
test,"(34, 78)",242,1,351.0,11.0,0.4216524362564087,3.623363,1.182080,2.441282
test,"(34, 78)",242,1,351.0,11.0,0.4216524362564087,3.672610,1.182499,2.490111
test,"(92, 29)",481,1,221.0,25.0,0.10407239943742752,1.872903,2.341735,-0.468832
test,"(208, 69)",78,1,23.0,1.0,1.0,4.973156,6.754842,-1.781686
test,"(257, 8)",360,1,219.0,23.0,0.24200913310050964,7.448091,9.679815,-2.231725
test,"(67, 202)",7,1,129.0,19.0,0.27906978130340576,2.747796,1.363407,1.384390
test,"(92, 272)",252,1,128.0,2.0,0.890625,0.122874,0.111589,0.011285
test,"(199, 17)",12,1,128.0,12.0,0.4609375,4.333121,0.886442,3.446679
test,"(438, 34)",78,1,25.0,3.0,0.7599999904632568,4.109382,0.409031,3.700351
test,"(27, 14)",355,1,543.0,15.0,0.2504604160785675,2.574463,1.460397,1.114066
test,"(252, 69)",374,1,489.0,8.0,0.8670756816864014,0.207816,0.149864,0.057952
test,"(397, 24)",364,1,76.0,3.0,0.8947368264198303,2.252040,0.212005,2.040035
test,"(134, 35)",192,1,676.0,36.0,0.417159765958786,2.311349,0.939556,1.371792
test,"(16, 364)",60,1,208.0,7.0,0.8846153616905212,0.452336,0.142437,0.309899
test,"(281, 309)",347,1,129.0,16.0,0.1705426424741745,1.758685,1.894562,-0.135877
test,"(119, 444)",338,1,10.0,1.0,1.0,2.623307,0.167630,2.455677
test,"(68, 12)",88,1,259.0,22.0,0.5019304752349854,3.626546,0.792909,2.833637
test,"(7, 7)",76,1,573.0,52.0,0.20244328677654266,4.708584,3.660083,1.048501
test,"(72, 81)",179,1,560.0,26.0,0.5571428537368774,1.741995,0.655758,1.086238
test,"(310, 185)",426,1,499.0,3.0,0.8617234230041504,0.392648,0.171697,0.220951
test,"(29, 347)",208,1,263.0,6.0,0.39923954010009766,1.144313,0.937286,0.207027
test,"(264, 272)",252,1,48.0,2.0,0.875,0.137990,0.120614,0.017376
test,"(219, 282)",7,1,165.0,6.0,0.8303030133247375,1.844334,0.272250,1.572084
test,"(291, 331)",34,1,273.0,22.0,0.22344322502613068,2.503982,2.692993,-0.189011
test,"(78, 79)",222,1,341.0,39.0,0.31085044145584106,3.182913,1.259446,1.923468
test,"(426, 232)",12,1,538.0,30.0,0.7342007160186768,0.755334,0.337143,0.418191
test,"(194, 465)",12,1,659.0,6.0,0.8330804109573364,0.375001,0.196361,0.178640
test,"(20, 92)",302,1,82.0,8.0,0.4390243887901306,3.602114,0.935460,2.666654
test,"(8, 291)",189,1,1310.0,44.0,0.3946564793586731,1.454893,0.950628,0.504265
test,"(13, 176)",81,1,212.0,2.0,0.9952830076217651,1.967033,0.097152,1.869881
test,"(12, 23)",15,1,392.0,29.0,0.21683673560619354,2.616472,3.210023,-0.593551
test,"(193, 302)",29,1,129.0,3.0,0.8682170510292053,1.483133,2.007002,-0.523869
test,"(82, 25)",323,1,913.0,60.0,0.1489594727754593,1.146367,3.015191,-1.868824
test,"(36, 77)",293,1,294.0,11.0,0.27210885286331177,5.659210,1.810804,3.848406
test,"(482, 308)",265,1,47.0,1.0,1.0,4.110411,0.118850,3.991560
test,"(195, 258)",276,1,43.0,3.0,0.7674418687820435,1.055603,0.331939,0.723664
test,"(308, 265)",69,1,80.0,7.0,0.637499988079071,3.427742,0.557894,2.869848
test,"(205, 188)",359,1,350.0,26.0,0.22857142984867096,5.134842,3.710865,1.423977
test,"(134, 74)",68,1,363.0,25.0,0.6831955909729004,0.807037,0.404563,0.402474
test,"(254, 119)",365,1,418.0,21.0,0.4617224931716919,5.063122,3.054424,2.008698
test,"(416, 303)",175,1,7.0,3.0,0.7142857313156128,2.724465,0.537363,2.187102
test,"(51, 81)",84,1,269.0,7.0,0.6282528042793274,3.094026,3.067257,0.026769
test,"(134, 20)",15,1,186.0,32.0,0.23655913770198822,2.357275,1.454200,0.903074
test,"(435, 387)",62,0,0.0,0.0,0.0,4.101107,3.468026,0.633081
test,"(127, 155)",254,1,84.0,22.0,0.1666666716337204,5.338928,1.967398,3.371529
test,"(162, 94)",130,1,1.0,1.0,1.0,8.080220,1.466880,6.613340
test,"(15, 391)",81,1,1.0,1.0,1.0,3.796802,2.859396,0.937406
test,"(84, 179)",416,1,636.0,26.0,0.6305031180381775,5.342645,7.600507,-2.257862
test,"(110, 201)",229,1,234.0,20.0,0.4145299196243286,1.472670,0.899406,0.573264
test,"(128, 140)",497,1,393.0,42.0,0.19083969295024872,3.516870,3.331907,0.184963
test,"(25, 189)",508,1,709.0,83.0,0.25528913736343384,6.067426,5.657798,0.409628
test,"(75, 84)",214,1,283.0,7.0,0.5053003430366516,2.672353,0.777312,1.895040
test,"(68, 13)",222,1,613.0,39.0,0.31647634506225586,7.435946,9.658495,-2.222549
test,"(80, 84)",202,1,561.0,13.0,0.3707664906978607,4.660458,1.814344,2.846114
test,"(467, 13)",256,1,194.0,17.0,0.3144329786300659,4.209378,6.107071,-1.897692
test,"(203, 212)",112,1,194.0,18.0,0.19072164595127106,3.011217,2.260218,0.750999
test,"(87, 133)",404,1,82.0,7.0,0.8292682766914368,2.956313,0.288519,2.667795
test,"(344, 33)",233,1,4.0,1.0,1.0,4.986029,0.308379,4.677649
test,"(236, 315)",50,1,18.0,2.0,0.7777777910232544,3.518688,5.214482,-1.695794
test,"(315, 43)",64,1,4.0,2.0,0.75,5.412436,2.808866,2.603570
test,"(349, 265)",11,1,574.0,33.0,0.2874564528465271,3.654665,2.971788,0.682877
test,"(29, 317)",379,1,51.0,15.0,0.23529411852359772,7.640195,2.190015,5.450180
test,"(317, 379)",6,1,13.0,2.0,0.8461538553237915,2.159341,0.320925,1.838415
test,"(112, 201)",229,1,336.0,13.0,0.601190447807312,1.558035,0.568607,0.989428
test,"(229, 409)",259,1,120.0,33.0,0.19166666269302368,3.996042,2.839424,1.156619
test,"(194, 202)",184,1,155.0,1.0,1.0,1.925726,0.093466,1.832260
test,"(194, 202)",184,1,155.0,1.0,1.0,1.908586,0.093189,1.815396
test,"(82, 44)",64,1,80.0,8.0,0.4625000059604645,4.057195,2.596817,1.460378
test,"(68, 361)",71,1,175.0,2.0,0.8799999952316284,1.310774,0.202039,1.108735
test,"(314, 214)",87,1,72.0,1.0,1.0,2.591604,0.106747,2.484857
test,"(20, 15)",11,1,309.0,38.0,0.1877022683620453,2.096268,2.056652,0.039616
test,"(88, 25)",134,1,326.0,47.0,0.23619632422924042,2.046759,2.187362,-0.140603
test,"(116, 150)",259,1,34.0,7.0,0.3529411852359772,3.621279,2.574539,1.046740
test,"(193, 134)",88,1,864.0,79.0,0.08796296268701553,5.486283,4.479189,1.007094
test,"(133, 245)",194,1,247.0,21.0,0.21862348914146423,4.343597,6.269784,-1.926186
test,"(13, 83)",71,1,1034.0,21.0,0.1847195327281952,2.415476,3.205754,-0.790278
test,"(81, 13)",431,1,92.0,21.0,0.22826087474822998,9.878352,6.004789,3.873563
test,"(201, 478)",251,1,115.0,11.0,0.52173912525177,2.695450,0.729770,1.965680
test,"(67, 401)",8,1,572.0,34.0,0.18356643617153168,3.174760,2.769193,0.405567
test,"(82, 7)",340,1,678.0,82.0,0.07669616490602493,7.350501,7.611118,-0.260617
test,"(134, 243)",184,1,507.0,9.0,0.8047337532043457,1.706931,0.296806,1.410125
test,"(74, 197)",26,1,506.0,47.0,0.2707509994506836,6.280237,4.472002,1.808235
test,"(180, 230)",77,1,289.0,62.0,0.12802767753601074,4.423222,3.950246,0.472976
test,"(291, 189)",186,1,740.0,19.0,0.47162163257598877,1.623688,0.809427,0.814261
test,"(88, 189)",325,1,287.0,18.0,0.5052264928817749,4.328234,4.726021,-0.397787
test,"(331, 318)",76,1,32.0,4.0,0.46875,6.459852,2.361802,4.098050
test,"(416, 134)",68,1,123.0,34.0,0.2195121943950653,4.882892,3.317327,1.565564
test,"(188, 200)",314,1,56.0,10.0,0.3214285671710968,8.607037,1.623083,6.983953
test,"(134, 68)",13,1,722.0,31.0,0.2506925165653229,3.195401,1.468068,1.727333
test,"(66, 75)",72,1,407.0,12.0,0.4004913866519928,2.796707,1.472791,1.323917
test,"(320, 178)",74,1,85.0,4.0,0.529411792755127,6.806977,0.756786,6.050191
test,"(7, 7)",79,1,573.0,52.0,0.20244328677654266,3.663669,2.056870,1.606799
test,"(320, 13)",438,1,32.0,10.0,0.28125,3.953325,2.098499,1.854826
test,"(71, 452)",320,1,22.0,6.0,0.5454545617103577,4.976532,2.854054,2.122479
test,"(26, 133)",193,1,602.0,21.0,0.45348837971687317,1.288744,2.010112,-0.721369
test,"(7, 264)",375,1,27.0,12.0,0.18518517911434174,6.089770,3.131866,2.957904
test,"(480, 8)",189,1,50.0,12.0,0.30000001192092896,1.403155,1.212462,0.190694
test,"(55, 26)",224,1,5.0,2.0,0.6000000238418579,2.426340,0.873380,1.552960
test,"(207, 193)",207,1,84.0,12.0,0.6071428656578064,2.497637,0.592709,1.904928
test,"(251, 285)",115,1,244.0,9.0,0.33196720480918884,1.755724,1.586936,0.168788
test,"(280, 188)",44,1,394.0,35.0,0.2893401086330414,4.262104,2.390527,1.871577
test,"(57, 314)",214,1,9.0,1.0,1.0,1.505870,0.157064,1.348806
test,"(509, 257)",25,1,69.0,10.0,0.24637681245803833,1.538351,1.603082,-0.064731
test,"(189, 186)",331,1,766.0,36.0,0.20757180452346802,2.548432,2.476408,0.072025
test,"(8, 291)",193,1,1310.0,44.0,0.3946564793586731,5.469638,4.975008,0.494630
test,"(13, 196)",180,1,798.0,29.0,0.19298245012760162,3.417570,2.251790,1.165780
test,"(320, 509)",257,1,130.0,14.0,0.5846154093742371,1.600239,2.131381,-0.531142
test,"(299, 25)",194,1,84.0,23.0,0.2738095223903656,4.019164,1.413592,2.605572
test,"(178, 74)",355,1,86.0,16.0,0.27906978130340576,8.210740,1.453767,6.756973
test,"(74, 355)",222,1,23.0,1.0,1.0,2.315114,0.123398,2.191716
test,"(81, 465)",7,1,11.0,3.0,0.6363636255264282,5.012876,0.666661,4.346215
test,"(37, 81)",465,1,38.0,4.0,0.5,8.977971,1.415215,7.562756
test,"(245, 258)",200,1,35.0,6.0,0.4000000059604645,3.424171,1.038064,2.386106
test,"(83, 49)",255,1,23.0,4.0,0.5652173757553101,2.216018,0.687687,1.528331
test,"(13, 44)",78,1,49.0,7.0,0.4285714328289032,2.473806,0.936420,1.537387
test,"(301, 192)",11,1,543.0,27.0,0.32044199109077454,3.244791,2.817575,0.427216
test,"(83, 54)",196,1,45.0,3.0,0.5555555820465088,4.299009,2.211423,2.087586
test,"(245, 240)",82,1,63.0,5.0,0.6984127163887024,1.009356,0.394294,0.615061
test,"(7, 1)",127,1,720.0,89.0,0.11388888955116272,4.388679,3.786936,0.601742
test,"(195, 207)",26,1,543.0,13.0,0.41436463594436646,1.729594,0.939051,0.790543
test,"(207, 26)",388,1,443.0,14.0,0.4898419976234436,1.136135,0.745025,0.391110
test,"(143, 376)",109,1,65.0,4.0,0.8769230842590332,2.200644,0.232836,1.967808
test,"(280, 188)",52,1,394.0,35.0,0.2893401086330414,5.903615,4.861446,1.042169
test,"(13, 319)",40,1,270.0,15.0,0.25555557012557983,5.606307,2.387377,3.218930
test,"(35, 192)",469,1,538.0,27.0,0.26579925417900085,8.282822,5.567048,2.715774
test,"(400, 13)",196,1,80.0,16.0,0.1875,3.602140,2.298392,1.303748
test,"(289, 192)",51,1,86.0,8.0,0.604651153087616,5.578695,5.394348,0.184347
test,"(76, 175)",244,1,578.0,64.0,0.22145329415798187,5.714447,1.605364,4.109084
test,"(182, 85)",11,1,323.0,22.0,0.16408668458461761,5.296564,2.458741,2.837823
test,"(134, 260)",254,1,594.0,29.0,0.22053872048854828,2.358578,2.363982,-0.005404
test,"(351, 134)",260,1,205.0,24.0,0.35121950507164,2.170302,1.121627,1.048676
test,"(109, 365)",127,1,48.0,10.0,0.4791666567325592,1.543112,2.491168,-0.948056
test,"(386, 65)",176,1,282.0,2.0,0.9964538812637329,1.847900,0.093863,1.754037
test,"(291, 189)",186,1,740.0,19.0,0.47162163257598877,1.712508,0.813199,0.899309
test,"(180, 418)",194,1,569.0,23.0,0.29173988103866577,3.568136,2.558033,1.010103
test,"(34, 344)",33,1,720.0,34.0,0.27222222089767456,5.178919,6.949705,-1.770787
test,"(224, 183)",400,1,106.0,28.0,0.12264151126146317,2.574840,2.785112,-0.210273
test,"(1, 127)",165,1,65.0,17.0,0.20000000298023224,2.782241,2.150656,0.631585
test,"(285, 119)",203,1,443.0,28.0,0.243792325258255,2.896400,1.745656,1.150744
test,"(134, 260)",238,1,594.0,29.0,0.22053872048854828,4.456732,5.012126,-0.555394
test,"(276, 13)",473,1,89.0,12.0,0.31460675597190857,4.822717,2.593745,2.228972
test,"(78, 74)",197,1,305.0,47.0,0.4098360538482666,2.024400,0.928740,1.095660
test,"(92, 224)",399,1,218.0,19.0,0.22018349170684814,2.476208,1.584904,0.891304
test,"(54, 509)",82,1,402.0,34.0,0.14676617085933685,2.366805,2.482739,-0.115935
test,"(82, 13)",69,1,1646.0,100.0,0.11907655000686646,2.491555,2.840133,-0.348578
test,"(318, 385)",13,1,76.0,7.0,0.5263158082962036,5.421425,0.759538,4.661887
test,"(11, 191)",205,1,181.0,24.0,0.23204420506954193,1.805790,3.234317,-1.428528
test,"(208, 485)",245,1,347.0,16.0,0.2046109437942505,3.839848,4.818825,-0.978978
test,"(19, 364)",259,1,61.0,7.0,0.5245901346206665,1.055673,0.672145,0.383528
test,"(68, 8)",291,1,385.0,20.0,0.5896103978157043,1.159664,0.571521,0.588143
test,"(17, 20)",20,1,174.0,24.0,0.6206896305084229,2.025132,0.555844,1.469288
test,"(280, 188)",25,1,394.0,35.0,0.2893401086330414,2.206207,4.287711,-2.081504
test,"(180, 230)",427,1,289.0,62.0,0.12802767753601074,9.254077,10.081838,-0.827761
test,"(13, 34)",50,1,86.0,14.0,0.20930232107639313,5.811171,2.890653,2.920518
test,"(415, 67)",25,1,235.0,36.0,0.29361701011657715,2.692593,2.582270,0.110323
test,"(71, 83)",25,1,454.0,50.0,0.2070484608411789,2.437616,1.629294,0.808321
test,"(372, 13)",65,1,465.0,54.0,0.11182795464992523,3.844564,5.283669,-1.439104
test,"(375, 69)",64,1,500.0,27.0,0.37400001287460327,2.461207,1.063198,1.398008
test,"(426, 232)",25,1,538.0,30.0,0.7342007160186768,1.545951,2.246810,-0.700860
test,"(474, 473)",83,1,1.0,1.0,1.0,1.813752,1.242171,0.571581
test,"(79, 25)",396,1,91.0,27.0,0.1538461595773697,4.085243,2.728921,1.356322
test,"(17, 364)",461,1,92.0,9.0,0.44565218687057495,7.957240,5.993475,1.963765
test,"(433, 325)",484,1,69.0,9.0,0.4637681245803833,3.070221,2.986215,0.084007
test,"(325, 484)",224,1,59.0,1.0,1.0,2.180059,0.104523,2.075536
test,"(25, 199)",69,1,2122.0,114.0,0.12205466628074646,3.779128,3.670769,0.108359
test,"(264, 183)",241,1,69.0,17.0,0.2028985470533371,3.621555,1.675803,1.945752
test,"(270, 320)",509,1,15.0,2.0,0.9333333373069763,0.656208,0.157274,0.498934
test,"(8, 11)",328,1,663.0,52.0,0.1161387637257576,3.684152,4.922722,-1.238571
test,"(481, 207)",481,1,30.0,5.0,0.30000001192092896,7.045503,2.326169,4.719333
test,"(484, 481)",189,1,32.0,4.0,0.5,2.758237,2.276327,0.481910
test,"(203, 260)",478,1,231.0,29.0,0.32900431752204895,5.976549,4.331341,1.645208
test,"(18, 66)",1,1,17.0,7.0,0.5882353186607361,4.444943,4.181956,0.262987
test,"(338, 123)",444,1,41.0,10.0,0.4146341383457184,4.921541,2.581364,2.340177
test,"(208, 253)",347,1,1496.0,16.0,0.8041443824768066,4.315191,5.401911,-1.086720
test,"(25, 382)",11,1,63.0,14.0,0.2857142984867096,4.909795,1.370841,3.538953
test,"(72, 76)",339,1,456.0,30.0,0.18640351295471191,4.110394,1.780873,2.329521
test,"(509, 8)",481,1,19.0,6.0,0.42105263471603394,4.487040,1.064968,3.422072
test,"(258, 200)",83,1,110.0,3.0,0.9636363387107849,2.019069,0.130681,1.888387
test,"(255, 410)",39,1,50.0,13.0,0.18000000715255737,10.410848,1.897542,8.513306
test,"(426, 232)",252,1,538.0,30.0,0.7342007160186768,6.793978,4.260027,2.533951
test,"(82, 86)",1,1,108.0,6.0,0.7777777910232544,5.611760,5.929738,-0.317978
test,"(264, 302)",29,1,41.0,2.0,0.5853658318519592,0.673787,0.870342,-0.196555
test,"(68, 8)",291,1,385.0,20.0,0.5896103978157043,0.923832,0.556859,0.366973
test,"(199, 77)",86,1,106.0,12.0,0.4245283007621765,5.245220,3.929011,1.316209
test,"(457, 259)",347,1,31.0,11.0,0.22580644488334656,1.347720,1.824960,-0.477241
test,"(88, 188)",282,1,365.0,10.0,0.6657534241676331,1.386874,0.473119,0.913755
test,"(203, 229)",439,1,312.0,29.0,0.16987179219722748,3.469518,2.637651,0.831867
test,"(88, 188)",282,1,365.0,10.0,0.6657534241676331,1.208483,0.465318,0.743165
test,"(67, 34)",324,1,152.0,12.0,0.5592105388641357,1.194818,0.628558,0.566260
test,"(67, 217)",25,1,327.0,51.0,0.29663607478141785,1.686569,1.234733,0.451837
test,"(90, 224)",213,1,97.0,14.0,0.4020618498325348,2.777549,3.484132,-0.706583
test,"(88, 25)",323,1,326.0,47.0,0.23619632422924042,1.770763,2.674730,-0.903967
test,"(359, 323)",26,1,342.0,9.0,0.6637426614761353,0.207190,0.379241,-0.172052
test,"(191, 459)",82,1,123.0,17.0,0.3008130192756653,1.226400,1.190361,0.036038
test,"(195, 183)",324,1,248.0,15.0,0.5725806355476379,2.542210,2.713344,-0.171134
test,"(185, 26)",195,1,92.0,10.0,0.489130437374115,0.854574,0.712234,0.142340
test,"(25, 323)",26,1,966.0,13.0,0.4399586021900177,0.332188,0.753032,-0.420844
test,"(323, 26)",195,1,656.0,22.0,0.38871949911117554,1.035887,0.944240,0.091646
test,"(344, 54)",509,1,14.0,2.0,0.9285714030265808,0.158136,0.114000,0.044136
test,"(71, 34)",344,1,34.0,8.0,0.2647058963775635,1.767778,3.223642,-1.455864
test,"(420, 88)",77,1,551.0,1.0,1.0,2.066972,0.092635,1.974336
test,"(400, 257)",92,1,104.0,16.0,0.17307692766189575,4.803260,2.452027,2.351233
test,"(207, 26)",193,1,443.0,14.0,0.4898419976234436,2.487548,3.310599,-0.823051
test,"(23, 358)",12,1,40.0,1.0,1.0,0.748650,0.067738,0.680912
test,"(400, 8)",189,1,31.0,9.0,0.19354838132858276,1.354698,1.619292,-0.264593
test,"(84, 387)",309,1,447.0,25.0,0.23042505979537964,2.825283,1.969621,0.855662
test,"(212, 161)",476,1,71.0,8.0,0.23943662643432617,3.837975,1.494463,2.343512
test,"(12, 71)",300,1,506.0,5.0,0.7272727489471436,0.767092,0.356527,0.410565
test,"(60, 14)",462,1,70.0,13.0,0.2142857164144516,3.109855,1.656967,1.452888
test,"(12, 82)",76,1,961.0,17.0,0.6826222538948059,6.053164,1.839639,4.213525
test,"(69, 374)",362,1,510.0,13.0,0.3803921639919281,6.284812,6.027663,0.257149
test,"(181, 434)",199,1,6.0,1.0,1.0,1.335183,0.152980,1.182203
test,"(76, 460)",292,1,1.0,1.0,1.0,2.202138,2.271996,-0.069857
test,"(6, 305)",181,1,18.0,5.0,0.5555555820465088,1.405579,1.736493,-0.330914
test,"(133, 133)",14,1,2512.0,71.0,0.19864650070667267,2.407312,1.943389,0.463922
test,"(14, 14)",472,1,553.0,41.0,0.49005424976348877,3.697515,0.811097,2.886418
test,"(43, 36)",25,1,436.0,22.0,0.6215596199035645,2.555482,0.566091,1.989391
test,"(52, 40)",35,1,86.0,10.0,0.6511628031730652,4.200267,0.534929,3.665338
test,"(40, 82)",36,1,240.0,16.0,0.28333333134651184,3.804535,3.813137,-0.008602
test,"(31, 40)",82,1,168.0,1.0,1.0,1.168993,0.075258,1.093735
test,"(388, 302)",14,1,139.0,2.0,0.6978417038917542,0.288496,0.354148,-0.065652
test,"(212, 110)",203,1,507.0,33.0,0.15976330637931824,3.303434,2.428989,0.874445
test,"(88, 25)",308,1,326.0,47.0,0.23619632422924042,6.913136,3.851572,3.061565
test,"(308, 66)",75,1,53.0,2.0,0.8867924809455872,2.966060,0.233503,2.732557
test,"(134, 45)",386,1,486.0,29.0,0.37654322385787964,4.666837,3.651188,1.015649
test,"(82, 11)",334,1,676.0,62.0,0.21301774680614471,4.972311,2.703306,2.269005
test,"(71, 13)",73,1,261.0,35.0,0.17241379618644714,5.244799,2.155642,3.089158
test,"(200, 11)",134,1,9.0,8.0,0.2222222238779068,1.590381,2.031761,-0.441380
test,"(11, 134)",62,1,2212.0,121.0,0.059222422540187836,3.315022,3.749950,-0.434928
test,"(11, 134)",38,1,2212.0,121.0,0.059222422540187836,6.199369,4.328964,1.870405
test,"(62, 79)",200,1,771.0,35.0,0.29571983218193054,3.719158,2.473503,1.245655
test,"(79, 200)",64,1,315.0,9.0,0.37142857909202576,4.178850,1.094178,3.084672
test,"(40, 33)",49,1,8.0,4.0,0.625,4.714986,0.734223,3.980763
test,"(32, 51)",46,1,166.0,17.0,0.2469879537820816,2.774174,1.729447,1.044727
test,"(242, 69)",72,1,2.0,1.0,1.0,2.040365,0.515354,1.525011
test,"(278, 12)",85,1,3.0,2.0,0.6666666865348816,4.468565,6.313311,-1.844746
test,"(14, 69)",81,1,41.0,14.0,0.2195121943950653,3.535621,4.479720,-0.944099
test,"(197, 67)",82,1,719.0,55.0,0.4186370074748993,2.731246,3.355793,-0.624547
test,"(8, 133)",79,1,571.0,42.0,0.31873905658721924,5.991737,3.577321,2.414416
test,"(180, 189)",92,1,416.0,32.0,0.5024038553237915,4.638978,2.106986,2.531992
test,"(69, 79)",190,1,13.0,3.0,0.8461538553237915,2.241938,3.981051,-1.739113
test,"(7, 15)",11,1,181.0,7.0,0.6685082912445068,2.275997,0.493594,1.782404
test,"(189, 92)",186,1,153.0,19.0,0.13071896135807037,2.969339,2.346778,0.622561
test,"(7, 65)",87,1,202.0,27.0,0.2524752616882324,4.820080,4.514803,0.305276
test,"(236, 62)",65,1,101.0,15.0,0.3663366436958313,2.630683,2.685555,-0.054872
test,"(82, 58)",70,1,395.0,39.0,0.14177215099334717,8.979656,7.323478,1.656178
test,"(92, 14)",90,1,103.0,22.0,0.24271844327449799,8.262655,1.778774,6.483881
test,"(248, 180)",183,1,60.0,16.0,0.36666667461395264,4.039467,4.574331,-0.534864
test,"(233, 393)",82,1,622.0,48.0,0.3938906788825989,2.182581,1.494679,0.687902
test,"(84, 255)",268,1,141.0,30.0,0.1560283750295639,3.926630,1.971033,1.955598
test,"(65, 259)",396,1,23.0,10.0,0.30434781312942505,5.030280,6.623189,-1.592909
test,"(261, 72)",327,1,107.0,3.0,0.5046728849411011,4.956640,0.800213,4.156427
test,"(244, 62)",67,1,117.0,14.0,0.3162393271923065,3.865683,2.794891,1.070792
test,"(75, 198)",247,1,40.0,5.0,0.7749999761581421,6.109379,5.135984,0.973395
test,"(462, 11)",15,1,25.0,8.0,0.36000001430511475,4.689969,6.100007,-1.410038
test,"(462, 8)",8,1,6.0,4.0,0.5,1.989529,3.133857,-1.144328
test,"(375, 265)",76,1,4.0,1.0,1.0,5.224615,0.309437,4.915177
test,"(178, 82)",375,1,208.0,45.0,0.13942307233810425,7.486135,9.389423,-1.903288
test,"(14, 14)",472,1,553.0,41.0,0.49005424976348877,3.536452,0.810123,2.726329
test,"(400, 58)",60,1,23.0,2.0,0.6521739363670349,2.277952,0.547387,1.730565
test,"(133, 133)",300,1,2512.0,71.0,0.19864650070667267,3.672906,1.769715,1.903191
test,"(134, 353)",353,1,107.0,2.0,0.6261682510375977,0.740791,0.956679,-0.215888
test,"(123, 203)",213,1,49.0,11.0,0.3265306055545807,5.734703,7.934485,-2.199782
test,"(82, 8)",134,1,622.0,44.0,0.17845658957958221,3.086954,4.036763,-0.949810
test,"(482, 420)",88,1,95.0,1.0,1.0,0.803308,0.060131,0.743177
test,"(353, 363)",400,0,0.0,0.0,0.0,1.766541,2.082641,-0.316100
test,"(195, 303)",196,1,21.0,9.0,0.2380952388048172,7.014732,1.669452,5.345280
test,"(358, 198)",54,1,124.0,23.0,0.4032258093357086,7.017871,2.787393,4.230478
test,"(31, 11)",212,0,0.0,0.0,0.0,5.349197,4.675460,0.673737
test,"(26, 195)",358,1,684.0,39.0,0.17105263471603394,3.733865,3.974589,-0.240724
test,"(248, 232)",183,1,694.0,73.0,0.1541786789894104,4.400611,3.386986,1.013625
test,"(363, 366)",34,1,99.0,23.0,0.14141413569450378,3.390489,2.746854,0.643635
test,"(133, 92)",133,1,829.0,10.0,0.7647768259048462,0.162176,0.256666,-0.094490
test,"(400, 29)",189,1,6.0,1.0,1.0,3.223873,4.851104,-1.627231
test,"(88, 77)",66,1,689.0,4.0,0.9796807169914246,1.895915,0.109741,1.786175
test,"(70, 5)",67,0,0.0,0.0,0.0,9.905643,8.634199,1.271445
test,"(189, 195)",134,1,681.0,43.0,0.30837005376815796,1.624695,1.228544,0.396151
test,"(64, 88)",454,1,617.0,46.0,0.4651539623737335,1.819634,0.831589,0.988046
test,"(427, 290)",286,1,160.0,1.0,1.0,0.290267,0.028545,0.261722
test,"(448, 426)",232,1,406.0,3.0,0.9802955389022827,2.857950,3.797538,-0.939588
test,"(196, 25)",323,1,489.0,31.0,0.3108384311199188,0.421418,1.058192,-0.636774
test,"(373, 317)",14,0,0.0,0.0,0.0,5.889559,2.800741,3.088817
test,"(82, 180)",418,1,821.0,46.0,0.1973203420639038,1.948539,1.642905,0.305634
test,"(27, 179)",283,1,130.0,1.0,1.0,2.872666,0.104585,2.768081
test,"(133, 133)",14,1,2512.0,71.0,0.19864650070667267,2.451908,1.946136,0.505772
test,"(300, 482)",420,1,629.0,19.0,0.37201908230781555,1.915576,1.883796,0.031780
test,"(195, 249)",223,1,50.0,6.0,0.800000011920929,2.033847,0.317950,1.715897
test,"(133, 427)",290,1,30.0,1.0,1.0,1.133352,0.090447,1.042904
test,"(330, 29)",189,1,4.0,4.0,0.25,2.765725,3.529106,-0.763381
test,"(66, 255)",14,1,413.0,35.0,0.6416465044021606,1.869360,3.810324,-1.940964
test,"(92, 133)",133,1,751.0,21.0,0.9094540476799011,0.429372,0.119392,0.309980
test,"(51, 81)",198,1,269.0,7.0,0.6282528042793274,5.317881,3.031604,2.286277
test,"(286, 72)",184,1,353.0,1.0,1.0,2.595585,0.099084,2.496502
test,"(14, 66)",188,1,154.0,13.0,0.41558441519737244,4.177103,6.110386,-1.933283
test,"(85, 78)",196,1,114.0,4.0,0.5877193212509155,4.119256,0.643916,3.475341
test,"(420, 88)",77,1,551.0,1.0,1.0,2.110542,0.093228,2.017314
test,"(290, 286)",72,1,264.0,1.0,1.0,0.513078,0.042479,0.470599
test,"(26, 133)",92,1,602.0,21.0,0.45348837971687317,1.606533,0.846217,0.760317
test,"(86, 68)",197,1,199.0,6.0,0.7085427045822144,4.831799,0.453561,4.378238
test,"(249, 402)",134,1,484.0,38.0,0.6508264541625977,1.688174,0.475995,1.212180
test,"(402, 134)",35,1,370.0,21.0,0.4648648500442505,2.977587,0.861588,2.115999
test,"(244, 35)",192,1,20.0,2.0,0.6499999761581421,2.326303,1.193645,1.132657
test,"(134, 0)",270,1,374.0,36.0,0.3395721912384033,2.488905,1.139074,1.349831
test,"(194, 350)",32,1,54.0,11.0,0.14814814925193787,3.972623,2.073280,1.899343
test,"(34, 6)",507,1,37.0,6.0,0.5405405163764954,3.800691,0.746888,3.053803
test,"(475, 257)",359,1,408.0,26.0,0.29901960492134094,2.967607,2.896290,0.071317
test,"(82, 82)",361,1,291.0,52.0,0.2164948433637619,6.822700,2.712639,4.110061
test,"(299, 51)",78,1,116.0,3.0,0.9741379022598267,2.365954,0.125617,2.240337
test,"(134, 494)",26,1,248.0,16.0,0.5120967626571655,3.712131,2.835865,0.876265
test,"(192, 8)",434,1,45.0,12.0,0.2666666805744171,3.512814,3.520084,-0.007270
test,"(302, 14)",134,1,697.0,31.0,0.5882353186607361,2.218430,0.613835,1.604595
test,"(435, 134)",0,1,18.0,6.0,0.6666666865348816,2.842701,0.560244,2.282457
test,"(71, 7)",90,1,150.0,32.0,0.15333333611488342,2.329407,1.932910,0.396497
test,"(13, 256)",242,1,277.0,10.0,0.34296029806137085,2.214732,1.135761,1.078971
test,"(34, 78)",76,1,351.0,11.0,0.4216524362564087,4.117124,2.298666,1.818458
test,"(288, 179)",487,1,131.0,5.0,0.5877862572669983,3.329405,0.638712,2.690692
test,"(471, 67)",32,1,136.0,22.0,0.36764705181121826,2.840875,1.093439,1.747435
test,"(268, 11)",325,1,167.0,25.0,0.11976047605276108,5.074043,3.203483,1.870560
test,"(245, 134)",218,1,442.0,44.0,0.3438914120197296,3.586597,3.022804,0.563793
test,"(34, 78)",76,1,351.0,11.0,0.4216524362564087,4.525483,2.304121,2.221362
test,"(503, 13)",84,1,697.0,42.0,0.15494978427886963,5.254844,5.318645,-0.063802
test,"(7, 196)",25,1,133.0,8.0,0.29323309659957886,2.691887,1.633723,1.058163
test,"(218, 186)",418,1,1021.0,27.0,0.46523016691207886,3.803560,4.144232,-0.340672
test,"(492, 201)",6,1,66.0,17.0,0.3181818127632141,3.614271,1.263731,2.350540
test,"(67, 279)",7,1,117.0,16.0,0.36752137541770935,4.703838,2.855021,1.848817
test,"(83, 459)",318,1,312.0,30.0,0.29807692766189575,4.489061,3.000643,1.488418
test,"(32, 50)",34,1,161.0,9.0,0.35403725504875183,3.478510,1.402419,2.076091
test,"(197, 67)",46,1,719.0,55.0,0.4186370074748993,5.582528,4.421973,1.160555
test,"(257, 11)",325,1,271.0,43.0,0.14760147035121918,5.153907,3.088734,2.065173
test,"(325, 258)",190,1,33.0,3.0,0.4545454680919647,1.603834,1.939809,-0.335975
test,"(35, 64)",88,1,25.0,2.0,0.6399999856948853,2.969016,0.580093,2.388923
test,"(83, 459)",318,1,312.0,30.0,0.29807692766189575,4.794428,3.006601,1.787828
test,"(25, 199)",32,1,2122.0,114.0,0.12205466628074646,5.389272,4.206171,1.183101
test,"(183, 458)",65,1,118.0,15.0,0.3050847351551056,7.897422,1.851420,6.046002
test,"(133, 133)",404,1,2512.0,71.0,0.19864650070667267,2.566041,3.072069,-0.506028
test,"(484, 28)",396,1,91.0,15.0,0.4065934121608734,2.609667,1.873810,0.735856
test,"(48, 52)",36,1,6.0,2.0,0.5,5.592200,1.080749,4.511450
test,"(260, 127)",110,1,189.0,6.0,0.6719576716423035,2.495157,1.932984,0.562173
test,"(416, 278)",127,1,279.0,56.0,0.12903225421905518,1.345902,1.923687,-0.577785
test,"(128, 152)",134,1,126.0,17.0,0.2539682686328888,3.236377,2.960899,0.275478
test,"(51, 50)",180,1,20.0,12.0,0.15000000596046448,3.522744,2.764812,0.757932
test,"(351, 416)",278,1,13.0,4.0,0.5384615659713745,0.867243,2.306621,-1.439378
test,"(96, 502)",201,1,27.0,2.0,0.9629629850387573,2.699289,4.451750,-1.752460
test,"(278, 127)",95,1,103.0,22.0,0.13592232763767242,4.331507,3.178307,1.153200
test,"(120, 238)",221,1,60.0,9.0,0.3166666626930237,3.095074,3.198939,-0.103864
test,"(260, 238)",376,1,34.0,8.0,0.47058823704719543,3.015332,3.810608,-0.795277
test,"(152, 212)",109,1,17.0,8.0,0.4117647111415863,3.538291,4.329436,-0.791146
test,"(502, 254)",120,1,19.0,6.0,0.42105263471603394,2.268510,1.993031,0.275479
test,"(131, 166)",159,1,257.0,19.0,0.27626457810401917,4.790877,2.432883,2.357993
test,"(152, 11)",278,0,0.0,0.0,0.0,1.968662,3.249947,-1.281286
test,"(341, 134)",68,1,15.0,6.0,0.46666666865348816,4.204846,4.847059,-0.642213
test,"(78, 76)",13,1,318.0,41.0,0.12893082201480865,2.816156,2.193525,0.622631
test,"(184, 299)",8,1,20.0,8.0,0.550000011920929,3.549043,2.653722,0.895320
test,"(419, 134)",62,1,172.0,45.0,0.15697674453258514,5.398283,2.119948,3.278335
test,"(219, 7)",77,1,141.0,34.0,0.20567375421524048,3.529383,1.661388,1.867996
test,"(46, 49)",50,1,247.0,24.0,0.2712550461292267,3.995358,2.904505,1.090852
test,"(81, 280)",78,1,89.0,6.0,0.6966292262077332,3.296028,0.467646,2.828383
test,"(133, 51)",46,1,14.0,7.0,0.4285714328289032,2.979348,1.047099,1.932249
test,"(70, 206)",84,1,51.0,4.0,0.7647058963775635,1.720442,0.355339,1.365103
test,"(2, 134)",216,1,171.0,31.0,0.1520467847585678,4.415707,2.044969,2.370738
test,"(235, 79)",268,1,99.0,13.0,0.5858585834503174,4.870053,0.650224,4.219830
test,"(217, 303)",483,1,17.0,6.0,0.6470588445663452,8.048149,6.822149,1.226000
test,"(16, 17)",427,1,307.0,37.0,0.1856677532196045,4.587497,6.256748,-1.669251
test,"(8, 352)",134,1,74.0,17.0,0.28378379344940186,1.729125,1.587549,0.141577
test,"(46, 43)",36,1,64.0,10.0,0.234375,1.885582,1.648215,0.237367
test,"(175, 202)",62,1,108.0,29.0,0.3333333432674408,1.818368,1.100877,0.717491
test,"(360, 84)",21,1,11.0,1.0,1.0,7.983395,0.175707,7.807688
test,"(352, 28)",360,1,391.0,24.0,0.42455244064331055,5.680724,3.632379,2.048345
test,"(197, 82)",25,1,200.0,28.0,0.12999999523162842,3.574858,2.276618,1.298241
test,"(183, 65)",25,1,58.0,11.0,0.4482758641242981,4.182084,6.029731,-1.847646
test,"(21, 19)",7,1,224.0,26.0,0.5178571343421936,3.969515,2.115193,1.854322
test,"(224, 225)",84,1,83.0,18.0,0.1807228922843933,2.331130,2.209157,0.121973
test,"(391, 32)",38,1,23.0,3.0,0.8260869383811951,6.971408,4.494912,2.476496
test,"(78, 441)",25,1,207.0,19.0,0.6521739363670349,6.030708,4.563070,1.467639
test,"(81, 437)",224,1,3.0,3.0,0.3333333432674408,4.424115,2.542365,1.881751
test,"(182, 261)",7,1,201.0,28.0,0.1890547275543213,3.795022,3.099356,0.695667
test,"(83, 196)",92,1,16.0,6.0,0.3125,4.216697,4.326193,-0.109496
test,"(69, 134)",247,1,352.0,49.0,0.3806818127632141,4.603777,3.328594,1.275183
test,"(82, 356)",186,1,67.0,11.0,0.2238806039094925,1.506001,1.379440,0.126561
test,"(179, 180)",183,1,64.0,18.0,0.234375,3.969031,3.254634,0.714397
test,"(180, 183)",344,1,239.0,37.0,0.12552301585674286,5.322277,2.146495,3.175782
test,"(7, 83)",8,1,488.0,36.0,0.26229506731033325,3.683414,2.509841,1.173574
test,"(78, 74)",186,1,305.0,47.0,0.4098360538482666,7.594422,6.770447,0.823976
test,"(66, 65)",62,1,28.0,7.0,0.4285714328289032,2.713521,0.991994,1.721527
test,"(7, 16)",419,1,146.0,20.0,0.2876712381839752,5.837377,2.853215,2.984162
test,"(76, 190)",236,1,107.0,18.0,0.3925233781337738,2.606133,0.999419,1.606714
test,"(396, 186)",194,1,43.0,15.0,0.27906978130340576,4.218171,5.344022,-1.125851
test,"(40, 43)",58,1,317.0,13.0,0.8832807540893555,7.206380,9.443478,-2.237098
test,"(7, 437)",7,1,104.0,2.0,0.9903846383094788,0.651559,0.057309,0.594249
test,"(419, 289)",308,1,13.0,6.0,0.4615384638309479,5.225876,1.005651,4.220225
test,"(134, 216)",210,1,137.0,16.0,0.30656933784484863,3.573452,2.085845,1.487608
test,"(69, 1)",134,1,674.0,52.0,0.4243323504924774,2.334062,0.929315,1.404747
test,"(88, 173)",82,1,514.0,18.0,0.8618677258491516,1.260337,0.215985,1.044352
test,"(23, 13)",18,1,44.0,8.0,0.3181818127632141,4.650532,1.300526,3.350006
test,"(79, 76)",14,1,13.0,7.0,0.4615384638309479,4.442171,2.421992,2.020179
test,"(67, 72)",248,1,642.0,16.0,0.37071651220321655,3.205195,1.085936,2.119259
test,"(89, 62)",319,1,93.0,12.0,0.24731183052062988,2.857226,2.066814,0.790412
test,"(189, 89)",62,1,22.0,2.0,0.9545454382896423,3.394434,0.174510,3.219924
test,"(18, 69)",92,1,50.0,4.0,0.6600000262260437,2.721972,0.529922,2.192050
test,"(454, 25)",169,1,51.0,9.0,0.529411792755127,9.950640,9.330612,0.620028
test,"(302, 134)",428,1,83.0,20.0,0.20481927692890167,4.800364,2.840799,1.959564
test,"(62, 65)",88,1,735.0,42.0,0.3510203957557678,2.173750,1.113649,1.060101
test,"(134, 18)",4,1,252.0,34.0,0.130952388048172,4.487801,6.741011,-2.253210
test,"(346, 85)",13,1,22.0,3.0,0.3636363744735718,3.221407,1.332961,1.888447
test,"(134, 475)",372,1,435.0,30.0,0.4873563349246979,8.467731,5.921271,2.546461
test,"(81, 88)",11,1,294.0,42.0,0.2857142984867096,3.471378,3.483921,-0.012543
test,"(475, 82)",58,1,50.0,13.0,0.30000001192092896,4.725467,5.457858,-0.732391
test,"(6, 261)",76,1,10.0,1.0,1.0,3.457789,0.171983,3.285806
test,"(63, 264)",134,1,9.0,6.0,0.3333333432674408,1.713029,2.463249,-0.750221
test,"(240, 82)",78,1,342.0,6.0,0.8274853825569153,3.571752,0.293211,3.278541
test,"(178, 25)",199,1,393.0,34.0,0.4987277388572693,1.281315,0.725271,0.556044
test,"(224, 375)",82,1,23.0,6.0,0.3913043439388275,2.845978,1.031261,1.814717
test,"(192, 8)",291,1,45.0,12.0,0.2666666805744171,1.097758,1.509583,-0.411825
test,"(413, 455)",298,1,125.0,3.0,0.9279999732971191,1.265393,0.149061,1.116332
test,"(331, 7)",90,1,63.0,6.0,0.761904776096344,2.111228,0.370407,1.740821
test,"(133, 404)",189,1,1049.0,23.0,0.6234509348869324,0.481444,0.459885,0.021559
test,"(14, 239)",345,1,14.0,3.0,0.7142857313156128,5.730589,2.316168,3.414421
test,"(206, 188)",180,1,216.0,23.0,0.30092594027519226,3.498368,1.645487,1.852881
test,"(69, 350)",44,1,273.0,12.0,0.38461539149284363,5.622952,3.673029,1.949923
test,"(67, 32)",83,1,304.0,4.0,0.9769737124443054,2.383772,0.119365,2.264407
test,"(186, 134)",295,1,1054.0,89.0,0.07020872831344604,4.145807,5.373522,-1.227715
test,"(508, 82)",207,1,101.0,24.0,0.1881188154220581,5.300870,7.316974,-2.016104
test,"(243, 184)",297,1,422.0,29.0,0.43127962946891785,6.662144,2.801646,3.860498
test,"(195, 134)",31,1,1145.0,73.0,0.1764192134141922,0.884095,1.607048,-0.722953
test,"(301, 283)",268,1,280.0,16.0,0.30000001192092896,1.569024,1.223258,0.345766
test,"(459, 51)",321,1,18.0,1.0,1.0,3.119070,0.140887,2.978184
test,"(388, 134)",31,1,249.0,12.0,0.9156626462936401,0.574663,0.129633,0.445029
test,"(229, 254)",109,1,307.0,10.0,0.37785017490386963,1.560078,2.243777,-0.683699
test,"(120, 254)",114,1,127.0,7.0,0.4251968562602997,4.907972,1.176745,3.731227
test,"(92, 133)",133,1,751.0,21.0,0.9094540476799011,0.507500,0.124919,0.382581
test,"(472, 40)",43,1,284.0,6.0,0.9507042169570923,1.843933,0.137879,1.706054
test,"(25, 316)",234,1,20.0,8.0,0.3499999940395355,4.328842,1.775429,2.553413
test,"(72, 179)",207,1,617.0,52.0,0.15559157729148865,4.896818,5.497970,-0.601152
test,"(441, 68)",248,1,151.0,2.0,0.9867549538612366,2.601528,0.114809,2.486719
test,"(25, 323)",26,1,966.0,13.0,0.4399586021900177,0.663177,0.796904,-0.133727
test,"(199, 184)",77,1,29.0,6.0,0.5517241358757019,3.732890,0.724395,3.008495
test,"(195, 134)",73,1,1145.0,73.0,0.1764192134141922,4.940004,5.511807,-0.571803
test,"(205, 188)",359,1,350.0,26.0,0.22857142984867096,5.798911,3.722616,2.076295
test,"(325, 269)",189,1,28.0,9.0,0.3928571343421936,4.784505,4.738057,0.046449
test,"(79, 316)",87,0,0.0,0.0,0.0,6.040305,2.499412,3.540892
test,"(82, 13)",340,1,1646.0,100.0,0.11907655000686646,4.199826,3.348448,0.851378
test,"(92, 14)",64,1,103.0,22.0,0.24271844327449799,6.119182,6.347310,-0.228129
test,"(183, 190)",236,1,209.0,4.0,0.980861246585846,2.247077,0.114647,2.132429
test,"(13, 176)",81,1,212.0,2.0,0.9952830076217651,2.097515,0.099039,1.998476
test,"(425, 64)",244,1,61.0,1.0,1.0,3.657828,0.114468,3.543360
test,"(268, 291)",189,1,492.0,30.0,0.37804877758026123,1.462726,0.974378,0.488349
test,"(82, 133)",404,1,263.0,21.0,0.44486692547798157,2.257464,0.882021,1.375444
test,"(134, 52)",471,1,191.0,13.0,0.3403141498565674,0.934335,1.044615,-0.110279
test,"(467, 13)",67,1,194.0,17.0,0.3144329786300659,4.827197,4.057556,0.769641
test,"(182, 274)",12,1,371.0,34.0,0.32614555954933167,5.668259,4.446174,1.222084
test,"(298, 68)",8,1,448.0,34.0,0.3370535671710968,5.437619,2.901664,2.535955
test,"(13, 32)",35,1,80.0,12.0,0.48750001192092896,3.173233,0.826906,2.346326
test,"(38, 84)",479,1,67.0,1.0,1.0,5.291624,0.115915,5.175709
test,"(31, 34)",241,1,145.0,6.0,0.6965517401695251,4.578095,2.114484,2.463612
test,"(476, 226)",414,1,236.0,9.0,0.4661017060279846,2.519619,1.677070,0.842549
test,"(467, 82)",50,1,109.0,22.0,0.17431192100048065,5.429715,2.200943,3.228771
test,"(11, 134)",196,1,2212.0,121.0,0.059222422540187836,4.296667,3.846559,0.450108
test,"(78, 188)",13,1,657.0,14.0,0.5190258622169495,2.972996,0.749764,2.223232
test,"(188, 13)",44,1,572.0,39.0,0.32692307233810425,5.621901,7.675368,-2.053467
test,"(188, 82)",38,1,354.0,49.0,0.17231638729572296,5.573150,2.954633,2.618517
test,"(38, 84)",479,1,67.0,1.0,1.0,5.572670,0.116054,5.456617
test,"(88, 77)",66,1,689.0,4.0,0.9796807169914246,2.217794,0.114364,2.103430
test,"(7, 31)",34,1,43.0,4.0,0.5116279125213623,3.689472,1.177846,2.511626
test,"(72, 188)",37,1,560.0,59.0,0.1428571492433548,4.242097,5.609718,-1.367621
test,"(88, 77)",66,1,689.0,4.0,0.9796807169914246,2.501039,0.117379,2.383660
test,"(71, 180)",134,1,132.0,23.0,0.3787878751754761,3.144377,2.548905,0.595472
test,"(7, 467)",13,1,195.0,11.0,0.3897435963153839,1.976807,2.005461,-0.028653
test,"(178, 276)",25,1,81.0,8.0,0.5308641791343689,3.584880,3.996846,-0.411966
test,"(230, 182)",80,1,24.0,11.0,0.25,3.674223,1.985024,1.689199
test,"(223, 180)",134,1,73.0,22.0,0.15068493783473969,1.938306,1.764811,0.173495
test,"(215, 77)",223,1,3.0,1.0,1.0,1.998343,0.351018,1.647324
test,"(80, 11)",194,1,15.0,7.0,0.3333333432674408,3.901457,1.595414,2.306044
test,"(11, 134)",31,1,2212.0,121.0,0.059222422540187836,4.028137,5.436998,-1.408861
test,"(196, 11)",225,1,318.0,46.0,0.11320754885673523,4.406784,5.522880,-1.116096
test,"(50, 176)",85,1,295.0,4.0,0.8576270937919617,2.793588,0.253338,2.540250
test,"(64, 76)",317,1,316.0,55.0,0.10759493708610535,4.519320,2.427402,2.091917
test,"(13, 467)",82,1,182.0,11.0,0.5,2.764650,2.236891,0.527759
test,"(81, 222)",458,1,144.0,10.0,0.8680555820465088,1.992751,0.231506,1.761245
test,"(78, 13)",242,1,145.0,31.0,0.08275862038135529,6.240458,3.094839,3.145619
test,"(81, 369)",7,1,82.0,7.0,0.792682945728302,1.612454,0.297485,1.314969
test,"(470, 470)",470,1,384.0,5.0,0.921875,0.021538,0.068348,-0.046810
test,"(65, 88)",9,1,385.0,12.0,0.7636363506317139,8.338053,10.509399,-2.171346
test,"(65, 88)",173,1,385.0,12.0,0.7636363506317139,2.023138,0.356752,1.666386
test,"(198, 71)",255,1,284.0,33.0,0.38732394576072693,8.759723,7.902137,0.857586
test,"(4, 134)",18,1,40.0,14.0,0.30000001192092896,3.792510,4.623434,-0.830925
test,"(17, 19)",8,1,124.0,30.0,0.1854838728904724,2.895177,2.667646,0.227530
test,"(64, 86)",266,1,37.0,15.0,0.2432432472705841,8.246471,5.005408,3.241063
test,"(86, 266)",410,1,9.0,2.0,0.7777777910232544,3.610742,0.440933,3.169808
test,"(25, 13)",16,1,183.0,6.0,0.48087432980537415,4.477282,0.842944,3.634337
test,"(270, 28)",133,1,28.0,5.0,0.3571428656578064,5.387100,1.209588,4.177512
test,"(21, 15)",92,1,163.0,37.0,0.19018404185771942,5.088489,4.102766,0.985722
test,"(74, 266)",339,1,4.0,3.0,0.5,7.927529,5.690116,2.237413
test,"(188, 62)",82,1,194.0,25.0,0.1855670064687729,3.356263,3.701840,-0.345577
test,"(65, 233)",393,1,312.0,2.0,0.9903846383094788,0.231497,0.030992,0.200505
test,"(393, 82)",8,1,153.0,27.0,0.4901960790157318,3.503291,3.453923,0.049368
test,"(190, 58)",25,1,12.0,4.0,0.5,3.389308,0.881408,2.507900
test,"(393, 299)",180,1,139.0,14.0,0.4748201370239258,2.741831,4.032478,-1.290647
test,"(223, 82)",427,1,178.0,37.0,0.13483145833015442,4.954668,3.580393,1.374275
test,"(59, 77)",90,1,424.0,40.0,0.24056604504585266,4.810857,2.907709,1.903149
test,"(82, 71)",84,1,165.0,10.0,0.46060606837272644,4.774472,4.862509,-0.088037
test,"(62, 196)",87,1,801.0,37.0,0.2821473181247711,2.090245,1.317805,0.772440
test,"(14, 134)",17,1,463.0,54.0,0.09935205429792404,3.205264,3.023558,0.181706
test,"(69, 81)",223,1,342.0,6.0,0.8684210777282715,1.036812,0.203548,0.833264
test,"(87, 9)",65,1,2.0,1.0,1.0,5.404847,7.606668,-2.201821
test,"(134, 20)",281,1,186.0,32.0,0.23655913770198822,3.626305,1.771210,1.855095
test,"(82, 7)",65,1,678.0,82.0,0.07669616490602493,3.534000,3.279205,0.254796
test,"(75, 176)",13,1,132.0,21.0,0.2954545319080353,2.186209,2.707806,-0.521597
test,"(84, 479)",82,1,87.0,4.0,0.48275861144065857,2.902488,0.834328,2.068160
test,"(311, 503)",13,1,122.0,1.0,1.0,0.093850,0.009411,0.084438
test,"(175, 50)",176,1,9.0,2.0,0.6666666865348816,3.056368,1.425915,1.630453
test,"(50, 176)",85,1,295.0,4.0,0.8576270937919617,2.554001,0.251206,2.302796
test,"(186, 207)",343,1,870.0,14.0,0.25287356972694397,1.904847,1.417787,0.487060
test,"(192, 51)",197,1,65.0,5.0,0.8307692408561707,4.866185,3.946528,0.919657
test,"(25, 14)",14,1,148.0,3.0,0.9797297120094299,3.273101,0.125514,3.147587
test,"(81, 237)",62,1,98.0,13.0,0.3265306055545807,5.396230,4.421522,0.974708
test,"(354, 66)",75,1,9.0,4.0,0.5555555820465088,3.324576,4.014350,-0.689774
test,"(188, 92)",480,1,121.0,27.0,0.1735537201166153,6.791656,7.215696,-0.424040
test,"(64, 12)",491,1,51.0,10.0,0.3333333432674408,11.941771,13.944410,-2.002639
test,"(244, 82)",282,1,104.0,27.0,0.32692307233810425,8.797009,4.495169,4.301839
test,"(133, 133)",404,1,2512.0,71.0,0.19864650070667267,1.589131,2.829343,-1.240213
test,"(330, 207)",367,1,25.0,3.0,0.7200000286102295,0.792286,0.388534,0.403752
test,"(31, 34)",465,1,145.0,6.0,0.6965517401695251,5.735956,3.234388,2.501568
test,"(75, 75)",176,1,303.0,35.0,0.2013201266527176,6.053741,1.712304,4.341436
test,"(38, 84)",479,1,67.0,1.0,1.0,4.464648,0.115188,4.349460
test,"(248, 318)",448,1,74.0,1.0,1.0,0.624291,0.053456,0.570836
test,"(203, 238)",439,1,311.0,37.0,0.2668810188770294,3.729604,1.410057,2.319547
test,"(8, 311)",337,1,225.0,21.0,0.5822222232818604,2.692265,2.924850,-0.232585
test,"(337, 60)",26,1,359.0,24.0,0.22841225564479828,1.920553,1.754505,0.166048
test,"(13, 82)",78,1,629.0,30.0,0.1621621549129486,3.240195,2.066042,1.174153
test,"(492, 6)",218,1,19.0,2.0,0.9473684430122375,1.188077,0.152273,1.035803
test,"(180, 418)",503,1,569.0,23.0,0.29173988103866577,0.986682,1.186508,-0.199826
test,"(140, 213)",493,1,3.0,2.0,0.6666666865348816,1.187252,2.052236,-0.864984
test,"(349, 244)",317,1,31.0,4.0,0.6774193644523621,4.233723,0.526235,3.707489
test,"(317, 82)",480,1,24.0,9.0,0.25,4.145881,2.446743,1.699138
test,"(235, 505)",30,1,302.0,33.0,0.23178808391094208,8.283721,4.600940,3.682781
test,"(35, 47)",403,1,56.0,10.0,0.6785714030265808,5.486670,0.508311,4.978359
test,"(206, 86)",249,1,287.0,27.0,0.31010451912879944,6.151042,1.278924,4.872119
test,"(203, 500)",238,1,87.0,9.0,0.517241358757019,2.455594,0.744579,1.711014
test,"(404, 189)",408,1,654.0,19.0,0.38685014843940735,4.236710,1.755707,2.481003
test,"(385, 389)",133,1,120.0,1.0,1.0,0.625428,0.048782,0.576646
test,"(202, 207)",367,1,7.0,1.0,1.0,2.321600,0.189474,2.132126
test,"(199, 31)",14,1,309.0,4.0,0.6893203854560852,1.961468,0.456105,1.505362
test,"(199, 75)",84,1,86.0,10.0,0.5348837375640869,4.040454,0.738105,3.302349
test,"(17, 281)",14,1,106.0,25.0,0.1603773534297943,2.179405,3.245912,-1.066507
test,"(12, 24)",281,1,287.0,14.0,0.46689894795417786,2.022165,0.829102,1.193063
test,"(489, 25)",199,0,0.0,0.0,0.0,1.427647,1.788904,-0.361257
test,"(397, 2)",35,1,127.0,7.0,0.29133859276771545,6.031153,4.117289,1.913864
test,"(199, 227)",12,1,100.0,8.0,0.6800000071525574,1.034001,0.399259,0.634742
test,"(12, 17)",281,1,931.0,38.0,0.1890440434217453,2.730956,3.309474,-0.578518
test,"(25, 199)",65,1,2122.0,114.0,0.12205466628074646,1.694479,3.136584,-1.442105
test,"(304, 25)",199,1,30.0,3.0,0.699999988079071,0.981151,3.031885,-2.050734
test,"(65, 70)",12,1,689.0,18.0,0.8795355558395386,1.157453,0.193951,0.963502
test,"(269, 189)",508,1,93.0,15.0,0.31182795763015747,7.027874,1.294517,5.733357
test,"(54, 509)",301,1,402.0,34.0,0.14676617085933685,4.572848,1.995268,2.577581
test,"(350, 7)",245,1,106.0,14.0,0.4245283007621765,6.432690,8.076781,-1.644090
test,"(192, 7)",69,1,434.0,54.0,0.24884793162345886,3.931041,1.463902,2.467139
test,"(14, 134)",251,1,463.0,54.0,0.09935205429792404,7.704374,4.970931,2.733444
test,"(221, 251)",338,1,569.0,41.0,0.15114235877990723,2.680726,2.156154,0.524573
test,"(45, 402)",35,1,52.0,18.0,0.17307692766189575,4.245607,2.351081,1.894527
test,"(13, 196)",8,1,798.0,29.0,0.19298245012760162,2.631350,2.656734,-0.025384
test,"(182, 355)",177,1,107.0,3.0,0.9719626307487488,1.106031,0.100464,1.005567
test,"(88, 77)",66,1,689.0,4.0,0.9796807169914246,2.097099,0.112800,1.984299
test,"(23, 281)",218,1,102.0,19.0,0.19607843458652496,2.408331,4.636693,-2.228362
test,"(477, 13)",176,1,184.0,9.0,0.489130437374115,3.918296,0.823590,3.094706
test,"(376, 109)",439,1,67.0,5.0,0.7910447716712952,2.577594,0.338818,2.238776
test,"(269, 358)",280,1,168.0,5.0,0.8809523582458496,1.483030,0.203320,1.279710
test,"(35, 279)",8,1,23.0,1.0,1.0,3.199502,5.034789,-1.835287
test,"(43, 78)",261,1,423.0,8.0,0.47754135727882385,3.724291,0.841946,2.882345
test,"(280, 180)",418,1,30.0,12.0,0.20000000298023224,1.101319,2.431569,-1.330250
test,"(189, 245)",336,1,641.0,35.0,0.16380655765533447,3.888579,2.513485,1.375094
test,"(43, 78)",261,1,423.0,8.0,0.47754135727882385,3.887628,0.842791,3.044837
test,"(34, 400)",8,1,353.0,27.0,0.37960338592529297,3.499243,3.263199,0.236044
test,"(331, 50)",64,1,320.0,11.0,0.33125001192092896,3.348564,2.385516,0.963047
test,"(269, 191)",180,1,71.0,14.0,0.26760563254356384,4.757939,2.897413,1.860526
test,"(218, 245)",331,1,553.0,32.0,0.2151898741722107,1.757449,1.610949,0.146501
test,"(72, 76)",192,1,456.0,30.0,0.18640351295471191,4.911305,1.847229,3.064076
test,"(11, 15)",11,1,74.0,2.0,0.7837837934494019,4.317877,1.669374,2.648503
test,"(81, 70)",65,1,176.0,1.0,1.0,1.888693,0.092763,1.795930
test,"(12, 76)",483,1,499.0,14.0,0.8316633105278015,8.779086,10.612210,-1.833124
test,"(190, 405)",134,1,112.0,22.0,0.25,3.887465,2.092080,1.795385
test,"(75, 75)",65,1,303.0,35.0,0.2013201266527176,6.741985,1.937451,4.804533
test,"(83, 425)",187,1,21.0,6.0,0.7142857313156128,6.101130,0.469316,5.631815
test,"(134, 296)",345,1,549.0,6.0,0.8706739544868469,0.329389,0.154901,0.174489
test,"(69, 72)",81,1,604.0,5.0,0.45860928297042847,2.162039,1.170294,0.991744
test,"(272, 252)",78,1,2224.0,26.0,0.254046767950058,6.965962,6.557855,0.408106
test,"(459, 13)",67,1,124.0,16.0,0.2338709682226181,4.771932,2.113035,2.658897
test,"(43, 78)",66,1,423.0,8.0,0.47754135727882385,2.788671,1.827995,0.960676
test,"(259, 328)",207,1,73.0,20.0,0.232876718044281,4.543409,3.370234,1.173174
test,"(134, 89)",78,1,264.0,13.0,0.2613636255264282,3.763741,3.597692,0.166049
test,"(65, 12)",19,1,263.0,15.0,0.22813688218593597,3.797355,1.980039,1.817316
test,"(12, 77)",177,1,225.0,8.0,0.8222222328186035,2.344916,0.291367,2.053550
test,"(117, 238)",264,1,35.0,15.0,0.1428571492433548,7.584689,9.488895,-1.904206
test,"(303, 65)",12,1,215.0,3.0,0.9906976819038391,1.763306,0.098752,1.664554
test,"(298, 74)",282,1,488.0,29.0,0.7049180269241333,0.772463,0.380911,0.391552
test,"(53, 72)",402,1,57.0,3.0,0.859649121761322,4.101655,0.268509,3.833146
test,"(65, 64)",7,1,83.0,2.0,0.9879518151283264,6.032823,0.125955,5.906868
test,"(8, 291)",230,1,1310.0,44.0,0.3946564793586731,2.822891,2.194529,0.628362
test,"(322, 14)",58,1,32.0,6.0,0.4375,6.517062,6.873946,-0.356884
test,"(302, 29)",481,1,630.0,21.0,0.13809524476528168,2.749127,3.078376,-0.329249
test,"(253, 29)",224,1,1481.0,23.0,0.18568535149097443,2.442500,2.467066,-0.024566
test,"(270, 199)",247,1,399.0,53.0,0.11278195679187775,6.516730,8.240537,-1.723807
test,"(374, 228)",173,1,514.0,1.0,1.0,0.529674,0.042980,0.486693
test,"(35, 279)",7,1,23.0,1.0,1.0,5.334693,7.179952,-1.845259
test,"(272, 282)",63,1,193.0,7.0,0.9637305736541748,2.748628,0.136360,2.612268
test,"(68, 54)",196,1,93.0,3.0,0.7956989407539368,3.973553,0.339265,3.634287
test,"(154, 127)",165,1,16.0,4.0,0.6875,2.430936,0.519602,1.911334
test,"(127, 164)",127,1,322.0,11.0,0.3571428656578064,1.746191,1.270679,0.475512
test,"(355, 185)",29,1,479.0,13.0,0.5031315088272095,0.978183,0.712716,0.265467
test,"(12, 70)",81,1,69.0,9.0,0.4057970941066742,3.633224,1.019915,2.613309
test,"(302, 29)",245,1,630.0,21.0,0.13809524476528168,5.256945,3.145629,2.111315
test,"(400, 36)",67,1,12.0,1.0,1.0,3.483000,0.163834,3.319165
test,"(64, 368)",34,1,177.0,35.0,0.4576271176338196,5.726483,2.783824,2.942659
test,"(29, 195)",134,1,135.0,7.0,0.6296296119689941,1.700287,0.531213,1.169074
test,"(177, 82)",14,1,12.0,6.0,0.5,2.280507,3.269851,-0.989344
test,"(247, 79)",79,1,309.0,28.0,0.6860841512680054,4.189728,2.830070,1.359658
test,"(133, 264)",302,1,73.0,16.0,0.2876712381839752,4.246385,2.682192,1.564192
test,"(283, 11)",189,1,54.0,8.0,0.29629629850387573,3.532995,2.840368,0.692627
test,"(323, 26)",360,1,656.0,22.0,0.38871949911117554,7.523900,6.328051,1.195849
test,"(79, 217)",82,1,54.0,20.0,0.2222222238779068,1.743059,1.454037,0.289022
test,"(264, 240)",82,1,28.0,5.0,0.5714285969734192,1.414423,1.581905,-0.167482
test,"(269, 360)",222,1,20.0,6.0,0.6000000238418579,2.231545,0.637234,1.594311
test,"(343, 269)",358,1,198.0,30.0,0.17676767706871033,2.217557,2.169475,0.048082
test,"(257, 25)",323,1,569.0,23.0,0.6063268780708313,0.817143,0.526529,0.290615
test,"(13, 196)",11,1,798.0,29.0,0.19298245012760162,3.275613,1.724848,1.550764
test,"(68, 79)",134,1,67.0,25.0,0.16417910158634186,6.990379,3.082962,3.907417
test,"(334, 241)",134,1,2.0,2.0,0.5,4.640759,2.154461,2.486298
test,"(368, 308)",134,0,0.0,0.0,0.0,2.332653,1.742614,0.590039
test,"(11, 460)",213,1,47.0,12.0,0.5319148898124695,2.285054,4.262369,-1.977315
test,"(66, 255)",82,1,413.0,35.0,0.6416465044021606,1.722140,0.509653,1.212487
test,"(230, 176)",81,1,87.0,1.0,1.0,2.741241,0.105651,2.635591
test,"(12, 20)",134,1,522.0,18.0,0.7471264600753784,4.068689,5.373038,-1.304349
test,"(76, 192)",12,1,80.0,8.0,0.7124999761581421,4.441394,0.453091,3.988303
test,"(75, 70)",309,1,225.0,17.0,0.2755555510520935,6.909681,3.682215,3.227466
test,"(16, 309)",127,1,141.0,15.0,0.26950353384017944,2.874038,1.370126,1.503912
test,"(252, 227)",12,1,597.0,4.0,0.5343383550643921,0.564470,0.846058,-0.281588
test,"(221, 134)",39,1,349.0,30.0,0.28080227971076965,5.683689,5.522365,0.161324
test,"(110, 285)",118,1,52.0,4.0,0.48076921701431274,2.653673,0.838021,1.815652
test,"(285, 118)",476,1,230.0,16.0,0.395652174949646,1.743658,2.065329,-0.321671
test,"(328, 208)",485,1,230.0,23.0,0.5260869860649109,2.652216,2.180891,0.471325
test,"(355, 222)",68,1,146.0,1.0,1.0,0.873691,0.063294,0.810397
test,"(134, 74)",68,1,363.0,25.0,0.6831955909729004,0.921490,0.411821,0.509669
test,"(69, 374)",228,1,510.0,13.0,0.3803921639919281,0.672136,0.917223,-0.245087
test,"(426, 232)",12,1,538.0,30.0,0.7342007160186768,0.677748,0.331847,0.345901
test,"(200, 340)",252,1,339.0,27.0,0.6283186078071594,6.316628,5.075567,1.241061
test,"(20, 309)",90,1,67.0,12.0,0.19402985274791718,3.060808,3.178812,-0.118004
test,"(365, 1)",305,1,4.0,2.0,0.75,1.475853,0.610434,0.865419
test,"(70, 71)",83,1,115.0,17.0,0.747826099395752,2.302633,0.378472,1.924161
test,"(292, 253)",29,1,1291.0,1.0,1.0,0.131802,0.012685,0.119117
test,"(27, 83)",321,1,4.0,2.0,0.75,2.351746,2.511842,-0.160097
test,"(274, 82)",26,1,51.0,15.0,0.1764705926179886,4.806436,5.190395,-0.383959
test,"(189, 347)",360,1,41.0,10.0,0.3414634168148041,3.947863,5.488613,-1.540750
test,"(261, 76)",205,1,174.0,2.0,0.9655172228813171,3.007300,3.426741,-0.419441
test,"(68, 188)",248,1,364.0,10.0,0.5192307829856873,2.130127,0.737157,1.392970
test,"(77, 180)",249,1,31.0,10.0,0.22580644488334656,2.964700,4.115349,-1.150650
test,"(290, 286)",72,1,264.0,1.0,1.0,0.581128,0.046596,0.534532
test,"(270, 6)",261,1,2.0,2.0,0.5,5.964221,2.169004,3.795217
test,"(173, 41)",64,1,11.0,1.0,1.0,3.079011,0.168006,2.911005
test,"(218, 311)",310,1,13.0,6.0,0.3076923191547394,5.628668,1.838807,3.789860
test,"(245, 134)",13,1,442.0,44.0,0.3438914120197296,5.010117,1.173487,3.836630
test,"(279, 26)",325,1,42.0,9.0,0.2380952388048172,4.404620,3.527590,0.877030
test,"(286, 72)",184,1,353.0,1.0,1.0,2.036540,0.092933,1.943607
test,"(182, 85)",72,1,323.0,22.0,0.16408668458461761,3.403398,2.068850,1.334548
test,"(367, 199)",31,1,850.0,21.0,0.36352941393852234,2.650397,1.095616,1.554780
test,"(199, 372)",14,1,130.0,3.0,0.9461538195610046,1.021745,0.119333,0.902412
test,"(448, 426)",487,1,406.0,3.0,0.9802955389022827,0.039298,0.021383,0.017915
test,"(206, 86)",249,1,287.0,27.0,0.31010451912879944,5.990834,1.278791,4.712043
test,"(117, 502)",492,1,44.0,3.0,0.8636363744735718,2.409566,0.255644,2.153922
test,"(311, 508)",26,1,19.0,4.0,0.5263158082962036,2.083827,2.114839,-0.031012
test,"(218, 186)",207,1,1021.0,27.0,0.46523016691207886,1.467797,0.813708,0.654089
test,"(454, 34)",344,1,41.0,5.0,0.6585366129875183,2.214027,0.512609,1.701418
test,"(487, 13)",69,1,212.0,19.0,0.3349056541919708,2.684876,1.178185,1.506691
test,"(83, 298)",403,1,365.0,7.0,0.7287670969963074,6.283931,1.971379,4.312552
test,"(317, 127)",100,1,196.0,17.0,0.2091836780309677,3.908362,4.363502,-0.455140
test,"(189, 186)",297,1,766.0,36.0,0.20757180452346802,2.411070,1.665371,0.745700
test,"(13, 299)",205,1,22.0,1.0,1.0,5.420505,0.137746,5.282758
test,"(134, 299)",205,1,53.0,3.0,0.6037735939025879,6.873259,0.629787,6.243472
test,"(133, 245)",269,1,247.0,21.0,0.21862348914146423,2.517426,1.991048,0.526378
test,"(487, 13)",66,1,212.0,19.0,0.3349056541919708,2.994784,2.373556,0.621227
test,"(193, 213)",200,1,211.0,35.0,0.1895734667778015,3.481455,2.066856,1.414599
test,"(7, 90)",245,1,702.0,49.0,0.15099714696407318,2.834388,2.810162,0.024227
test,"(478, 238)",376,1,48.0,6.0,0.3541666567325592,2.479905,2.367643,0.112262
test,"(290, 49)",40,1,9.0,2.0,0.5555555820465088,3.543377,1.107661,2.435716
test,"(175, 7)",193,1,158.0,46.0,0.10126582533121109,6.717400,5.877537,0.839862
test,"(13, 34)",39,1,86.0,14.0,0.20930232107639313,4.444771,3.293615,1.151156
test,"(7, 196)",25,1,133.0,8.0,0.29323309659957886,2.644416,1.632037,1.012379
test,"(183, 344)",26,1,224.0,23.0,0.2455357164144516,4.875124,7.078580,-2.203456
test,"(26, 195)",207,1,684.0,39.0,0.17105263471603394,3.092565,1.907240,1.185325
test,"(199, 182)",79,1,176.0,14.0,0.6590909361839294,3.532074,3.841433,-0.309358
test,"(79, 75)",88,1,358.0,12.0,0.3268156349658966,2.748836,1.205595,1.543241
test,"(32, 83)",25,1,487.0,31.0,0.30595481395721436,3.327778,1.276577,2.051201
test,"(508, 257)",218,1,93.0,10.0,0.301075279712677,4.289630,5.343588,-1.053958
test,"(186, 207)",186,1,870.0,14.0,0.25287356972694397,2.623458,2.601880,0.021578
test,"(366, 67)",32,1,359.0,22.0,0.688022255897522,2.308267,0.464363,1.843904
test,"(343, 134)",80,1,126.0,35.0,0.3492063581943512,2.982945,2.716308,0.266638
test,"(205, 11)",382,1,8.0,5.0,0.375,5.695163,5.007053,0.688110
test,"(78, 441)",473,1,207.0,19.0,0.6521739363670349,1.820700,0.469804,1.350896
test,"(207, 195)",420,1,172.0,9.0,0.7325581312179565,3.432457,5.585232,-2.152774
test,"(344, 180)",418,1,40.0,6.0,0.42500001192092896,2.237137,2.405341,-0.168204
test,"(218, 343)",297,1,254.0,17.0,0.3897637724876404,2.283715,1.884342,0.399373
test,"(182, 79)",75,1,144.0,11.0,0.7291666865348816,3.709155,0.421628,3.287527
test,"(245, 231)",79,1,29.0,9.0,0.4137931168079376,4.364511,4.884559,-0.520048
test,"(77, 244)",259,1,174.0,33.0,0.24137930572032928,4.327294,6.364026,-2.036731
test,"(74, 32)",82,1,12.0,2.0,0.75,3.561445,1.749594,1.811851
test,"(77, 68)",7,1,681.0,22.0,0.3186490535736084,3.130224,1.774716,1.355508
test,"(134, 13)",280,1,293.0,35.0,0.15017065405845642,5.466817,2.012886,3.453931
test,"(7, 186)",508,1,60.0,10.0,0.550000011920929,3.991618,5.926322,-1.934704
test,"(29, 189)",186,1,180.0,4.0,0.550000011920929,1.868795,1.696735,0.172060
test,"(236, 190)",257,1,488.0,23.0,0.3463114798069,1.593902,1.102439,0.491463
test,"(13, 236)",190,1,60.0,6.0,0.699999988079071,0.964765,0.402411,0.562354
test,"(286, 72)",184,1,353.0,1.0,1.0,2.739952,0.100192,2.639760
test,"(503, 13)",340,1,697.0,42.0,0.15494978427886963,4.391882,2.910607,1.481275
test,"(201, 229)",338,1,688.0,33.0,0.21656976640224457,2.775697,2.086862,0.688835
test,"(40, 53)",32,1,11.0,3.0,0.3636363744735718,3.652626,1.283163,2.369463
test,"(82, 13)",196,1,1646.0,100.0,0.11907655000686646,3.056799,3.859132,-0.802334
test,"(134, 340)",34,1,260.0,42.0,0.1846153885126114,4.058358,2.687992,1.370366
test,"(508, 13)",475,1,131.0,21.0,0.28244274854660034,4.231736,1.627844,2.603893
test,"(507, 245)",231,1,38.0,9.0,0.3684210479259491,4.617819,2.272119,2.345700
test,"(299, 205)",178,1,97.0,9.0,0.5154638886451721,3.915622,0.772841,3.142781
test,"(190, 257)",25,1,169.0,16.0,0.2248520702123642,1.804324,1.478809,0.325515
test,"(13, 69)",350,1,1015.0,24.0,0.24039408564567566,1.865834,1.462609,0.403225
test,"(11, 186)",207,1,483.0,43.0,0.4057970941066742,2.448074,1.998696,0.449377
test,"(508, 257)",26,1,93.0,10.0,0.301075279712677,4.265562,4.189121,0.076441
test,"(82, 32)",67,1,170.0,7.0,0.529411792755127,2.870681,2.631858,0.238823
test,"(45, 36)",43,1,99.0,26.0,0.1818181872367859,4.061332,2.120583,1.940749
test,"(230, 504)",13,1,12.0,6.0,0.25,1.716487,2.433889,-0.717402
test,"(11, 183)",344,1,302.0,42.0,0.1192052960395813,2.927701,4.512204,-1.584503
test,"(32, 234)",71,1,178.0,2.0,0.9382022619247437,1.655796,0.149558,1.506238
test,"(44, 40)",45,1,85.0,3.0,0.8470588326454163,2.617551,0.267931,2.349620
test,"(134, 5)",5,1,588.0,14.0,0.896258533000946,0.708460,0.148422,0.560037
test,"(66, 267)",471,1,35.0,2.0,0.7714285850524902,0.173721,0.256730,-0.083009
test,"(7, 467)",257,1,195.0,11.0,0.3897435963153839,0.752788,0.917343,-0.164555
test,"(297, 230)",0,1,954.0,66.0,0.39308175444602966,1.738015,0.980239,0.757776
test,"(26, 186)",297,1,592.0,40.0,0.2753378450870514,2.066489,2.095819,-0.029330
test,"(299, 8)",189,1,79.0,23.0,0.27848100662231445,1.684653,1.271138,0.413515
test,"(71, 193)",469,1,7.0,3.0,0.5714285969734192,6.413606,7.012926,-0.599320
test,"(7, 237)",72,1,10.0,5.0,0.30000001192092896,5.142596,2.107483,3.035112
test,"(344, 13)",299,1,92.0,11.0,0.239130437374115,7.473736,2.120491,5.353245
test,"(78, 187)",7,1,28.0,10.0,0.4285714328289032,5.321574,1.001688,4.319887
test,"(221, 212)",121,1,368.0,17.0,0.24184782803058624,2.360308,1.473198,0.887110
test,"(189, 134)",475,1,667.0,50.0,0.2353823035955429,2.201592,2.434069,-0.232477
test,"(451, 220)",192,1,136.0,1.0,1.0,0.426006,0.038790,0.387216
test,"(13, 66)",366,1,794.0,28.0,0.2745591998100281,2.466124,1.364132,1.101992
test,"(475, 257)",259,1,408.0,26.0,0.29901960492134094,1.950681,3.019168,-1.068487
test,"(353, 195)",302,0,0.0,0.0,0.0,2.718178,3.207011,-0.488834
test,"(344, 257)",25,1,196.0,16.0,0.3163265287876129,1.462362,1.152979,0.309383
test,"(189, 134)",196,1,667.0,50.0,0.2353823035955429,3.867900,1.541903,2.325997
test,"(330, 505)",317,1,144.0,8.0,0.5069444179534912,3.329889,0.779157,2.550733
test,"(201, 212)",118,1,289.0,17.0,0.2560553550720215,1.972712,2.105331,-0.132619
test,"(505, 7)",325,1,51.0,10.0,0.3529411852359772,6.680598,8.466852,-1.786253
test,"(120, 254)",111,1,127.0,7.0,0.4251968562602997,2.759694,2.512600,0.247094
test,"(299, 33)",88,1,23.0,1.0,1.0,0.898785,0.085207,0.813578
test,"(66, 134)",237,1,90.0,11.0,0.7666666507720947,5.775119,6.893668,-1.118549
test,"(11, 186)",134,1,483.0,43.0,0.4057970941066742,1.876728,0.947292,0.929436
test,"(25, 134)",504,1,1784.0,97.0,0.08464125543832779,3.991376,5.418227,-1.426851
test,"(134, 504)",257,1,371.0,41.0,0.4312668442726135,3.035096,2.688733,0.346363
test,"(257, 507)",245,1,21.0,4.0,0.4285714328289032,2.311398,2.181774,0.129624
test,"(79, 200)",83,1,315.0,9.0,0.37142857909202576,2.634184,1.140393,1.493791
test,"(0, 504)",8,1,8.0,1.0,1.0,3.545999,5.499747,-1.953748
test,"(317, 127)",94,1,196.0,17.0,0.2091836780309677,3.123886,2.561888,0.561998
test,"(82, 32)",67,1,170.0,7.0,0.529411792755127,2.705146,2.617780,0.087366
test,"(67, 205)",178,1,205.0,13.0,0.37560975551605225,3.971962,1.083179,2.888784
test,"(49, 40)",53,1,37.0,12.0,0.21621622145175934,7.060540,2.523056,4.537484
test,"(245, 269)",228,1,203.0,27.0,0.1625615805387497,3.065272,3.641357,-0.576085
test,"(79, 200)",83,1,315.0,9.0,0.37142857909202576,2.609862,1.139840,1.470022
test,"(60, 8)",13,1,360.0,29.0,0.14166666567325592,2.564355,3.325773,-0.761418
test,"(206, 86)",249,1,287.0,27.0,0.31010451912879944,6.679571,1.279238,5.400332
test,"(196, 67)",197,1,190.0,2.0,0.8842105269432068,4.591037,0.231455,4.359581
test,"(505, 317)",127,1,73.0,11.0,0.6301369667053223,2.063252,0.538991,1.524261
test,"(5, 134)",0,1,93.0,23.0,0.5806451439857483,3.091848,0.650281,2.441567
test,"(438, 36)",67,1,25.0,3.0,0.8399999737739563,4.543874,2.464738,2.079136
test,"(249, 402)",472,1,484.0,38.0,0.6508264541625977,5.431934,4.011401,1.420534
test,"(402, 472)",178,1,10.0,2.0,0.699999988079071,2.940966,0.545909,2.395058
test,"(134, 45)",413,1,486.0,29.0,0.37654322385787964,1.876196,2.271881,-0.395685
test,"(87, 330)",505,1,141.0,1.0,1.0,2.918373,0.104147,2.814226
test,"(134, 504)",257,1,371.0,41.0,0.4312668442726135,3.618972,2.720512,0.898460
test,"(13, 182)",80,1,375.0,23.0,0.23199999332427979,3.596322,2.808797,0.787524
test,"(418, 503)",13,1,244.0,1.0,1.0,0.179181,0.016749,0.162433
test,"(34, 344)",257,1,720.0,34.0,0.27222222089767456,1.333273,1.553928,-0.220655
test,"(226, 221)",212,1,297.0,35.0,0.23569023609161377,1.736346,1.431142,0.305204
test,"(71, 341)",82,1,31.0,5.0,0.774193525314331,2.198810,0.343625,1.855185
test,"(134, 45)",413,1,486.0,29.0,0.37654322385787964,2.145524,2.307582,-0.162058
test,"(285, 117)",502,1,147.0,12.0,0.2789115607738495,3.670778,1.378020,2.292759
test,"(13, 182)",80,1,375.0,23.0,0.23199999332427979,3.777237,2.816355,0.960882
test,"(218, 343)",297,1,254.0,17.0,0.3897637724876404,2.576263,1.901501,0.674762
test,"(409, 6)",218,1,18.0,8.0,0.2222222238779068,1.307847,1.678297,-0.370450
test,"(82, 432)",438,1,33.0,5.0,0.3636363744735718,8.168977,1.486535,6.682442
test,"(68, 233)",86,1,15.0,1.0,1.0,4.074593,0.148941,3.925652
test,"(179, 134)",197,1,140.0,42.0,0.10000000149011612,5.141817,2.587479,2.554338
test,"(188, 85)",377,1,128.0,4.0,0.796875,10.166559,2.846363,7.320196
test,"(85, 377)",432,1,9.0,1.0,1.0,6.165335,0.189849,5.975486
test,"(185, 330)",334,1,253.0,44.0,0.22529643774032593,4.097656,3.443302,0.654354
test,"(237, 88)",84,1,31.0,1.0,1.0,4.817776,0.128841,4.688935
test,"(56, 134)",43,1,26.0,9.0,0.3461538553237915,4.542210,1.238890,3.303319
test,"(176, 64)",62,0,0.0,0.0,0.0,4.347457,4.053317,0.294139
test,"(62, 234)",349,1,15.0,2.0,0.800000011920929,7.414838,1.996851,5.417986
test,"(79, 206)",73,1,241.0,14.0,0.24066390097141266,4.857753,2.909732,1.948022
test,"(335, 134)",454,1,126.0,29.0,0.1746031790971756,5.062219,4.524410,0.537808
test,"(68, 58)",16,1,49.0,5.0,0.40816327929496765,3.776081,2.748645,1.027436
test,"(427, 186)",461,1,159.0,30.0,0.4088050425052643,2.720664,4.719246,-1.998582
test,"(337, 45)",11,1,2.0,1.0,1.0,3.870064,5.250694,-1.380629
test,"(308, 373)",13,1,23.0,9.0,0.52173912525177,4.199719,0.785557,3.414162
test,"(58, 12)",16,1,56.0,8.0,0.7678571343421936,2.066770,0.359958,1.706812
test,"(17, 60)",186,1,107.0,25.0,0.20560747385025024,3.213160,1.662156,1.551004
test,"(452, 134)",17,1,126.0,35.0,0.2380952388048172,2.172776,2.355004,-0.182229
test,"(178, 7)",193,1,248.0,29.0,0.24596774578094482,5.369526,2.755595,2.613931
test,"(67, 298)",255,1,15.0,2.0,0.5333333611488342,3.846280,0.965831,2.880449
test,"(382, 11)",375,1,51.0,16.0,0.29411765933036804,5.531036,6.318893,-0.787857
test,"(83, 321)",8,1,465.0,36.0,0.21935483813285828,3.303830,3.704972,-0.401142
test,"(337, 39)",11,0,0.0,0.0,0.0,3.365427,4.021153,-0.655726
test,"(16, 8)",11,1,147.0,28.0,0.14965985715389252,3.153656,2.436585,0.717071
test,"(265, 62)",261,1,38.0,13.0,0.2368421107530594,7.659482,5.032505,2.626977
test,"(255, 71)",49,1,1.0,1.0,1.0,6.840252,5.748481,1.091772
test,"(28, 6)",75,1,94.0,31.0,0.1595744639635086,5.653150,6.926406,-1.273257
test,"(77, 244)",62,1,174.0,33.0,0.24137930572032928,1.924536,2.198074,-0.273539
test,"(62, 440)",324,1,106.0,4.0,0.8396226167678833,7.357547,3.928163,3.429384
test,"(496, 13)",65,1,741.0,52.0,0.37516868114471436,4.533572,3.266853,1.266720
test,"(235, 89)",176,1,3.0,2.0,0.6666666865348816,3.608378,2.128464,1.479915
test,"(65, 28)",51,1,3.0,3.0,0.3333333432674408,4.043053,3.001967,1.041085
test,"(67, 65)",180,1,100.0,18.0,0.3499999940395355,3.094856,5.147186,-2.052330
test,"(237, 82)",80,1,15.0,5.0,0.5333333611488342,5.477149,0.830532,4.646617
test,"(173, 235)",89,1,9.0,3.0,0.5555555820465088,8.001634,2.074977,5.926657
test,"(62, 190)",83,1,36.0,14.0,0.2777777910232544,4.268555,5.205340,-0.936785
test,"(67, 343)",375,0,0.0,0.0,0.0,1.340479,1.926808,-0.586329
test,"(458, 28)",6,1,12.0,3.0,0.75,4.647127,0.467089,4.180038
test,"(76, 458)",92,1,180.0,15.0,0.605555534362793,3.746996,5.580018,-1.833023
test,"(70, 81)",261,1,188.0,12.0,0.4414893686771393,4.264927,1.098081,3.166846
test,"(384, 13)",81,1,129.0,30.0,0.20930232107639313,4.046713,5.888299,-1.841586
test,"(11, 304)",84,1,37.0,7.0,0.5945945978164673,6.008294,7.982311,-1.974017
test,"(84, 85)",62,1,2.0,2.0,0.5,2.885875,1.901126,0.984748
test,"(375, 69)",266,1,500.0,27.0,0.37400001287460327,5.395638,3.712799,1.682839
test,"(62, 67)",401,1,562.0,17.0,0.35943061113357544,2.814721,1.729885,1.084836
test,"(360, 83)",87,0,0.0,0.0,0.0,4.285201,4.791127,-0.505926
test,"(319, 7)",184,1,29.0,8.0,0.37931033968925476,2.852769,1.751982,1.100787
test,"(68, 8)",13,1,385.0,20.0,0.5896103978157043,3.310947,5.128747,-1.817800
test,"(85, 62)",196,1,187.0,19.0,0.14973261952400208,2.169163,4.175418,-2.006255
test,"(45, 177)",68,1,233.0,1.0,1.0,1.392204,0.080423,1.311781
test,"(85, 83)",87,1,15.0,5.0,0.46666666865348816,4.375412,5.812549,-1.437137
test,"(13, 85)",83,1,293.0,9.0,0.6791808605194092,6.020605,8.053917,-2.033312
test,"(83, 87)",62,1,79.0,13.0,0.3164556920528412,2.674361,1.243252,1.431109
test,"(197, 265)",8,1,13.0,10.0,0.1538461595773697,3.324581,4.337388,-1.012807
test,"(23, 8)",8,1,61.0,15.0,0.1803278625011444,1.556330,1.696417,-0.140087
test,"(134, 173)",87,1,295.0,8.0,0.39661017060279846,3.783894,4.692064,-0.908170
test,"(79, 84)",268,1,53.0,17.0,0.2830188572406769,5.263162,3.249188,2.013973
test,"(232, 180)",230,1,31.0,16.0,0.16129031777381897,4.175991,1.993880,2.182110
test,"(7, 184)",384,1,343.0,8.0,0.8892128467559814,0.178164,0.123950,0.054214
test,"(180, 360)",83,1,43.0,9.0,0.302325576543808,4.614017,6.903297,-2.289280
test,"(60, 180)",452,1,685.0,41.0,0.5240876078605652,7.584336,9.142668,-1.558332
test,"(85, 298)",68,1,366.0,4.0,0.9344262480735779,1.730714,0.152482,1.578232
test,"(184, 384)",11,1,359.0,7.0,0.4289693534374237,1.165407,0.864980,0.300426
test,"(69, 233)",190,1,327.0,3.0,0.5137614607810974,1.923073,0.743355,1.179718
test,"(134, 243)",184,1,507.0,9.0,0.8047337532043457,0.864832,0.265062,0.599770
test,"(13, 86)",495,1,210.0,15.0,0.25238096714019775,6.338672,1.658305,4.680366
test,"(11, 134)",40,1,2212.0,121.0,0.059222422540187836,5.588200,5.169800,0.418399
test,"(328, 249)",79,1,4.0,3.0,0.5,1.978481,2.867435,-0.888954
test,"(7, 72)",247,1,57.0,12.0,0.2631579041481018,4.473407,1.480693,2.992715
test,"(85, 79)",11,1,3.0,2.0,0.6666666865348816,5.127957,5.724741,-0.596784
test,"(134, 173)",87,1,295.0,8.0,0.39661017060279846,3.948996,4.730535,-0.781539
test,"(81, 198)",265,1,31.0,3.0,0.8709677457809448,4.789376,6.741876,-1.952499
test,"(11, 289)",72,1,227.0,20.0,0.303964763879776,2.235047,1.234653,1.000394
test,"(324, 178)",180,1,382.0,23.0,0.5523560047149658,3.288906,2.176784,1.112122
test,"(64, 28)",51,1,2.0,2.0,0.5,4.023375,3.001266,1.022109
test,"(206, 73)",180,1,29.0,7.0,0.5517241358757019,5.552895,2.638810,2.914085
test,"(134, 340)",62,1,260.0,42.0,0.1846153885126114,1.550255,1.636341,-0.086086
test,"(7, 77)",79,1,549.0,25.0,0.31147539615631104,4.261342,1.279698,2.981644
test,"(173, 87)",13,1,7.0,1.0,1.0,5.232761,6.184819,-0.952058
test,"(7, 184)",384,1,343.0,8.0,0.8892128467559814,0.163848,0.122585,0.041262
test,"(173, 87)",228,1,7.0,1.0,1.0,7.054143,8.745745,-1.691601
test,"(337, 15)",419,1,11.0,3.0,0.6363636255264282,6.687522,8.852325,-2.164803
test,"(219, 180)",228,1,40.0,13.0,0.20000000298023224,4.090008,2.109620,1.980388
test,"(200, 428)",88,1,107.0,1.0,1.0,1.440767,0.084338,1.356429
test,"(185, 330)",28,1,253.0,44.0,0.22529643774032593,4.722694,6.261416,-1.538722
test,"(16, 11)",382,1,160.0,38.0,0.32499998807907104,4.104071,3.393335,0.710736
test,"(7, 68)",188,1,447.0,16.0,0.5123042464256287,4.165952,6.059720,-1.893767
test,"(82, 324)",234,1,132.0,7.0,0.7803030014038086,4.947045,3.769304,1.177741
test,"(198, 265)",62,1,5.0,5.0,0.20000000298023224,2.594538,3.814580,-1.220041
test,"(243, 184)",25,1,422.0,29.0,0.43127962946891785,2.830786,0.928908,1.901878
test,"(7, 224)",134,1,72.0,17.0,0.1666666716337204,1.935337,1.735424,0.199913
test,"(265, 79)",324,1,5.0,3.0,0.4000000059604645,7.916915,1.489688,6.427227
test,"(78, 234)",58,1,188.0,40.0,0.1489361673593521,5.674026,5.040344,0.633682
test,"(496, 13)",84,1,741.0,52.0,0.37516868114471436,4.483504,4.121618,0.361887
test,"(265, 62)",377,1,38.0,13.0,0.2368421107530594,8.912498,11.136036,-2.223538
test,"(213, 78)",82,1,219.0,5.0,0.3561643958091736,3.176803,1.555381,1.621422
test,"(337, 17)",20,1,2.0,2.0,0.5,3.329681,1.914455,1.415226
test,"(337, 17)",11,1,2.0,2.0,0.5,2.408714,3.257759,-0.849045
test,"(72, 247)",219,1,78.0,1.0,1.0,0.977614,0.072725,0.904888
test,"(72, 247)",219,1,78.0,1.0,1.0,1.353114,0.085472,1.267642
test,"(72, 179)",185,1,617.0,52.0,0.15559157729148865,2.729288,4.708034,-1.978746
test,"(232, 28)",45,1,4.0,3.0,0.5,7.022185,1.247056,5.775129
test,"(76, 176)",64,1,129.0,17.0,0.604651153087616,5.223241,7.506964,-2.283722
test,"(180, 496)",13,1,150.0,1.0,1.0,0.104777,0.010121,0.094656
test,"(13, 214)",69,1,275.0,14.0,0.27272728085517883,2.385472,4.097395,-1.711924
test,"(324, 234)",232,1,9.0,1.0,1.0,5.729256,0.190868,5.538388
test,"(11, 231)",82,1,142.0,26.0,0.35915493965148926,1.247580,0.950251,0.297329
test,"(68, 7)",16,1,490.0,45.0,0.18571428954601288,5.174750,5.645956,-0.471206
test,"(11, 452)",16,1,66.0,8.0,0.5,4.796817,0.805638,3.991180
test,"(234, 11)",496,1,28.0,10.0,0.3571428656578064,6.904802,7.248963,-0.344161
test,"(375, 390)",71,1,12.0,1.0,1.0,2.820788,0.160848,2.659941
test,"(265, 8)",193,1,32.0,6.0,0.4375,1.608670,3.558300,-1.949630
test,"(324, 234)",232,1,9.0,1.0,1.0,4.769764,0.190235,4.579529
test,"(235, 89)",68,1,3.0,2.0,0.6666666865348816,3.421789,0.918651,2.503138
test,"(426, 232)",284,1,538.0,30.0,0.7342007160186768,3.812202,6.069045,-2.256844
test,"(13, 77)",84,1,320.0,13.0,0.528124988079071,5.118089,3.727022,1.391067
test,"(228, 247)",219,1,47.0,1.0,1.0,1.525956,0.095569,1.430386
test,"(69, 68)",190,1,56.0,15.0,0.1964285671710968,5.540469,1.897239,3.643230
test,"(224, 228)",247,1,56.0,8.0,0.4285714328289032,3.873821,1.878498,1.995324
test,"(77, 79)",13,1,248.0,7.0,0.9516128897666931,3.742512,0.153896,3.588616
test,"(82, 62)",75,1,488.0,44.0,0.11680328100919724,3.980076,2.932991,1.047085
test,"(11, 289)",72,1,227.0,20.0,0.303964763879776,2.470562,1.242400,1.228162
test,"(267, 85)",62,1,5.0,3.0,0.4000000059604645,3.163692,2.687972,0.475719
test,"(87, 11)",231,1,158.0,34.0,0.1582278460264206,3.754933,5.507068,-1.752135
test,"(58, 45)",177,1,3.0,2.0,0.6666666865348816,2.432958,2.807235,-0.374277
test,"(85, 62)",196,1,187.0,19.0,0.14973261952400208,2.220061,4.213013,-1.992953
test,"(62, 77)",79,1,453.0,20.0,0.33112582564353943,3.703247,5.147833,-1.444586
test,"(71, 62)",72,1,66.0,19.0,0.1666666716337204,4.189833,5.803324,-1.613492
test,"(17, 20)",20,1,174.0,24.0,0.6206896305084229,2.994335,0.570227,2.424108
test,"(84, 369)",23,1,8.0,1.0,1.0,4.998254,0.194420,4.803834
test,"(23, 8)",193,1,61.0,15.0,0.1803278625011444,2.231727,2.171048,0.060679
test,"(62, 72)",247,1,108.0,14.0,0.3611111044883728,3.993796,1.135014,2.858782
test,"(77, 178)",76,1,53.0,4.0,0.5660377144813538,3.412475,0.681667,2.730808
test,"(13, 34)",185,1,86.0,14.0,0.20930232107639313,5.877461,7.826569,-1.949107
test,"(193, 375)",390,1,55.0,9.0,0.41818180680274963,8.223732,6.820956,1.402776
test,"(62, 72)",247,1,108.0,14.0,0.3611111044883728,3.863869,1.134219,2.729650
test,"(243, 455)",228,1,71.0,15.0,0.28169015049934387,6.168265,1.449984,4.718282
test,"(7, 12)",16,1,55.0,8.0,0.7272727489471436,2.447907,0.419983,2.027924
test,"(78, 82)",62,1,273.0,31.0,0.3186813294887543,3.373795,3.087110,0.286685
test,"(236, 13)",89,1,192.0,34.0,0.1770833283662796,6.094119,2.934392,3.159727
test,"(72, 179)",185,1,617.0,52.0,0.15559157729148865,2.540380,4.567916,-2.027536
test,"(82, 62)",66,1,488.0,44.0,0.11680328100919724,4.258573,3.129563,1.129010
test,"(68, 68)",79,1,123.0,14.0,0.4065040647983551,5.525783,1.018262,4.507520
test,"(25, 19)",60,1,12.0,4.0,0.6666666865348816,3.578215,5.290368,-1.712153
test,"(62, 196)",87,1,801.0,37.0,0.2821473181247711,1.479829,1.279687,0.200142
test,"(434, 60)",193,1,50.0,11.0,0.2199999988079071,1.859165,2.797106,-0.937941
test,"(28, 12)",16,1,20.0,2.0,0.6499999761581421,1.922730,0.561960,1.360770
test,"(68, 62)",77,1,118.0,27.0,0.10169491171836853,4.021744,4.989163,-0.967419
test,"(234, 11)",134,1,28.0,10.0,0.3571428656578064,1.738231,1.616081,0.122150
test,"(180, 191)",178,1,227.0,21.0,0.3259911835193634,3.269694,1.210205,2.059489
test,"(76, 459)",484,1,26.0,7.0,0.3076923191547394,9.354022,10.373887,-1.019865
test,"(214, 390)",71,0,0.0,0.0,0.0,4.023753,3.532087,0.491665
test,"(193, 375)",390,1,55.0,9.0,0.41818180680274963,8.005343,6.814972,1.190371
test,"(134, 461)",134,1,152.0,31.0,0.31578946113586426,0.847658,0.924505,-0.076847
test,"(190, 180)",191,1,40.0,14.0,0.15000000596046448,3.168139,4.586016,-1.417876
test,"(62, 82)",410,1,979.0,34.0,0.3534218668937683,2.379589,1.117486,1.262103
test,"(118, 147)",135,0,0.0,0.0,0.0,8.154947,9.852241,-1.697294
test,"(74, 398)",236,0,0.0,0.0,0.0,1.832867,1.360438,0.472430
test,"(76, 458)",297,1,180.0,15.0,0.605555534362793,9.466638,8.717429,0.749209
test,"(67, 228)",82,1,4.0,2.0,0.75,1.546296,0.463701,1.082595
test,"(89, 68)",7,1,33.0,6.0,0.4848484992980957,3.443518,0.856909,2.586610
test,"(410, 58)",15,0,0.0,0.0,0.0,2.682150,2.325552,0.356598
test,"(180, 432)",326,1,42.0,7.0,0.5714285969734192,3.564499,1.786027,1.778473
test,"(92, 6)",133,1,25.0,12.0,0.20000000298023224,4.207178,4.192517,0.014661
test,"(13, 15)",11,1,280.0,34.0,0.1428571492433548,2.246731,2.222079,0.024651
test,"(68, 361)",71,1,175.0,2.0,0.8799999952316284,1.321391,0.202387,1.119004
test,"(79, 82)",8,1,301.0,25.0,0.4451827108860016,2.991169,2.362536,0.628633
test,"(193, 183)",357,1,120.0,26.0,0.17499999701976776,6.248587,6.082272,0.166314
test,"(176, 219)",180,1,21.0,5.0,0.523809552192688,3.779637,4.783099,-1.003462
test,"(184, 384)",13,1,359.0,7.0,0.4289693534374237,1.210987,1.032971,0.178017
test,"(298, 68)",8,1,448.0,34.0,0.3370535671710968,2.902929,2.813695,0.089235
test,"(84, 440)",11,1,31.0,11.0,0.3870967626571655,6.557148,8.476601,-1.919452
test,"(247, 79)",62,1,309.0,28.0,0.6860841512680054,3.050516,3.724174,-0.673658
test,"(84, 182)",13,1,173.0,39.0,0.24277456104755402,6.298325,2.519378,3.778947
test,"(84, 182)",8,1,173.0,39.0,0.24277456104755402,4.897022,4.915967,-0.018945
test,"(459, 11)",224,1,27.0,9.0,0.25925925374031067,3.457238,4.459071,-1.001833
test,"(290, 75)",435,1,31.0,3.0,0.6451612710952759,5.484921,1.425630,4.059291
test,"(459, 82)",32,1,224.0,38.0,0.1339285671710968,4.641935,3.472433,1.169502
test,"(345, 67)",279,1,31.0,1.0,1.0,5.779984,0.129213,5.650771
test,"(31, 14)",287,1,214.0,5.0,0.322429895401001,4.296623,1.586705,2.709918
test,"(27, 51)",459,1,219.0,14.0,0.21004566550254822,2.450551,1.736216,0.714335
test,"(185, 66)",243,1,212.0,5.0,0.6792452931404114,9.666880,1.898930,7.767949
test,"(489, 25)",323,0,0.0,0.0,0.0,1.128666,2.328077,-1.199411
test,"(243, 188)",67,1,10.0,2.0,0.800000011920929,2.523780,0.399664,2.124116
test,"(25, 134)",318,1,1784.0,97.0,0.08464125543832779,4.538998,2.670653,1.868344
test,"(500, 201)",259,1,201.0,19.0,0.3383084535598755,3.657416,4.301356,-0.643939
test,"(254, 118)",365,1,219.0,27.0,0.22374428808689117,3.865816,4.695508,-0.829692
test,"(195, 334)",83,1,39.0,6.0,0.6410256624221802,5.521136,5.679837,-0.158701
test,"(51, 459)",301,1,243.0,20.0,0.3086419701576233,3.478832,2.726959,0.751873
test,"(337, 467)",82,1,26.0,6.0,0.3076923191547394,2.873977,1.284325,1.589651
test,"(331, 315)",82,1,13.0,4.0,0.692307710647583,3.323441,0.520163,2.803277
test,"(299, 205)",217,1,97.0,9.0,0.5154638886451721,3.491320,1.514831,1.976489
test,"(242, 188)",83,1,284.0,29.0,0.21830986440181732,3.262046,2.388999,0.873047
test,"(11, 331)",37,1,370.0,29.0,0.2540540397167206,3.505305,3.420168,0.085137
test,"(64, 85)",217,1,354.0,22.0,0.31073445081710815,5.561120,1.275472,4.285648
test,"(7, 69)",202,1,1118.0,36.0,0.5635062456130981,1.724485,1.652219,0.072266
test,"(188, 83)",289,1,145.0,34.0,0.22758620977401733,8.443022,3.897707,4.545315
test,"(7, 218)",325,1,584.0,25.0,0.23458904027938843,5.091443,5.886450,-0.795007
test,"(64, 74)",26,1,151.0,25.0,0.4039735198020935,4.279780,2.147354,2.132426
test,"(325, 225)",182,1,15.0,3.0,0.800000011920929,6.776663,5.637311,1.139353
test,"(115, 285)",111,1,254.0,8.0,0.31889763474464417,2.555009,1.735897,0.819112
test,"(186, 297)",230,1,563.0,28.0,0.7033748030662537,0.231487,0.317927,-0.086440
test,"(180, 231)",82,1,196.0,17.0,0.3520408272743225,1.472809,1.035629,0.437180
test,"(134, 35)",68,1,676.0,36.0,0.417159765958786,1.155743,2.302383,-1.146641
test,"(76, 178)",206,1,36.0,4.0,0.3611111044883728,7.963955,1.855467,6.108488
test,"(46, 301)",283,1,28.0,1.0,1.0,3.901749,0.126126,3.775623
test,"(423, 301)",283,1,15.0,1.0,1.0,3.512696,0.145391,3.367305
test,"(186, 331)",37,1,170.0,21.0,0.25882354378700256,4.399195,3.811276,0.587919
test,"(207, 186)",297,1,173.0,20.0,0.5433526039123535,2.191365,2.285576,-0.094212
test,"(69, 178)",76,1,479.0,24.0,0.6743215322494507,2.231055,0.477942,1.753113
test,"(13, 82)",84,1,629.0,30.0,0.1621621549129486,5.373940,1.925250,3.448691
test,"(400, 257)",25,1,104.0,16.0,0.17307692766189575,2.125620,1.701193,0.424427
test,"(78, 242)",188,1,355.0,19.0,0.19718310236930847,1.034941,1.528778,-0.493837
test,"(218, 195)",207,1,770.0,13.0,0.4259740114212036,1.895318,1.321715,0.573603
test,"(232, 34)",78,1,23.0,2.0,0.52173912525177,2.804685,0.797696,2.006989
test,"(492, 229)",201,1,42.0,19.0,0.3333333432674408,2.826767,2.379104,0.447663
test,"(439, 201)",6,1,270.0,38.0,0.25925925374031067,3.286027,3.913743,-0.627716
test,"(230, 0)",354,1,390.0,57.0,0.10256410390138626,7.377841,4.830717,2.547124
test,"(84, 66)",66,1,224.0,8.0,0.5223214030265808,4.723584,0.758419,3.965165
test,"(311, 249)",402,1,41.0,5.0,0.5609756112098694,0.646707,1.596003,-0.949296
test,"(83, 423)",301,1,300.0,32.0,0.18000000715255737,3.587178,5.558158,-1.970980
test,"(195, 134)",60,1,1145.0,73.0,0.1764192134141922,5.480841,4.257545,1.223296
test,"(245, 189)",14,1,102.0,16.0,0.529411792755127,4.919480,0.747412,4.172068
test,"(88, 12)",65,1,1182.0,29.0,0.20473773777484894,1.873391,2.238985,-0.365594
test,"(14, 462)",194,1,174.0,20.0,0.20114941895008087,2.859987,1.678939,1.181049
test,"(65, 464)",194,1,152.0,26.0,0.19078947603702545,2.547213,2.824001,-0.276789
test,"(12, 65)",70,1,1221.0,22.0,0.29893529415130615,1.761304,2.277740,-0.516436
test,"(469, 199)",185,1,358.0,42.0,0.2821229100227356,9.703059,4.521140,5.181919
test,"(232, 12)",379,1,398.0,6.0,0.80402010679245,3.894580,0.322757,3.571823
test,"(29, 347)",212,1,263.0,6.0,0.39923954010009766,4.434182,3.634665,0.799517
test,"(82, 13)",247,1,1646.0,100.0,0.11907655000686646,3.876121,2.936768,0.939353
test,"(134, 474)",385,1,402.0,56.0,0.17910447716712952,2.267202,2.417983,-0.150781
test,"(92, 224)",484,1,218.0,19.0,0.22018349170684814,3.681387,2.230727,1.450660
test,"(188, 69)",83,1,104.0,1.0,1.0,4.163254,0.110691,4.052562
test,"(69, 83)",12,1,216.0,34.0,0.18518517911434174,2.344399,1.738637,0.605762
test,"(433, 224)",272,1,80.0,12.0,0.44999998807907104,1.706215,1.848787,-0.142572
test,"(179, 190)",435,1,163.0,8.0,0.6441717743873596,1.544003,0.509289,1.034714
test,"(459, 134)",43,1,7.0,5.0,0.2857142984867096,5.255913,4.984473,0.271440
test,"(12, 88)",12,1,222.0,3.0,0.9234234094619751,1.175059,0.150682,1.024377
test,"(88, 12)",18,1,1182.0,29.0,0.20473773777484894,3.787119,2.627096,1.160023
test,"(345, 67)",279,1,31.0,1.0,1.0,6.799044,0.129438,6.669606
test,"(67, 279)",6,1,117.0,16.0,0.36752137541770935,3.781579,3.590386,0.191193
test,"(175, 299)",92,1,218.0,28.0,0.2110091745853424,3.169807,4.619761,-1.449954
test,"(84, 179)",455,1,636.0,26.0,0.6305031180381775,1.522122,0.526994,0.995128
test,"(457, 194)",374,1,4.0,1.0,1.0,1.120091,2.835623,-1.715532
test,"(179, 190)",435,1,163.0,8.0,0.6441717743873596,1.375742,0.502799,0.872943
test,"(270, 199)",256,1,399.0,53.0,0.11278195679187775,4.159984,3.183522,0.976462
test,"(425, 393)",34,1,96.0,31.0,0.1354166716337204,4.461694,2.408322,2.053372
test,"(204, 211)",208,1,433.0,32.0,0.22401846945285797,1.874346,1.489469,0.384877
test,"(12, 76)",84,1,499.0,14.0,0.8316633105278015,1.276418,0.253279,1.023139
test,"(211, 292)",71,1,75.0,5.0,0.54666668176651,7.162284,7.026788,0.135497
test,"(228, 173)",378,1,595.0,2.0,0.9697479009628296,0.275307,0.053432,0.221875
test,"(489, 12)",182,1,628.0,16.0,0.20859873294830322,4.880908,4.621921,0.258988
test,"(176, 83)",34,1,75.0,13.0,0.2266666740179062,6.227374,2.965125,3.262249
test,"(17, 213)",88,1,129.0,6.0,0.7596899271011353,1.779957,0.357831,1.422126
test,"(208, 79)",272,1,105.0,3.0,0.9714285731315613,3.386600,0.137599,3.249001
test,"(13, 256)",242,1,277.0,10.0,0.34296029806137085,2.221586,1.135994,1.085592
test,"(309, 305)",172,1,229.0,5.0,0.3362445533275604,2.269430,1.156273,1.113157
test,"(63, 92)",305,1,194.0,20.0,0.34020617604255676,2.690852,3.146112,-0.455260
test,"(484, 305)",181,1,93.0,6.0,0.31182795763015747,1.010206,1.343918,-0.333713
test,"(181, 134)",129,1,24.0,7.0,0.4583333432674408,4.789557,2.427817,2.361740
test,"(189, 83)",459,1,79.0,17.0,0.2405063360929489,4.070621,2.096320,1.974301
test,"(87, 82)",304,1,184.0,18.0,0.3913043439388275,5.202246,1.202803,3.999442
test,"(76, 84)",387,1,429.0,3.0,0.9673659801483154,1.317938,0.109680,1.208257
test,"(179, 487)",8,1,107.0,23.0,0.15887850522994995,4.003327,2.494790,1.508537
test,"(5, 191)",459,1,6.0,2.0,0.5,3.726272,1.045221,2.681051
test,"(228, 8)",291,1,13.0,4.0,0.692307710647583,1.295937,0.470577,0.825359
test,"(12, 65)",398,1,1221.0,22.0,0.29893529415130615,3.337210,2.358061,0.979149
test,"(14, 355)",185,1,136.0,1.0,1.0,0.422429,0.038257,0.384173
test,"(355, 185)",29,1,479.0,13.0,0.5031315088272095,1.692073,0.752632,0.939441
test,"(284, 14)",92,1,530.0,5.0,0.3849056661128998,2.175115,1.030908,1.144206
test,"(362, 12)",65,1,677.0,17.0,0.43279173970222473,1.397609,0.880851,0.516758
test,"(134, 247)",87,1,315.0,8.0,0.6793650984764099,0.827367,0.420100,0.407267
test,"(86, 12)",23,1,664.0,27.0,0.22590361535549164,4.263777,2.946611,1.317166
test,"(324, 67)",304,1,293.0,26.0,0.351535826921463,2.111544,1.118363,0.993181
test,"(304, 12)",227,1,1230.0,20.0,0.43252032995224,2.300170,0.918304,1.381866
test,"(6, 218)",207,1,653.0,19.0,0.30781009793281555,5.269908,5.272014,-0.002106
test,"(252, 79)",12,1,133.0,7.0,0.8646616339683533,2.529145,0.245389,2.283756
test,"(79, 29)",264,1,102.0,14.0,0.18627451360225677,2.653366,3.450571,-0.797205
test,"(65, 233)",393,1,312.0,2.0,0.9903846383094788,1.663926,0.095313,1.568612
test,"(12, 182)",67,1,119.0,10.0,0.38655462861061096,2.160861,1.573116,0.587745
test,"(481, 399)",34,1,53.0,9.0,0.5660377144813538,0.426072,0.471665,-0.045593
test,"(227, 12)",450,1,1258.0,27.0,0.3298887014389038,2.355520,1.445521,0.909999
test,"(34, 425)",393,1,21.0,2.0,0.523809552192688,2.700693,0.793067,1.907626
test,"(465, 12)",184,1,580.0,5.0,0.7413793206214905,6.510562,2.510141,4.000421
test,"(201, 229)",351,1,688.0,33.0,0.21656976640224457,1.342000,1.490966,-0.148965
test,"(202, 7)",69,1,133.0,33.0,0.10526315867900848,4.042126,2.317360,1.724766
test,"(202, 184)",218,1,482.0,24.0,0.4045643210411072,4.565679,1.006776,3.558903
test,"(51, 459)",7,1,243.0,20.0,0.3086419701576233,4.220908,2.119080,2.101828
test,"(206, 86)",82,1,287.0,27.0,0.31010451912879944,4.599292,1.575151,3.024141
test,"(256, 75)",178,1,702.0,26.0,0.5470085740089417,2.911091,0.697235,2.213856
test,"(14, 9)",391,1,293.0,16.0,0.40273037552833557,5.882253,4.569003,1.313250
test,"(465, 12)",187,1,580.0,5.0,0.7413793206214905,6.799347,2.021716,4.777631
test,"(12, 187)",67,1,96.0,3.0,0.9479166865348816,1.838678,0.142710,1.695968
test,"(65, 295)",12,1,496.0,6.0,0.8830645084381104,0.190683,0.126732,0.063951
test,"(426, 232)",12,1,538.0,30.0,0.7342007160186768,0.440982,0.313121,0.127861
test,"(7, 7)",58,1,573.0,52.0,0.20244328677654266,4.875375,5.656540,-0.781166
test,"(213, 87)",12,1,230.0,8.0,0.960869550704956,1.699284,0.124755,1.574529
test,"(14, 92)",347,1,204.0,10.0,0.2647058963775635,2.151001,3.112719,-0.961718
test,"(250, 92)",189,1,183.0,26.0,0.2295081913471222,5.139183,1.751118,3.388065
test,"(72, 81)",179,1,560.0,26.0,0.5571428537368774,1.243138,0.634163,0.608975
test,"(386, 304)",12,1,45.0,1.0,1.0,0.149895,0.019078,0.130817
test,"(399, 34)",357,1,587.0,4.0,0.5962521433830261,2.620785,1.320365,1.300420
test,"(13, 319)",40,1,270.0,15.0,0.25555557012557983,6.550000,2.389823,4.160177
test,"(58, 15)",60,1,304.0,5.0,0.7894737124443054,1.972227,0.324331,1.647896
test,"(51, 423)",301,1,191.0,20.0,0.21989528834819794,4.475322,2.668538,1.806784
test,"(68, 7)",15,1,490.0,45.0,0.18571428954601288,6.100043,3.476948,2.623095
test,"(70, 12)",247,1,613.0,21.0,0.26101142168045044,7.641352,3.216457,4.424894
test,"(397, 85)",200,1,185.0,1.0,1.0,1.385210,0.081514,1.303695
test,"(67, 205)",217,1,205.0,13.0,0.37560975551605225,5.111524,2.042116,3.069407
test,"(207, 92)",264,1,286.0,17.0,0.35664334893226624,3.135955,2.873480,0.262476
test,"(304, 12)",227,1,1230.0,20.0,0.43252032995224,2.476267,0.922367,1.553900
test,"(12, 71)",300,1,506.0,5.0,0.7272727489471436,0.783907,0.357633,0.426273
test,"(465, 12)",187,1,580.0,5.0,0.7413793206214905,6.796041,2.021713,4.774328
test,"(127, 94)",203,1,245.0,18.0,0.3510203957557678,2.461502,1.907606,0.553897
test,"(253, 29)",195,1,1481.0,23.0,0.18568535149097443,7.124789,3.265509,3.859280
test,"(133, 133)",133,1,2512.0,71.0,0.19864650070667267,1.507102,1.582416,-0.075314
test,"(322, 48)",84,1,7.0,1.0,1.0,1.303440,0.107932,1.195508
test,"(225, 413)",13,1,84.0,6.0,0.4642857015132904,3.664896,0.880183,2.784712
test,"(51, 44)",43,1,98.0,6.0,0.9387755393981934,5.190909,0.174608,5.016302
test,"(13, 67)",401,1,527.0,16.0,0.47817838191986084,3.090318,0.832883,2.257435
test,"(182, 79)",75,1,144.0,11.0,0.7291666865348816,3.650397,0.421402,3.228995
test,"(193, 297)",213,1,398.0,32.0,0.41206029057502747,2.761483,3.153772,-0.392290
test,"(182, 85)",25,1,323.0,22.0,0.16408668458461761,4.024475,4.094280,-0.069804
test,"(7, 1)",129,1,720.0,89.0,0.11388888955116272,6.576238,6.196230,0.380007
test,"(134, 203)",229,1,190.0,10.0,0.5684210658073425,2.180697,0.647106,1.533591
test,"(17, 11)",249,1,163.0,37.0,0.4110429584980011,3.636715,4.967206,-1.330492
test,"(66, 75)",326,1,407.0,12.0,0.4004913866519928,3.019825,4.720724,-1.700899
test,"(299, 205)",62,1,97.0,9.0,0.5154638886451721,3.855546,2.512536,1.343010
test,"(123, 254)",120,1,169.0,7.0,0.4497041404247284,2.459137,1.118951,1.340186
test,"(268, 133)",133,1,116.0,19.0,0.4568965435028076,0.958596,0.751615,0.206981
test,"(62, 80)",84,1,50.0,8.0,0.5,0.911278,0.651176,0.260103
test,"(379, 65)",322,1,244.0,1.0,1.0,1.380536,0.080679,1.299857
test,"(322, 25)",191,1,23.0,11.0,0.30434781312942505,4.825516,1.398012,3.427504
test,"(205, 71)",7,1,441.0,52.0,0.17006802558898926,4.482950,3.159222,1.323728
test,"(180, 240)",173,1,46.0,5.0,0.54347825050354,2.163006,0.698907,1.464099
test,"(205, 71)",334,1,441.0,52.0,0.17006802558898926,5.772895,2.488297,3.284598
test,"(65, 428)",175,1,32.0,1.0,1.0,3.392024,0.121807,3.270217
test,"(65, 413)",14,1,107.0,13.0,0.5700934529304504,2.325466,0.650985,1.674481
test,"(413, 14)",71,1,62.0,3.0,0.5161290168762207,4.908847,1.172335,3.736512
test,"(14, 472)",40,1,295.0,10.0,0.9118643999099731,0.591353,0.125989,0.465364
test,"(261, 217)",7,1,237.0,23.0,0.2151898741722107,3.869957,1.630888,2.239069
test,"(233, 70)",175,1,673.0,34.0,0.25557205080986023,3.953838,2.432952,1.520886
test,"(225, 322)",67,1,212.0,15.0,0.49056604504585266,6.867618,1.389245,5.478372
test,"(322, 67)",206,1,60.0,1.0,1.0,6.022161,0.117554,5.904608
test,"(397, 15)",62,1,115.0,3.0,0.643478274345398,7.128179,1.258219,5.869960
test,"(227, 12)",450,1,1258.0,27.0,0.3298887014389038,2.100993,1.433922,0.667072
test,"(309, 127)",155,1,255.0,23.0,0.125490203499794,5.497131,3.613124,1.884007
test,"(75, 293)",243,1,264.0,3.0,0.9848484992980957,0.394514,0.048052,0.346462
test,"(442, 206)",84,1,147.0,1.0,1.0,1.640345,0.088289,1.552056
test,"(12, 450)",12,1,720.0,20.0,0.6152777671813965,0.615562,0.478951,0.136610
test,"(82, 324)",84,1,132.0,7.0,0.7803030014038086,3.125238,0.349882,2.775356
test,"(12, 16)",14,1,1082.0,42.0,0.13031423091888428,4.594550,2.856066,1.738484
test,"(65, 324)",67,1,236.0,5.0,0.9745762944221497,1.277732,0.099904,1.177827
test,"(194, 78)",66,1,228.0,3.0,0.640350878238678,3.227322,0.548318,2.679004
test,"(331, 47)",246,1,68.0,9.0,0.27941176295280457,3.036044,1.844687,1.191357
test,"(208, 485)",347,1,347.0,16.0,0.2046109437942505,3.405404,2.288589,1.116815
test,"(12, 19)",281,1,677.0,27.0,0.3810930550098419,1.193571,0.978433,0.215138
test,"(20, 15)",289,1,309.0,38.0,0.1877022683620453,5.584675,4.592207,0.992469
test,"(1, 224)",484,1,136.0,23.0,0.18382352590560913,3.616252,1.804833,1.811419
test,"(86, 12)",19,1,664.0,27.0,0.22590361535549164,3.311270,3.245617,0.065653
test,"(224, 292)",485,1,229.0,9.0,0.6943231225013733,2.337880,1.693237,0.644643
test,"(144, 492)",409,1,92.0,5.0,0.79347825050354,4.518564,6.143384,-1.624820
test,"(183, 400)",11,1,200.0,25.0,0.41499999165534973,3.198579,4.839922,-1.641343
test,"(213, 493)",175,1,209.0,2.0,0.8325358629226685,2.687146,1.862233,0.824914
test,"(34, 233)",184,1,91.0,2.0,0.9780219793319702,4.135497,0.132922,4.002575
test,"(257, 313)",91,1,67.0,1.0,1.0,0.565206,0.050694,0.514512
test,"(189, 193)",297,1,480.0,33.0,0.19166666269302368,1.985160,2.472196,-0.487037
test,"(310, 88)",189,1,294.0,10.0,0.6972789168357849,2.417517,0.454283,1.963233
test,"(84, 66)",66,1,224.0,8.0,0.5223214030265808,4.339324,0.757531,3.581793
test,"(428, 86)",25,1,175.0,29.0,0.46857142448425293,4.282474,3.980605,0.301868
test,"(82, 8)",311,1,622.0,44.0,0.17845658957958221,3.007377,4.539964,-1.532587
test,"(289, 361)",205,1,2.0,1.0,1.0,4.249856,0.543234,3.706622
test,"(230, 67)",361,1,52.0,9.0,0.38461539149284363,6.928509,7.159393,-0.230885
test,"(71, 177)",68,1,150.0,13.0,0.6000000238418579,1.906885,0.569311,1.337574
test,"(244, 284)",14,1,18.0,1.0,1.0,1.606446,0.114067,1.492379
test,"(43, 68)",69,1,92.0,6.0,0.3478260934352875,3.497352,1.877953,1.619400
test,"(397, 2)",69,1,127.0,7.0,0.29133859276771545,3.830768,5.582983,-1.752214
test,"(213, 12)",17,1,144.0,9.0,0.2013888955116272,2.570441,1.785388,0.785052
test,"(12, 17)",452,1,931.0,38.0,0.1890440434217453,7.009804,8.185028,-1.175224
test,"(345, 69)",233,1,143.0,1.0,1.0,4.524254,0.109225,4.415029
test,"(287, 12)",18,1,340.0,8.0,0.3735294044017792,3.494732,1.649434,1.845298
test,"(68, 266)",410,1,14.0,8.0,0.2857142984867096,0.769082,2.274288,-1.505207
test,"(92, 272)",252,1,128.0,2.0,0.890625,0.122791,0.111581,0.011211
test,"(185, 272)",252,1,199.0,2.0,0.909547746181488,0.097472,0.091958,0.005514
test,"(324, 67)",309,1,293.0,26.0,0.351535826921463,5.309202,3.047472,2.261730
test,"(67, 309)",54,1,24.0,14.0,0.2916666567325592,9.047668,4.635689,4.411980
test,"(71, 83)",83,1,454.0,50.0,0.2070484608411789,3.212345,1.892429,1.319916
test,"(378, 12)",457,1,576.0,3.0,0.9444444179534912,0.719417,0.107920,0.611497
test,"(14, 18)",15,1,130.0,1.0,1.0,1.745593,0.091184,1.654409
test,"(282, 17)",17,1,127.0,7.0,0.3858267664909363,2.670933,3.112983,-0.442051
test,"(474, 83)",70,1,57.0,7.0,0.2982456088066101,5.881166,7.209216,-1.328050
test,"(253, 29)",133,1,1481.0,23.0,0.18568535149097443,2.634700,1.744690,0.890010
test,"(253, 272)",252,1,1204.0,2.0,0.9493355751037598,0.128684,0.058905,0.069779
test,"(272, 252)",227,1,2224.0,26.0,0.254046767950058,2.350838,1.429380,0.921457
test,"(16, 16)",16,1,252.0,20.0,0.7420634627342224,2.783885,3.840022,-1.056137
test,"(250, 25)",134,1,151.0,11.0,0.41059601306915283,2.153511,2.534755,-0.381244
test,"(85, 501)",207,1,272.0,30.0,0.31985294818878174,3.348184,1.739356,1.608829
test,"(292, 253)",29,1,1291.0,1.0,1.0,0.109394,0.010675,0.098718
test,"(12, 87)",82,1,452.0,4.0,0.5508849620819092,3.203447,1.092462,2.110985
test,"(460, 292)",253,1,118.0,9.0,0.5932203531265259,0.431963,0.466849,-0.034885
test,"(304, 12)",86,1,1230.0,20.0,0.43252032995224,2.109442,2.895126,-0.785685
test,"(69, 178)",76,1,479.0,24.0,0.6743215322494507,1.965646,0.472690,1.492956
test,"(399, 34)",357,1,587.0,4.0,0.5962521433830261,2.532728,1.317861,1.214867
test,"(355, 222)",68,1,146.0,1.0,1.0,0.538472,0.045739,0.492733
test,"(208, 71)",18,1,102.0,6.0,0.4803921580314636,2.898232,0.839539,2.058692
test,"(184, 188)",248,1,117.0,2.0,0.6153846383094788,3.194072,0.592606,2.601467
test,"(213, 88)",12,1,500.0,9.0,0.8040000200271606,0.781423,0.261853,0.519571
test,"(493, 326)",257,1,649.0,40.0,0.40215715765953064,2.286963,0.971966,1.314997
test,"(305, 172)",207,1,574.0,37.0,0.23693379759788513,4.893320,4.240722,0.652598
test,"(476, 201)",27,1,16.0,6.0,0.375,4.510714,5.318813,-0.808099
test,"(88, 282)",79,1,126.0,26.0,0.1428571492433548,4.716390,3.035215,1.681175
test,"(178, 76)",7,1,580.0,50.0,0.12586206197738647,3.642972,2.414091,1.228881
test,"(276, 257)",25,1,258.0,29.0,0.1782945692539215,1.720701,1.654073,0.066628
test,"(88, 282)",82,1,126.0,26.0,0.1428571492433548,4.103641,2.745736,1.357905
test,"(29, 264)",292,1,275.0,6.0,0.42181816697120667,1.098347,0.887793,0.210555
test,"(56, 78)",84,1,12.0,3.0,0.6666666865348816,3.936390,0.601119,3.335271
test,"(316, 182)",316,1,36.0,13.0,0.3055555522441864,7.987720,9.825795,-1.838075
test,"(25, 134)",23,1,1784.0,97.0,0.08464125543832779,4.889119,6.463761,-1.574642
test,"(433, 480)",133,1,1.0,1.0,1.0,1.122649,2.187651,-1.065002
test,"(355, 58)",25,0,0.0,0.0,0.0,2.590763,2.579652,0.011111
test,"(83, 83)",79,1,202.0,8.0,0.7623762488365173,7.767596,0.380845,7.386752
test,"(16, 16)",19,1,252.0,20.0,0.7420634627342224,3.172859,3.850273,-0.677414
test,"(458, 75)",6,1,295.0,33.0,0.26101693511009216,5.487657,5.441556,0.046100
test,"(83, 83)",79,1,202.0,8.0,0.7623762488365173,7.856144,0.380850,7.475294
test,"(303, 361)",81,1,26.0,2.0,0.7307692170143127,4.387272,0.454349,3.932923
test,"(81, 7)",182,1,61.0,19.0,0.19672131538391113,4.132397,5.000052,-0.867656
test,"(361, 71)",83,1,311.0,5.0,0.9421221613883972,2.400297,0.155894,2.244403
test,"(67, 200)",74,1,88.0,12.0,0.7272727489471436,2.684894,0.418119,2.266775
test,"(52, 81)",75,1,143.0,1.0,1.0,3.795558,0.108010,3.687548
test,"(455, 298)",424,1,188.0,8.0,0.6702127456665039,1.917863,0.483823,1.434040
test,"(67, 200)",74,1,88.0,12.0,0.7272727489471436,2.479632,0.415761,2.063871
test,"(291, 331)",7,1,273.0,22.0,0.22344322502613068,4.575336,2.988174,1.587163
test,"(183, 241)",82,1,262.0,8.0,0.4580152630805969,2.091892,1.145974,0.945917
test,"(75, 25)",134,1,66.0,20.0,0.28787878155708313,2.320527,1.657546,0.662982
test,"(32, 45)",134,1,105.0,14.0,0.4952380955219269,4.406914,2.611088,1.795826
test,"(82, 334)",69,1,73.0,4.0,0.767123281955719,2.009816,0.355982,1.653835
test,"(288, 81)",67,1,40.0,1.0,1.0,4.925291,0.123353,4.801938
test,"(72, 76)",339,1,456.0,30.0,0.18640351295471191,4.185706,1.781579,2.404127
test,"(75, 183)",458,1,12.0,2.0,0.75,2.550103,0.461882,2.088220
test,"(12, 197)",293,1,62.0,5.0,0.5322580933570862,5.976427,1.324080,4.652347
test,"(247, 214)",213,1,10.0,2.0,0.8999999761581421,4.872234,0.295559,4.576676
test,"(134, 222)",66,1,190.0,5.0,0.3842105269432068,4.232963,1.063753,3.169209
test,"(340, 62)",190,1,123.0,22.0,0.31707316637039185,7.134138,7.855329,-0.721191
test,"(134, 222)",66,1,190.0,5.0,0.3842105269432068,4.599876,1.065045,3.534831
test,"(17, 15)",25,1,399.0,40.0,0.14035087823867798,3.362678,4.379626,-1.016948
test,"(78, 441)",473,1,207.0,19.0,0.6521739363670349,1.611064,0.463781,1.147283
test,"(13, 72)",173,1,168.0,7.0,0.5833333134651184,3.442885,0.644684,2.798201
test,"(67, 401)",58,1,572.0,34.0,0.18356643617153168,3.520106,3.253547,0.266559
test,"(67, 401)",133,1,572.0,34.0,0.18356643617153168,5.322492,7.598077,-2.275585
test,"(194, 25)",264,1,51.0,4.0,0.4313725531101227,4.414212,3.721512,0.692700
test,"(11, 134)",18,1,2212.0,121.0,0.059222422540187836,4.140908,3.917129,0.223779
test,"(193, 191)",235,1,117.0,25.0,0.25641027092933655,6.376591,6.516869,-0.140278
test,"(425, 310)",185,1,1.0,1.0,1.0,1.497078,1.514708,-0.017630
test,"(340, 62)",77,1,123.0,22.0,0.31707316637039185,3.432742,4.940183,-1.507441
test,"(175, 214)",87,1,21.0,2.0,0.8571428656578064,2.739385,0.287523,2.451862
test,"(51, 37)",17,1,6.0,2.0,0.6666666865348816,10.231825,7.848198,2.383627
test,"(134, 491)",71,1,11.0,2.0,0.9090909361839294,5.187207,0.177411,5.009797
test,"(188, 343)",320,0,0.0,0.0,0.0,5.707812,5.518008,0.189804
test,"(228, 308)",134,1,51.0,4.0,0.8823529481887817,3.260113,0.230108,3.030005
test,"(11, 249)",458,1,231.0,27.0,0.16450215876102448,7.845668,6.146919,1.698749
test,"(213, 64)",182,1,163.0,4.0,0.8466257452964783,2.775325,3.699261,-0.923936
test,"(222, 68)",62,1,622.0,46.0,0.28938907384872437,3.252759,3.811297,-0.558539
test,"(6, 47)",46,1,10.0,6.0,0.4000000059604645,4.898165,4.931738,-0.033573
test,"(40, 46)",45,1,44.0,7.0,0.6818181872367859,2.184087,0.479156,1.704932
test,"(82, 328)",213,1,9.0,5.0,0.4444444477558136,3.330126,4.172258,-0.842132
test,"(322, 7)",58,1,100.0,16.0,0.4699999988079071,5.210472,4.331335,0.879136
test,"(62, 448)",426,1,39.0,5.0,0.3333333432674408,2.229784,2.989006,-0.759222
test,"(62, 15)",6,1,40.0,1.0,1.0,3.343696,5.548100,-2.204404
test,"(173, 82)",58,1,502.0,52.0,0.1593625545501709,2.698102,3.632316,-0.934214
test,"(46, 43)",46,1,64.0,10.0,0.234375,3.844453,1.579444,2.265009
test,"(36, 215)",81,1,286.0,2.0,0.9265734553337097,3.075181,2.678021,0.397160
test,"(297, 213)",371,1,68.0,21.0,0.20588235557079315,11.418921,13.467931,-2.049010
test,"(82, 13)",65,1,1646.0,100.0,0.11907655000686646,3.936208,5.521813,-1.585604
test,"(84, 440)",58,1,31.0,11.0,0.3870967626571655,5.824367,8.003363,-2.178997
test,"(247, 219)",62,1,175.0,26.0,0.22857142984867096,2.872031,1.542297,1.329734
test,"(13, 67)",72,1,527.0,16.0,0.47817838191986084,1.355864,1.828117,-0.472252
test,"(219, 180)",290,1,40.0,13.0,0.20000000298023224,6.811138,7.359042,-0.547904
test,"(231, 82)",483,1,706.0,15.0,0.3243626058101654,3.266518,1.220971,2.045546
test,"(200, 428)",88,1,107.0,1.0,1.0,1.356627,0.082079,1.274547
test,"(8, 460)",231,1,30.0,9.0,0.23333333432674408,3.336406,1.617137,1.719269
test,"(58, 72)",60,1,131.0,9.0,0.6717557311058044,3.862512,0.507335,3.355177
test,"(134, 31)",310,1,700.0,31.0,0.23999999463558197,8.661346,10.797662,-2.136316
test,"(258, 78)",79,1,5.0,1.0,1.0,3.681558,0.258489,3.423069
test,"(286, 72)",184,1,353.0,1.0,1.0,2.518556,0.098424,2.420132
test,"(78, 66)",84,1,661.0,16.0,0.29349470138549805,3.361629,1.802409,1.559220
test,"(33, 88)",257,1,421.0,23.0,0.31353920698165894,3.870449,1.676762,2.193686
test,"(39, 51)",44,1,116.0,3.0,0.7931034564971924,5.241867,0.344106,4.897761
test,"(213, 75)",190,1,204.0,6.0,0.7990196347236633,2.386311,2.824591,-0.438280
test,"(75, 13)",227,1,79.0,24.0,0.15189872682094574,6.893099,4.209912,2.683186
test,"(65, 73)",68,1,143.0,16.0,0.5734265446662903,2.249895,0.624700,1.625195
test,"(13, 67)",312,1,527.0,16.0,0.47817838191986084,7.735212,5.170731,2.564481
test,"(25, 13)",60,1,183.0,6.0,0.48087432980537415,8.793633,6.671057,2.122577
test,"(83, 215)",389,1,7.0,4.0,0.4285714328289032,4.161222,3.384046,0.777176
test,"(75, 190)",69,1,208.0,9.0,0.504807710647583,4.349150,1.405975,2.943175
test,"(474, 79)",75,1,32.0,8.0,0.3125,3.350057,4.611066,-1.261009
test,"(133, 92)",133,1,829.0,10.0,0.7647768259048462,0.958831,0.318923,0.639908
test,"(8, 218)",133,1,116.0,13.0,0.2931034564971924,1.226243,1.210650,0.015593
test,"(77, 66)",230,1,688.0,38.0,0.26889535784721375,4.196095,1.413210,2.782885
test,"(432, 72)",74,1,254.0,8.0,0.4645669162273407,6.567584,3.650195,2.917389
test,"(26, 195)",207,1,684.0,39.0,0.17105263471603394,3.040636,1.905613,1.135024
test,"(176, 259)",186,1,17.0,9.0,0.3529411852359772,2.509618,3.400238,-0.890619
test,"(317, 83)",237,1,30.0,8.0,0.5666666626930237,6.980044,4.847529,2.132516
test,"(268, 313)",91,1,31.0,1.0,1.0,0.096764,0.023004,0.073760
test,"(51, 81)",322,1,269.0,7.0,0.6282528042793274,5.697806,2.253167,3.444639
test,"(76, 176)",389,1,129.0,17.0,0.604651153087616,6.497031,4.115849,2.381182
test,"(67, 217)",62,1,327.0,51.0,0.29663607478141785,4.759498,3.183690,1.575807
test,"(243, 25)",199,1,155.0,13.0,0.6580645442008972,1.587033,0.482301,1.104732
test,"(376, 118)",226,1,212.0,26.0,0.25943395495414734,2.682270,1.808254,0.874016
test,"(497, 251)",254,1,227.0,9.0,0.33039647340774536,2.434952,1.697366,0.737586
test,"(213, 70)",66,1,1.0,1.0,1.0,6.818404,7.412875,-0.594470
test,"(127, 110)",365,1,475.0,31.0,0.18526315689086914,2.852470,3.297683,-0.445213
test,"(128, 140)",13,1,393.0,42.0,0.19083969295024872,6.875489,3.051815,3.823675
test,"(121, 201)",478,1,158.0,13.0,0.29113924503326416,3.725571,1.528850,2.196721
test,"(376, 112)",409,1,191.0,13.0,0.8952879309654236,3.840383,5.892484,-2.052100
test,"(12, 18)",20,1,567.0,37.0,0.20105819404125214,4.399821,6.108809,-1.708988
test,"(120, 221)",500,1,139.0,13.0,0.3741007149219513,4.396612,3.318514,1.078098
test,"(179, 134)",35,1,140.0,42.0,0.10000000149011612,3.923970,4.235107,-0.311137
test,"(88, 25)",134,1,326.0,47.0,0.23619632422924042,2.042682,2.186892,-0.144210
test,"(173, 76)",25,1,226.0,41.0,0.22566372156143188,1.980659,3.873523,-1.892864
test,"(189, 289)",64,1,11.0,5.0,0.4545454680919647,3.475823,3.611655,-0.135832
test,"(134, 22)",20,1,76.0,20.0,0.14473684132099152,3.918506,2.105555,1.812951
test,"(191, 423)",25,1,216.0,20.0,0.25462964177131653,1.633548,3.374717,-1.741169
test,"(117, 497)",254,1,55.0,7.0,0.4363636374473572,1.661188,1.847996,-0.186808
test,"(212, 107)",212,1,2.0,1.0,1.0,3.409721,2.800607,0.609114
test,"(49, 222)",68,0,0.0,0.0,0.0,1.648252,1.136237,0.512015
test,"(364, 259)",304,1,232.0,22.0,0.22413793206214905,6.665936,8.899831,-2.233895
test,"(188, 282)",90,1,261.0,15.0,0.7969348430633545,1.851154,0.308621,1.542533
test,"(175, 33)",413,1,50.0,7.0,0.6600000262260437,2.614612,0.524614,2.089998
test,"(15, 11)",15,1,337.0,53.0,0.22255192697048187,5.368081,2.896843,2.471238
test,"(21, 364)",6,1,37.0,5.0,0.7027027010917664,3.302997,2.447426,0.855571
test,"(153, 201)",128,1,12.0,2.0,0.6666666865348816,1.292584,0.544667,0.747918
test,"(465, 50)",410,1,87.0,1.0,1.0,2.213120,0.101566,2.111553
test,"(54, 68)",361,1,136.0,14.0,0.5514705777168274,5.158524,1.568021,3.590503
test,"(200, 7)",353,1,283.0,14.0,0.9328621625900269,4.334559,0.175362,4.159198
test,"(68, 92)",212,1,47.0,21.0,0.21276596188545227,5.443699,6.322088,-0.878389
test,"(20, 15)",364,1,309.0,38.0,0.1877022683620453,2.242074,3.236049,-0.993976
test,"(11, 228)",8,1,89.0,12.0,0.30337077379226685,3.788024,2.149364,1.638660
test,"(448, 68)",12,1,6.0,1.0,1.0,5.247372,0.234926,5.012446
test,"(324, 67)",8,1,293.0,26.0,0.351535826921463,3.881410,4.143893,-0.262483
test,"(134, 8)",433,1,377.0,30.0,0.1989389955997467,2.955215,1.698493,1.256722
test,"(354, 67)",370,1,129.0,9.0,0.42635658383369446,5.603808,0.969863,4.633945
test,"(298, 74)",282,1,488.0,29.0,0.7049180269241333,1.391801,0.412620,0.979181
test,"(195, 269)",189,1,608.0,32.0,0.4013157784938812,4.489412,2.757024,1.732388
test,"(221, 251)",254,1,569.0,41.0,0.15114235877990723,2.617398,3.393796,-0.776398
test,"(110, 195)",269,1,3.0,2.0,0.6666666865348816,0.872525,2.342489,-1.469963
test,"(83, 11)",331,1,147.0,37.0,0.1972789168357849,1.040553,3.167913,-2.127360
test,"(349, 88)",480,1,18.0,10.0,0.2222222238779068,5.084233,4.290374,0.793859
test,"(291, 189)",92,1,740.0,19.0,0.47162163257598877,4.483263,4.110630,0.372633
test,"(68, 51)",423,1,47.0,6.0,0.42553192377090454,2.154413,4.201704,-2.047291
test,"(189, 186)",297,1,766.0,36.0,0.20757180452346802,2.307877,1.660227,0.647650
test,"(91, 134)",18,1,136.0,14.0,0.4852941036224365,5.255729,4.136287,1.119442
test,"(439, 201)",212,1,270.0,38.0,0.25925925374031067,2.482347,1.391704,1.090643
test,"(82, 86)",176,1,108.0,6.0,0.7777777910232544,3.717152,0.360754,3.356398
test,"(266, 296)",86,1,51.0,3.0,0.529411792755127,2.475481,0.744563,1.730918
test,"(12, 19)",15,1,677.0,27.0,0.3810930550098419,2.895800,3.865378,-0.969578
test,"(81, 185)",219,1,364.0,7.0,0.4670329689979553,1.484504,0.816237,0.668267
test,"(81, 185)",219,1,364.0,7.0,0.4670329689979553,1.443806,0.814110,0.629696
test,"(19, 15)",259,1,153.0,41.0,0.09150326997041702,4.799542,5.863477,-1.063935
test,"(393, 299)",49,1,139.0,14.0,0.4748201370239258,5.611238,7.358515,-1.747276
test,"(167, 130)",116,1,9.0,1.0,1.0,7.912073,0.107159,7.804914
test,"(186, 207)",183,1,870.0,14.0,0.25287356972694397,4.226289,2.136587,2.089702
test,"(201, 259)",199,1,41.0,12.0,0.19512194395065308,2.898556,2.057293,0.841263
test,"(199, 82)",84,1,75.0,14.0,0.2666666805744171,6.122401,1.455911,4.666490
test,"(82, 84)",66,1,321.0,10.0,0.3333333432674408,3.346724,1.770183,1.576541
test,"(78, 477)",7,1,8.0,4.0,0.5,3.980092,0.997071,2.983021
test,"(0, 259)",199,1,1.0,1.0,1.0,3.242748,1.114811,2.127936
test,"(83, 71)",197,1,681.0,51.0,0.11747430264949799,5.597205,3.018943,2.578263
test,"(73, 78)",175,1,127.0,2.0,0.8031495809555054,4.128370,0.329434,3.798936
test,"(218, 245)",297,1,553.0,32.0,0.2151898741722107,2.978998,3.007071,-0.028073
test,"(226, 414)",259,1,286.0,38.0,0.19930070638656616,3.299181,3.573168,-0.273987
test,"(72, 14)",81,1,101.0,25.0,0.12871287763118744,5.251542,7.324851,-2.073309
test,"(473, 49)",222,0,0.0,0.0,0.0,7.662741,9.323676,-1.660935
test,"(245, 266)",296,1,46.0,7.0,0.52173912525177,6.239201,2.721773,3.517428
test,"(7, 218)",195,1,584.0,25.0,0.23458904027938843,3.206280,1.987228,1.219052
test,"(218, 388)",269,1,312.0,10.0,0.6314102411270142,0.720390,0.474144,0.246247
test,"(81, 185)",219,1,364.0,7.0,0.4670329689979553,1.768937,0.829008,0.939929
test,"(8, 291)",189,1,1310.0,44.0,0.3946564793586731,1.320532,0.941981,0.378551
test,"(81, 185)",219,1,364.0,7.0,0.4670329689979553,1.335454,0.808031,0.527423
test,"(82, 1)",258,1,120.0,23.0,0.375,4.808807,4.482280,0.326527
test,"(27, 14)",485,1,543.0,15.0,0.2504604160785675,5.140461,3.158197,1.982264
test,"(134, 474)",83,1,402.0,56.0,0.17910447716712952,4.201871,2.551472,1.650399
test,"(29, 127)",151,1,58.0,19.0,0.2586206793785095,4.787680,4.947313,-0.159634
test,"(12, 385)",405,1,10.0,3.0,0.6000000238418579,0.239757,0.414058,-0.174301
test,"(92, 63)",92,1,332.0,16.0,0.27710843086242676,1.310441,1.278787,0.031654
test,"(112, 409)",27,1,18.0,5.0,0.5,3.860449,5.357791,-1.497342
test,"(74, 68)",88,1,717.0,37.0,0.651324987411499,2.752966,0.521283,2.231683
test,"(188, 85)",243,1,128.0,4.0,0.796875,6.333319,0.338459,5.994861
test,"(199, 16)",20,1,174.0,15.0,0.25287356972694397,4.333017,2.094512,2.238505
test,"(6, 207)",92,1,209.0,11.0,0.45933014154434204,1.018804,0.801829,0.216976
test,"(413, 319)",76,1,80.0,1.0,1.0,3.755671,0.111641,3.644030
test,"(414, 221)",229,1,19.0,2.0,0.9473684430122375,2.405555,0.179423,2.226132
test,"(212, 109)",365,1,138.0,14.0,0.21739129722118378,3.565867,1.843067,1.722800
test,"(127, 151)",127,1,149.0,19.0,0.6241610646247864,1.197501,0.452400,0.745100
test,"(481, 208)",253,1,193.0,25.0,0.46113988757133484,0.499629,0.669732,-0.170103
test,"(282, 90)",303,1,219.0,22.0,0.1780821979045868,5.080329,2.375030,2.705299
test,"(20, 364)",6,1,38.0,7.0,0.5789473652839661,3.375446,2.017997,1.357449
test,"(65, 82)",13,1,50.0,10.0,0.6399999856948853,2.417178,3.925131,-1.507953
test,"(13, 196)",92,1,798.0,29.0,0.19298245012760162,2.426290,1.743438,0.682852
test,"(199, 16)",17,1,174.0,15.0,0.25287356972694397,2.923570,1.452489,1.471082
test,"(282, 90)",194,1,219.0,22.0,0.1780821979045868,3.140479,1.812122,1.328357
test,"(178, 25)",199,1,393.0,34.0,0.4987277388572693,0.258177,0.627974,-0.369797
test,"(196, 433)",29,1,43.0,13.0,0.1860465109348297,3.953954,5.927855,-1.973901
test,"(433, 325)",292,1,69.0,9.0,0.4637681245803833,1.210018,0.794661,0.415357
test,"(292, 29)",193,1,27.0,9.0,0.2222222238779068,3.088264,1.654342,1.433921
test,"(289, 72)",355,1,324.0,9.0,0.4969135820865631,3.956568,1.915445,2.041123
test,"(194, 465)",50,1,659.0,6.0,0.8330804109573364,3.412001,2.225031,1.186970
test,"(30, 13)",200,1,485.0,46.0,0.12783505022525787,5.639068,7.373691,-1.734623
test,"(199, 16)",16,1,174.0,15.0,0.25287356972694397,2.694505,3.590171,-0.895666
test,"(34, 177)",173,1,338.0,6.0,0.2869822382926941,2.719206,1.452190,1.267017
test,"(282, 90)",183,1,219.0,22.0,0.1780821979045868,5.284364,3.042037,2.242327
test,"(92, 29)",131,1,221.0,25.0,0.10407239943742752,10.154974,5.273145,4.881829
test,"(81, 382)",69,0,0.0,0.0,0.0,5.267531,6.404550,-1.137019
test,"(76, 13)",179,1,447.0,52.0,0.08501118421554565,3.113019,4.736756,-1.623736
test,"(13, 437)",70,1,221.0,1.0,1.0,0.817353,0.059806,0.757547
test,"(96, 127)",100,1,26.0,13.0,0.23076923191547394,4.709817,5.752058,-1.042241
test,"(81, 222)",68,1,144.0,10.0,0.8680555820465088,1.561722,2.980686,-1.418965
test,"(8, 259)",213,1,92.0,16.0,0.25,4.631532,5.285771,-0.654239
test,"(465, 50)",410,1,87.0,1.0,1.0,2.131701,0.100540,2.031161
test,"(364, 6)",207,1,51.0,1.0,1.0,3.596199,0.116339,3.479859
test,"(398, 86)",68,1,143.0,2.0,0.9860140085220337,2.595902,0.115849,2.480054
test,"(92, 4)",63,1,47.0,10.0,0.5319148898124695,5.150915,0.748264,4.402651
test,"(6, 207)",92,1,209.0,11.0,0.45933014154434204,1.296300,0.821527,0.474773
test,"(199, 17)",23,1,128.0,12.0,0.4609375,3.024786,4.219664,-1.194879
test,"(241, 182)",274,1,305.0,3.0,0.9770491719245911,0.736877,0.077309,0.659568
test,"(206, 65)",188,1,12.0,8.0,0.25,3.805063,5.223964,-1.418901
test,"(211, 208)",253,1,123.0,17.0,0.42276424169540405,0.438269,0.730200,-0.291931
test,"(20, 364)",259,1,38.0,7.0,0.5789473652839661,2.554219,0.625968,1.928251
test,"(16, 17)",364,1,307.0,37.0,0.1856677532196045,2.699548,1.750917,0.948631
test,"(23, 23)",11,1,10.0,4.0,0.4000000059604645,4.083774,3.575227,0.508547
test,"(15, 13)",18,1,360.0,16.0,0.28333333134651184,4.911944,3.069141,1.842804
test,"(6, 92)",305,1,282.0,31.0,0.28014183044433594,2.537228,2.824234,-0.287006
test,"(82, 282)",81,1,39.0,17.0,0.1538461595773697,8.350426,9.282576,-0.932151
test,"(483, 82)",92,1,134.0,19.0,0.44029849767684937,4.283278,4.073137,0.210141
test,"(13, 79)",200,1,945.0,28.0,0.16613756120204926,3.438563,2.558086,0.880477
test,"(399, 34)",233,1,587.0,4.0,0.5962521433830261,5.165371,2.425536,2.739835
test,"(71, 197)",7,1,67.0,17.0,0.5373134613037109,3.684674,0.729879,2.954795
test,"(8, 434)",230,1,94.0,14.0,0.521276593208313,3.279910,0.750990,2.528919
test,"(83, 77)",225,1,40.0,11.0,0.20000000298023224,8.054655,2.981365,5.073290
test,"(175, 49)",222,1,4.0,1.0,1.0,8.088800,10.161639,-2.072839
test,"(127, 151)",372,1,149.0,19.0,0.6241610646247864,6.452951,8.657554,-2.204603
test,"(434, 134)",81,1,64.0,17.0,0.28125,4.992197,4.814962,0.177235
test,"(78, 175)",469,1,185.0,16.0,0.4324324429035187,9.392557,11.205839,-1.813282
test,"(224, 208)",253,1,360.0,28.0,0.5111111402511597,0.383123,0.597654,-0.214531
test,"(200, 70)",175,1,144.0,7.0,0.4305555522441864,4.726897,0.954707,3.772190
test,"(465, 50)",410,1,87.0,1.0,1.0,3.076056,0.108589,2.967467
test,"(79, 88)",259,1,246.0,33.0,0.30894309282302856,2.647538,2.132654,0.514885
test,"(229, 134)",229,1,132.0,32.0,0.2651515007019043,2.474599,2.301553,0.173046
test,"(176, 259)",228,1,17.0,9.0,0.3529411852359772,4.820292,4.546981,0.273310
test,"(254, 120)",127,1,260.0,30.0,0.18076923489570618,2.087593,1.771806,0.315787
test,"(414, 259)",375,1,18.0,8.0,0.2777777910232544,5.233137,6.113901,-0.880764
test,"(16, 20)",364,1,98.0,22.0,0.27551019191741943,2.513860,1.380275,1.133586
test,"(135, 155)",497,1,297.0,32.0,0.35353535413742065,4.521838,3.293900,1.227938
test,"(127, 109)",251,1,181.0,20.0,0.23204420506954193,3.508314,1.538775,1.969539
test,"(134, 74)",68,1,363.0,25.0,0.6831955909729004,1.074598,0.420385,0.654213
test,"(364, 134)",23,1,37.0,9.0,0.3243243098258972,4.321516,4.804325,-0.482809
test,"(25, 199)",23,1,2122.0,114.0,0.12205466628074646,4.125442,3.761135,0.364307
test,"(25, 228)",82,1,20.0,8.0,0.25,0.971415,1.170464,-0.199049
test,"(81, 13)",79,1,92.0,21.0,0.22826087474822998,3.331830,1.568922,1.762907
test,"(11, 134)",21,1,2212.0,121.0,0.059222422540187836,4.623320,5.019917,-0.396597
test,"(253, 258)",88,1,80.0,1.0,1.0,2.019824,0.098163,1.921660
test,"(90, 194)",465,1,43.0,3.0,0.7906976938247681,1.254695,0.312360,0.942335
test,"(23, 281)",259,1,102.0,19.0,0.19607843458652496,3.549965,5.615107,-2.065142
test,"(324, 178)",25,1,382.0,23.0,0.5523560047149658,1.443285,0.649901,0.793384
test,"(88, 188)",282,1,365.0,10.0,0.6657534241676331,1.328231,0.470700,0.857531
test,"(29, 129)",163,0,0.0,0.0,0.0,2.718665,2.325842,0.392824
test,"(481, 225)",322,1,3.0,1.0,1.0,1.781249,0.339746,1.441503
test,"(30, 13)",67,1,485.0,46.0,0.12783505022525787,4.949541,2.155046,2.794495
test,"(16, 24)",20,1,39.0,11.0,0.28205129504203796,2.902200,3.652996,-0.750796
test,"(11, 17)",20,1,31.0,5.0,0.7096773982048035,3.559746,0.470267,3.089479
test,"(259, 303)",200,1,49.0,6.0,0.40816327929496765,5.050401,1.557909,3.492492
test,"(364, 6)",207,1,51.0,1.0,1.0,3.999321,0.117362,3.881959
test,"(83, 77)",12,1,40.0,11.0,0.20000000298023224,5.494967,2.608132,2.886836
test,"(134, 88)",25,1,125.0,22.0,0.2639999985694885,1.199810,1.887540,-0.687730
test,"(245, 311)",199,1,99.0,15.0,0.3636363744735718,4.148075,4.242266,-0.094191
test,"(482, 269)",408,1,49.0,14.0,0.40816327929496765,7.827604,2.157446,5.670158
test,"(7, 83)",321,1,488.0,36.0,0.26229506731033325,4.162294,3.633865,0.528430
test,"(189, 134)",372,1,667.0,50.0,0.2353823035955429,4.447903,2.986364,1.461540
test,"(26, 245)",207,1,150.0,23.0,0.2133333384990692,2.598120,1.591413,1.006707
test,"(199, 83)",459,1,111.0,14.0,0.44144144654273987,2.941831,2.490448,0.451383
test,"(88, 25)",228,1,326.0,47.0,0.23619632422924042,6.336673,8.038463,-1.701790
test,"(269, 258)",192,1,59.0,7.0,0.49152541160583496,1.992732,3.863030,-1.870298
test,"(249, 402)",54,1,484.0,38.0,0.6508264541625977,7.589104,4.800526,2.788579
test,"(205, 188)",313,1,350.0,26.0,0.22857142984867096,4.483458,6.261322,-1.777865
test,"(134, 89)",314,1,264.0,13.0,0.2613636255264282,6.709744,3.154546,3.555198
test,"(459, 257)",25,1,28.0,10.0,0.3214285671710968,1.225195,1.890315,-0.665120
test,"(245, 320)",509,1,33.0,5.0,0.7272727489471436,1.363595,2.684022,-1.320427
test,"(82, 25)",337,1,913.0,60.0,0.1489594727754593,3.594711,2.310696,1.284016
test,"(54, 509)",60,1,402.0,34.0,0.14676617085933685,6.053345,8.276197,-2.222853
test,"(509, 257)",25,1,69.0,10.0,0.24637681245803833,1.297717,1.574471,-0.276754
test,"(58, 182)",247,1,8.0,2.0,0.75,6.341310,7.628481,-1.287171
test,"(175, 217)",13,1,34.0,17.0,0.2647058963775635,3.865861,2.652292,1.213569
test,"(186, 269)",134,1,399.0,37.0,0.2030075192451477,1.496951,1.543318,-0.046367
test,"(314, 214)",87,1,72.0,1.0,1.0,2.460486,0.105581,2.354905
test,"(245, 134)",8,1,442.0,44.0,0.3438914120197296,4.442549,3.409523,1.033026
test,"(509, 257)",25,1,69.0,10.0,0.24637681245803833,1.451567,1.593456,-0.141890
test,"(134, 340)",7,1,260.0,42.0,0.1846153885126114,2.967795,3.450635,-0.482840
test,"(11, 245)",134,1,327.0,40.0,0.2110091745853424,1.595843,1.515456,0.080387
test,"(218, 195)",507,1,770.0,13.0,0.4259740114212036,2.041113,2.149896,-0.108782
test,"(134, 372)",13,1,235.0,1.0,1.0,0.319502,0.028750,0.290752
test,"(196, 180)",270,1,256.0,26.0,0.33203125,1.275354,1.110761,0.164593
test,"(372, 13)",86,1,465.0,54.0,0.11182795464992523,4.827795,3.026584,1.801211
test,"(75, 72)",327,1,617.0,17.0,0.3565640151500702,4.380965,1.134178,3.246786
test,"(11, 195)",134,1,537.0,36.0,0.4711359441280365,1.268302,0.773946,0.494356
test,"(79, 182)",184,1,233.0,16.0,0.6824034452438354,5.458748,2.942342,2.516406
test,"(207, 367)",199,1,659.0,2.0,0.9908952713012695,0.103421,0.017765,0.085655
test,"(82, 389)",133,1,135.0,3.0,0.9777777791023254,0.093777,0.022166,0.071611
test,"(14, 256)",242,1,175.0,5.0,0.6171428561210632,1.585817,0.552967,1.032850
test,"(301, 192)",389,1,543.0,27.0,0.32044199109077454,2.744588,4.981811,-2.237223
test,"(34, 344)",11,1,720.0,34.0,0.27222222089767456,3.024231,2.825705,0.198526
test,"(86, 44)",82,1,9.0,1.0,1.0,5.336249,6.680030,-1.343781
test,"(60, 180)",408,1,685.0,41.0,0.5240876078605652,0.626294,0.640774,-0.014479
test,"(8, 189)",245,1,1053.0,24.0,0.2735042870044708,0.775496,1.227813,-0.452316
test,"(357, 77)",243,1,118.0,1.0,1.0,2.257766,0.099797,2.157969
test,"(50, 398)",83,1,234.0,14.0,0.747863233089447,3.624405,0.386661,3.237744
test,"(27, 44)",255,1,35.0,3.0,0.8285714387893677,1.589929,0.277128,1.312801
test,"(180, 408)",301,1,606.0,15.0,0.5808581113815308,0.304228,0.507459,-0.203232
test,"(255, 333)",82,1,630.0,47.0,0.24285714328289032,2.199835,1.425579,0.774256
test,"(26, 134)",87,1,31.0,18.0,0.16129031777381897,6.872119,6.238616,0.633503
test,"(218, 195)",269,1,770.0,13.0,0.4259740114212036,1.199681,0.881879,0.317802
test,"(88, 34)",344,1,187.0,7.0,0.5935828685760498,1.424984,0.582888,0.842096
test,"(186, 297)",230,1,563.0,28.0,0.7033748030662537,0.295473,0.324708,-0.029234
test,"(115, 439)",201,1,49.0,3.0,0.6530612111091614,1.014271,0.474029,0.540242
test,"(63, 474)",413,1,112.0,23.0,0.1696428507566452,7.167214,2.939311,4.227903
test,"(344, 82)",7,1,390.0,31.0,0.18974359333515167,3.661135,2.847378,0.813757
test,"(36, 441)",68,1,144.0,1.0,1.0,2.129228,0.096478,2.032750
test,"(34, 344)",257,1,720.0,34.0,0.27222222089767456,1.149829,1.529132,-0.379303
test,"(72, 13)",340,1,167.0,19.0,0.2634730637073517,3.877127,1.437666,2.439461
test,"(82, 217)",258,1,64.0,28.0,0.234375,7.399866,5.581721,1.818145
test,"(66, 387)",34,1,279.0,44.0,0.2867383658885956,3.881647,1.324142,2.557505
test,"(13, 66)",190,1,794.0,28.0,0.2745591998100281,4.536585,3.276344,1.260241
test,"(197, 34)",344,1,65.0,5.0,0.5076923370361328,1.779824,0.753239,1.026585
test,"(81, 279)",218,1,357.0,26.0,0.299719899892807,1.503232,1.284883,0.218349
test,"(483, 82)",7,1,134.0,19.0,0.44029849767684937,2.893059,2.556898,0.336161
test,"(234, 7)",83,1,31.0,12.0,0.22580644488334656,3.756704,2.001182,1.755522
test,"(408, 44)",68,1,75.0,1.0,1.0,1.712912,0.094817,1.618094
test,"(13, 247)",79,1,282.0,4.0,0.7482269406318665,1.501100,0.363786,1.137315
test,"(47, 200)",83,1,74.0,5.0,0.5810810923576355,2.727947,1.890487,0.837460
test,"(257, 13)",473,1,19.0,7.0,0.42105263471603394,5.363147,1.062516,4.300631
test,"(82, 13)",68,1,1646.0,100.0,0.11907655000686646,5.967710,6.813265,-0.845554
test,"(200, 83)",320,1,634.0,65.0,0.25867506861686707,8.036466,5.727867,2.308599
test,"(5, 134)",0,1,93.0,23.0,0.5806451439857483,3.292065,0.651861,2.640204
test,"(242, 12)",474,1,14.0,2.0,0.7142857313156128,8.887101,9.060314,-0.173213
test,"(186, 207)",218,1,870.0,14.0,0.25287356972694397,2.884199,2.329489,0.554710
test,"(193, 269)",303,1,373.0,37.0,0.2252010703086853,4.690766,4.206828,0.483939
test,"(8, 8)",434,1,691.0,42.0,0.14616498351097107,4.398382,5.736495,-1.338113
test,"(207, 26)",193,1,443.0,14.0,0.4898419976234436,2.716983,3.358416,-0.641433
test,"(134, 0)",270,1,374.0,36.0,0.3395721912384033,2.548898,1.140585,1.408313
test,"(84, 79)",82,1,579.0,64.0,0.196891188621521,4.424033,4.319316,0.104718
test,"(222, 71)",7,1,234.0,24.0,0.3760683834552765,6.139569,1.956051,4.183518
test,"(81, 179)",134,1,313.0,32.0,0.6517571806907654,3.814118,2.979199,0.834919
test,"(333, 7)",184,1,75.0,18.0,0.2266666740179062,2.644846,4.490319,-1.845473
test,"(66, 387)",34,1,279.0,44.0,0.2867383658885956,3.694824,1.322551,2.372273
test,"(226, 221)",212,1,297.0,35.0,0.23569023609161377,1.973582,1.446829,0.526752
test,"(331, 44)",255,1,54.0,6.0,0.42592594027519226,1.129241,0.873241,0.256000
test,"(200, 83)",82,1,634.0,65.0,0.25867506861686707,3.282948,1.658105,1.624843
test,"(480, 8)",189,1,50.0,12.0,0.30000001192092896,1.226620,1.196632,0.029988
test,"(387, 34)",344,1,88.0,4.0,0.5,1.833506,2.751316,-0.917809
test,"(188, 66)",387,1,123.0,1.0,1.0,3.595529,0.108211,3.487318
test,"(68, 215)",317,1,420.0,45.0,0.18571428954601288,3.218303,3.793310,-0.575007
test,"(82, 25)",189,1,913.0,60.0,0.1489594727754593,2.548485,2.427022,0.121463
test,"(82, 483)",180,1,229.0,17.0,0.34061136841773987,2.316854,1.615329,0.701525
test,"(331, 32)",83,1,70.0,4.0,0.8285714387893677,1.622950,3.689838,-2.066888
test,"(342, 218)",388,1,155.0,13.0,0.3290322721004486,2.134212,1.486931,0.647281
test,"(218, 195)",207,1,770.0,13.0,0.4259740114212036,2.473050,1.346754,1.126296
test,"(180, 420)",88,1,160.0,1.0,1.0,0.630335,0.049847,0.580488
test,"(25, 323)",8,1,966.0,13.0,0.4399586021900177,2.304811,2.074538,0.230274
test,"(110, 476)",203,1,114.0,12.0,0.5701754093170166,4.863375,3.131528,1.731847
test,"(158, 285)",118,1,104.0,6.0,0.36538460850715637,2.482558,1.542171,0.940387
test,"(190, 236)",189,1,448.0,39.0,0.4174107015132904,6.937949,3.538498,3.399451
test,"(26, 245)",183,1,150.0,23.0,0.2133333384990692,4.103286,2.286999,1.816286
test,"(215, 7)",378,1,56.0,17.0,0.25,6.155210,6.812608,-0.657398
test,"(464, 199)",214,1,34.0,21.0,0.0882352963089943,5.991964,6.106144,-0.114179
test,"(317, 127)",96,1,196.0,17.0,0.2091836780309677,4.276477,2.216995,2.059482
test,"(217, 44)",255,1,114.0,4.0,0.7456140518188477,0.916127,0.342918,0.573209
test,"(82, 84)",66,1,321.0,10.0,0.3333333432674408,3.584102,1.774560,1.809542
test,"(82, 180)",134,1,821.0,46.0,0.1973203420639038,2.914065,2.094138,0.819926
test,"(134, 68)",13,1,722.0,31.0,0.2506925165653229,2.865980,1.461157,1.404823
test,"(255, 265)",67,1,3.0,1.0,1.0,6.359988,0.391911,5.968077
test,"(193, 189)",14,1,154.0,32.0,0.34415584802627563,4.448839,1.169539,3.279300
test,"(433, 224)",272,1,80.0,12.0,0.44999998807907104,2.090234,1.886255,0.203979
test,"(272, 282)",63,1,193.0,7.0,0.9637305736541748,2.753884,0.136398,2.617486
test,"(25, 227)",12,1,209.0,3.0,0.880382776260376,0.496015,0.156193,0.339822
test,"(176, 76)",134,1,47.0,13.0,0.21276596188545227,4.815757,6.011863,-1.196105
test,"(5, 230)",347,1,199.0,21.0,0.18592964112758636,4.196668,2.932529,1.264138
test,"(484, 264)",208,1,43.0,4.0,0.4651162922382355,2.135563,0.863708,1.271855
test,"(193, 189)",14,1,154.0,32.0,0.34415584802627563,3.855533,1.166494,2.689039
test,"(82, 66)",206,1,525.0,23.0,0.46095237135887146,4.230468,2.190491,2.039978
test,"(6, 434)",134,1,246.0,8.0,0.9024389982223511,2.850941,3.190752,-0.339812
test,"(115, 502)",285,1,67.0,8.0,0.38805970549583435,1.683639,1.936608,-0.252969
test,"(118, 254)",119,1,109.0,7.0,0.39449542760849,1.970821,1.922869,0.047952
test,"(134, 237)",182,1,262.0,20.0,0.4007633626461029,4.866599,1.757246,3.109352
test,"(213, 13)",196,1,44.0,11.0,0.3181818127632141,2.515122,1.254531,1.260590
test,"(18, 213)",88,1,114.0,7.0,0.6929824352264404,2.745232,0.463221,2.282012
test,"(85, 190)",200,1,68.0,1.0,1.0,4.866825,0.115383,4.751442
test,"(66, 282)",236,1,9.0,6.0,0.3333333432674408,6.552943,6.126616,0.426328
test,"(1, 302)",29,1,153.0,2.0,0.9738562107086182,1.149398,0.097919,1.051479
test,"(220, 192)",6,1,229.0,32.0,0.20960699021816254,5.597905,2.618822,2.979083
test,"(84, 173)",225,1,286.0,30.0,0.1818181872367859,7.288691,3.425964,3.862727
test,"(12, 450)",310,1,720.0,20.0,0.6152777671813965,4.240739,2.920968,1.319771
test,"(67, 72)",355,1,642.0,16.0,0.37071651220321655,3.757893,3.041880,0.716013
test,"(199, 127)",153,1,615.0,41.0,0.17398373782634735,2.776960,2.544822,0.232138
test,"(14, 9)",363,1,293.0,16.0,0.40273037552833557,5.212876,2.266065,2.946811
test,"(47, 75)",435,1,18.0,4.0,0.6666666865348816,5.924108,0.573152,5.350956
test,"(185, 243)",25,1,23.0,11.0,0.260869562625885,2.727677,3.288545,-0.560867
test,"(200, 469)",230,1,3.0,1.0,1.0,4.055923,0.361042,3.694880
test,"(342, 334)",65,1,10.0,3.0,0.5,7.305273,0.948237,6.357036
test,"(92, 302)",29,1,233.0,3.0,0.9871244430541992,0.309191,0.038891,0.270299
test,"(83, 321)",180,1,465.0,36.0,0.21935483813285828,2.485589,1.546875,0.938714
test,"(213, 182)",184,1,293.0,12.0,0.46075084805488586,4.831221,3.029948,1.801273
test,"(18, 358)",12,1,6.0,1.0,1.0,1.186592,0.168150,1.018442
test,"(253, 29)",264,1,1481.0,23.0,0.18568535149097443,2.789509,2.712084,0.077425
test,"(12, 450)",309,1,720.0,20.0,0.6152777671813965,3.448400,3.241776,0.206624
test,"(83, 71)",313,1,681.0,51.0,0.11747430264949799,8.341723,4.637581,3.704142
test,"(188, 66)",387,1,123.0,1.0,1.0,3.296062,0.107144,3.188917
test,"(190, 435)",313,1,442.0,45.0,0.1719457060098648,4.541492,4.249127,0.292366
test,"(208, 355)",185,1,225.0,1.0,1.0,0.480435,0.040832,0.439603
test,"(83, 218)",460,1,27.0,7.0,0.40740740299224854,6.767739,7.763739,-0.996000
test,"(67, 64)",88,1,102.0,11.0,0.7549019455909729,2.434958,0.372147,2.062811
test,"(212, 110)",134,1,507.0,33.0,0.15976330637931824,6.259877,1.931100,4.328777
test,"(457, 442)",287,1,182.0,2.0,0.9615384340286255,0.611789,0.084528,0.527261
test,"(50, 68)",200,1,408.0,11.0,0.561274528503418,3.196767,1.404583,1.792184
test,"(69, 286)",12,1,439.0,32.0,0.20501138269901276,2.659165,3.415264,-0.756099
test,"(433, 328)",272,1,51.0,8.0,0.3921568691730499,2.668641,1.866730,0.801911
test,"(19, 92)",272,1,102.0,14.0,0.5392156839370728,2.690516,2.223795,0.466721
test,"(189, 79)",175,1,58.0,17.0,0.12068965286016464,4.879446,3.311338,1.568108
test,"(86, 47)",175,1,9.0,1.0,1.0,6.042751,6.247491,-0.204740
test,"(457, 358)",12,1,5.0,1.0,1.0,0.600455,0.159585,0.440869
test,"(14, 18)",15,1,130.0,1.0,1.0,1.945686,0.094658,1.851028
test,"(13, 431)",92,1,3.0,2.0,0.6666666865348816,4.580585,2.558118,2.022467
test,"(328, 208)",253,1,230.0,23.0,0.5260869860649109,0.548644,0.581748,-0.033104
test,"(69, 342)",489,1,402.0,36.0,0.21641790866851807,2.293560,1.729327,0.564232
test,"(65, 70)",12,1,689.0,18.0,0.8795355558395386,0.925128,0.184022,0.741106
test,"(465, 12)",187,1,580.0,5.0,0.7413793206214905,5.850403,2.020385,3.830018
test,"(77, 299)",180,1,290.0,30.0,0.3896551728248596,3.222133,4.251152,-1.029019
test,"(134, 208)",253,1,51.0,12.0,0.3137255012989044,0.851859,0.957665,-0.105806
test,"(474, 378)",70,1,7.0,1.0,1.0,1.079661,0.159696,0.919965
test,"(202, 83)",252,1,42.0,9.0,0.4285714328289032,8.860746,1.860889,6.999857
test,"(305, 181)",134,1,380.0,28.0,0.25526314973831177,2.757510,3.165498,-0.407988
test,"(355, 185)",29,1,479.0,13.0,0.5031315088272095,1.878889,0.759314,1.119575
test,"(185, 29)",305,1,248.0,22.0,0.125,0.730792,1.819189,-1.088397
test,"(76, 190)",51,1,107.0,18.0,0.3925233781337738,4.257171,2.528715,1.728456
test,"(14, 79)",29,1,213.0,19.0,0.26760563254356384,6.494849,1.791867,4.702983
test,"(248, 232)",82,1,694.0,73.0,0.1541786789894104,3.020313,2.162395,0.857919
test,"(19, 92)",302,1,102.0,14.0,0.5392156839370728,2.548465,0.712494,1.835971
test,"(287, 12)",16,1,340.0,8.0,0.3735294044017792,2.517725,1.914836,0.602888
test,"(305, 171)",172,1,548.0,9.0,0.4032846689224243,1.174523,0.924417,0.250106
test,"(303, 82)",70,1,171.0,2.0,0.719298243522644,3.868576,0.437629,3.430946
test,"(213, 182)",85,1,293.0,12.0,0.46075084805488586,2.292567,0.856391,1.436176
test,"(5, 230)",305,1,199.0,21.0,0.18592964112758636,2.259081,1.902487,0.356594
test,"(364, 60)",213,1,574.0,22.0,0.48083624243736267,5.104711,5.476066,-0.371356
test,"(303, 65)",12,1,215.0,3.0,0.9906976819038391,2.650387,0.109946,2.540440
test,"(484, 396)",134,1,131.0,10.0,0.4580152630805969,3.197199,0.874540,2.322659
test,"(305, 171)",172,1,548.0,9.0,0.4032846689224243,1.094459,0.917947,0.176512
test,"(190, 83)",222,1,58.0,5.0,0.48275861144065857,5.089254,0.858103,4.231151
test,"(305, 171)",181,1,548.0,9.0,0.4032846689224243,2.163500,1.678970,0.484530
test,"(134, 189)",72,1,121.0,30.0,0.5123966932296753,6.209395,7.357643,-1.148247
test,"(305, 171)",171,1,548.0,9.0,0.4032846689224243,0.650317,1.307270,-0.656953
test,"(79, 197)",176,1,652.0,34.0,0.5245398879051208,4.057665,5.562342,-1.504677
test,"(176, 1)",305,1,34.0,11.0,0.2647058963775635,0.722659,1.771315,-1.048656
test,"(171, 171)",181,1,204.0,7.0,0.3529411852359772,2.661693,1.436662,1.225030
test,"(265, 7)",190,1,144.0,31.0,0.3680555522441864,8.540055,9.436576,-0.896521
test,"(480, 8)",305,1,50.0,12.0,0.30000001192092896,3.500973,5.675452,-2.174479
test,"(134, 13)",247,1,293.0,35.0,0.15017065405845642,3.093493,3.382096,-0.288603
test,"(208, 64)",305,1,5.0,4.0,0.4000000059604645,3.824351,1.478926,2.345425
test,"(450, 225)",182,0,0.0,0.0,0.0,5.209647,3.749229,1.460418
test,"(305, 211)",134,1,135.0,21.0,0.192592591047287,2.542325,2.258833,0.283492
test,"(303, 65)",12,1,215.0,3.0,0.9906976819038391,1.456040,0.091967,1.364073
test,"(300, 8)",60,1,115.0,4.0,0.939130425453186,1.917890,0.156944,1.760946
test,"(211, 134)",433,1,48.0,20.0,0.1666666716337204,3.086334,2.448572,0.637763
test,"(92, 63)",92,1,332.0,16.0,0.27710843086242676,1.044820,1.249737,-0.204917
test,"(189, 14)",9,1,204.0,1.0,1.0,2.200589,0.096621,2.103968
test,"(241, 82)",178,1,182.0,7.0,0.7252747416496277,5.310391,0.431040,4.879351
test,"(218, 305)",171,1,32.0,5.0,0.46875,0.813936,0.740572,0.073364
test,"(78, 134)",5,1,61.0,26.0,0.19672131538391113,3.952065,2.893430,1.058634
test,"(63, 227)",12,1,18.0,2.0,0.5,0.736198,0.689012,0.047185
test,"(75, 506)",12,1,6.0,2.0,0.8333333134651184,0.186844,0.110239,0.076605
test,"(506, 12)",65,1,576.0,9.0,0.3125,1.681285,3.944673,-2.263388
test,"(247, 87)",12,1,394.0,36.0,0.2842639684677124,1.559063,1.282377,0.276685
test,"(171, 172)",269,1,300.0,37.0,0.2666666805744171,6.205888,6.640039,-0.434150
test,"(282, 72)",247,1,7.0,2.0,0.5714285969734192,6.562239,6.235415,0.326824
test,"(305, 171)",211,1,548.0,9.0,0.4032846689224243,4.790455,5.381944,-0.591488
test,"(228, 8)",291,1,13.0,4.0,0.692307710647583,2.557209,0.502478,2.054731
test,"(68, 88)",282,1,687.0,44.0,0.22270742058753967,2.969984,1.788578,1.181406
test,"(171, 171)",172,1,204.0,7.0,0.3529411852359772,1.095786,1.031648,0.064138
test,"(222, 71)",341,1,234.0,24.0,0.3760683834552765,10.273617,2.148078,8.125539
test,"(67, 82)",320,1,587.0,63.0,0.18739353120326996,6.717627,4.988761,1.728866
test,"(83, 321)",30,1,465.0,36.0,0.21935483813285828,9.508174,11.111465,-1.603291
test,"(474, 438)",46,1,72.0,6.0,0.5277777910232544,7.567289,8.517658,-0.950369
test,"(5, 230)",305,1,199.0,21.0,0.18592964112758636,2.189009,1.897419,0.291590
test,"(172, 292)",253,1,115.0,9.0,0.469565212726593,0.413299,0.658470,-0.245170
test,"(189, 14)",9,1,204.0,1.0,1.0,2.394478,0.098773,2.295705
test,"(75, 298)",74,1,532.0,14.0,0.7875939607620239,0.555504,0.262075,0.293429
test,"(66, 479)",14,1,220.0,14.0,0.5681818127632141,2.457450,0.646886,1.810564
test,"(345, 25)",227,1,558.0,12.0,0.560931921005249,2.873218,1.336616,1.536602
test,"(134, 296)",345,1,549.0,6.0,0.8706739544868469,0.187259,0.142155,0.045104
test,"(14, 462)",134,1,174.0,20.0,0.20114941895008087,1.632384,2.020206,-0.387821
test,"(71, 261)",312,1,287.0,1.0,1.0,0.509818,0.042831,0.466987
test,"(178, 68)",39,1,453.0,49.0,0.3002207577228546,8.236665,5.962948,2.273717
test,"(290, 182)",85,1,21.0,7.0,0.3333333432674408,1.881759,1.200138,0.681621
test,"(44, 255)",333,1,630.0,1.0,1.0,0.235896,0.022089,0.213807
test,"(7, 7)",69,1,573.0,52.0,0.20244328677654266,3.395161,3.707834,-0.312673
test,"(272, 252)",227,1,2224.0,26.0,0.254046767950058,2.278177,1.426386,0.851791
test,"(433, 272)",252,1,24.0,2.0,0.9583333134651184,0.050975,0.019121,0.031854
test,"(255, 333)",134,1,630.0,47.0,0.24285714328289032,3.648408,3.790231,-0.141823
test,"(442, 287)",12,1,369.0,4.0,0.9214091897010803,0.250573,0.098159,0.152414
test,"(72, 47)",298,1,28.0,3.0,0.7142857313156128,5.976450,0.478660,5.497790
test,"(47, 298)",74,1,22.0,1.0,1.0,0.969502,0.088794,0.880708
test,"(76, 78)",73,1,437.0,21.0,0.20366132259368896,5.664664,1.701588,3.963076
test,"(70, 71)",83,1,115.0,17.0,0.747826099395752,2.666401,0.382934,2.283467
test,"(6, 92)",336,1,282.0,31.0,0.28014183044433594,7.408766,9.554428,-2.145663
test,"(92, 481)",189,1,79.0,13.0,0.29113924503326416,3.083482,4.276077,-1.192595
test,"(426, 232)",12,1,538.0,30.0,0.7342007160186768,0.672208,0.331454,0.340754
test,"(46, 79)",197,1,131.0,1.0,1.0,3.016795,0.105249,2.911547
test,"(176, 29)",460,1,23.0,6.0,0.3478260934352875,2.941607,4.530083,-1.588477
test,"(460, 208)",47,1,179.0,21.0,0.4189944267272949,5.546381,6.978453,-1.432072
test,"(75, 309)",305,1,40.0,9.0,0.375,2.227191,3.472871,-1.245680
test,"(489, 12)",65,1,628.0,16.0,0.20859873294830322,1.916996,1.716733,0.200264
test,"(129, 164)",97,1,30.0,5.0,0.7666666507720947,8.084600,2.687070,5.397530
test,"(387, 309)",127,1,66.0,9.0,0.6363636255264282,1.604153,0.517057,1.087095
test,"(296, 345)",25,1,577.0,6.0,0.9549393653869629,0.621823,0.088877,0.532945
test,"(185, 426)",232,1,438.0,1.0,1.0,0.158815,0.015470,0.143346
test,"(189, 79)",175,1,58.0,17.0,0.12068965286016464,4.892097,3.311600,1.580497
test,"(226, 229)",351,1,468.0,24.0,0.55982905626297,1.048338,0.610832,0.437506
test,"(292, 485)",29,1,318.0,1.0,1.0,0.728473,0.054383,0.674089
test,"(221, 229)",226,1,343.0,46.0,0.2215743511915207,2.661652,3.448827,-0.787176
test,"(178, 86)",479,1,58.0,2.0,0.8965517282485962,3.575643,0.224906,3.350737
test,"(208, 36)",67,1,7.0,4.0,0.5714285969734192,3.484492,0.832278,2.652214
test,"(214, 188)",173,1,77.0,2.0,0.9350649118423462,2.882141,0.175375,2.706766
test,"(1, 328)",484,1,54.0,15.0,0.3333333432674408,3.078096,1.217514,1.860582
test,"(200, 284)",14,1,7.0,1.0,1.0,0.337009,0.105643,0.231366
test,"(86, 12)",23,1,664.0,27.0,0.22590361535549164,4.073688,2.941018,1.132669
test,"(76, 192)",12,1,80.0,8.0,0.7124999761581421,2.987850,0.447034,2.540816
test,"(65, 398)",86,1,125.0,2.0,0.9919999837875366,1.369451,0.089667,1.279784
test,"(295, 397)",85,1,25.0,2.0,0.8799999952316284,2.028735,0.239171,1.789563
test,"(185, 426)",232,1,438.0,1.0,1.0,0.087817,0.009114,0.078702
test,"(269, 134)",243,1,416.0,52.0,0.08653846383094788,4.540381,3.703523,0.836858
test,"(218, 481)",207,1,17.0,6.0,0.3529411852359772,2.139856,1.647035,0.492821
test,"(12, 71)",300,1,506.0,5.0,0.7272727489471436,1.443736,0.389682,1.054054
test,"(252, 227)",397,1,597.0,4.0,0.5343383550643921,1.176428,0.670741,0.505687
test,"(204, 211)",189,1,433.0,32.0,0.22401846945285797,4.045296,2.358638,1.686658
test,"(134, 433)",481,1,236.0,14.0,0.35169491171836853,3.413815,3.534526,-0.120711
test,"(253, 272)",252,1,1204.0,2.0,0.9493355751037598,0.085287,0.054777,0.030510
test,"(83, 71)",197,1,681.0,51.0,0.11747430264949799,5.163009,3.014824,2.148185
test,"(481, 292)",253,1,119.0,7.0,0.6386554837226868,0.324785,0.404200,-0.079414
test,"(179, 455)",88,1,401.0,1.0,1.0,0.406933,0.034801,0.372132
test,"(213, 87)",12,1,230.0,8.0,0.960869550704956,1.022549,0.104917,0.917632
test,"(12, 18)",134,1,567.0,37.0,0.20105819404125214,3.705882,4.035254,-0.329372
test,"(310, 185)",426,1,499.0,3.0,0.8617234230041504,0.457305,0.176729,0.280576
test,"(60, 14)",17,1,70.0,13.0,0.2142857164144516,2.588436,1.704772,0.883664
test,"(91, 199)",127,1,258.0,32.0,0.27519381046295166,1.822509,1.308911,0.513598
test,"(92, 27)",14,1,123.0,1.0,1.0,0.186950,0.021228,0.165723
test,"(8, 433)",347,1,97.0,17.0,0.19587628543376923,1.940274,3.121277,-1.181003
test,"(264, 336)",477,1,15.0,3.0,0.4000000059604645,2.896073,1.270404,1.625668
test,"(127, 165)",128,1,292.0,16.0,0.4726027250289917,1.603492,1.630800,-0.027308
test,"(82, 134)",44,1,518.0,77.0,0.11776062101125717,3.624241,4.080416,-0.456175
test,"(344, 13)",196,1,92.0,11.0,0.239130437374115,3.261043,1.858299,1.402745
test,"(175, 299)",11,1,218.0,28.0,0.2110091745853424,4.262256,1.652536,2.609720
test,"(264, 134)",196,1,396.0,55.0,0.12121212482452393,3.999295,3.609115,0.390180
test,"(13, 75)",477,1,231.0,12.0,0.523809552192688,3.989102,0.752146,3.236956
test,"(92, 63)",11,1,332.0,16.0,0.27710843086242676,3.180527,1.873411,1.307116
test,"(296, 86)",34,1,162.0,18.0,0.31481480598449707,3.285213,1.258361,2.026852
test,"(218, 133)",264,1,665.0,16.0,0.2586466073989868,5.405465,4.065954,1.339511
test,"(72, 188)",218,1,560.0,59.0,0.1428571492433548,7.883776,4.090028,3.793748
test,"(439, 226)",134,1,129.0,28.0,0.1860465109348297,2.164673,1.783219,0.381454
test,"(189, 264)",336,1,154.0,26.0,0.22727273404598236,5.717939,3.657803,2.060136
test,"(183, 78)",67,1,442.0,11.0,0.44570136070251465,2.776121,3.921900,-1.145780
test,"(227, 133)",133,1,1.0,1.0,1.0,1.805123,1.678683,0.126440
test,"(13, 64)",72,1,44.0,5.0,0.4318181872367859,2.912537,2.002041,0.910496
test,"(82, 10)",7,1,15.0,5.0,0.5333333611488342,4.160831,1.976482,2.184349
test,"(76, 65)",67,1,202.0,14.0,0.2871287167072296,5.911651,2.560859,3.350792
test,"(8, 8)",8,1,691.0,42.0,0.14616498351097107,2.179897,2.248791,-0.068893
test,"(118, 91)",260,1,4.0,2.0,0.5,7.409081,1.243655,6.165427
test,"(449, 1)",186,1,297.0,15.0,0.3265993297100067,2.549677,1.202483,1.347194
test,"(84, 471)",62,1,112.0,17.0,0.3482142984867096,4.360655,5.660850,-1.300195
test,"(134, 124)",104,1,52.0,3.0,0.7115384340286255,1.764893,0.422909,1.341985
test,"(254, 109)",221,1,290.0,17.0,0.33448275923728943,2.891768,3.396675,-0.504907
test,"(500, 221)",251,1,90.0,9.0,0.2888889014720917,1.754492,1.328099,0.426393
test,"(229, 127)",123,1,115.0,5.0,0.40869563817977905,2.668730,1.253871,1.414860
test,"(409, 13)",416,1,14.0,9.0,0.2857142984867096,5.032208,6.411489,-1.379280
test,"(62, 76)",458,1,263.0,15.0,0.1863117814064026,5.146000,1.791444,3.354556
test,"(76, 175)",244,1,578.0,64.0,0.22145329415798187,5.716243,1.605367,4.110876
test,"(11, 258)",192,1,103.0,13.0,0.3009708821773529,3.251245,3.105681,0.145563
test,"(184, 231)",76,1,4.0,3.0,0.5,3.664546,3.722484,-0.057938
test,"(134, 55)",212,1,43.0,13.0,0.27906978130340576,4.401615,3.563253,0.838362
test,"(423, 214)",75,1,55.0,1.0,1.0,4.894597,0.117508,4.777089
test,"(7, 224)",134,1,72.0,17.0,0.1666666716337204,2.226798,1.756343,0.470455
test,"(6, 238)",285,0,0.0,0.0,0.0,4.573281,3.375481,1.197800
test,"(500, 221)",251,1,90.0,9.0,0.2888889014720917,2.222494,1.352802,0.869692
test,"(36, 193)",134,1,1.0,1.0,1.0,2.454708,2.366636,0.088072
test,"(190, 268)",8,1,15.0,4.0,0.6000000238418579,1.397255,3.264351,-1.867095
test,"(338, 115)",189,1,106.0,19.0,0.2641509473323822,7.891311,7.407081,0.484230
test,"(200, 184)",67,1,204.0,22.0,0.343137264251709,3.077534,1.156087,1.921447
test,"(82, 66)",180,1,525.0,23.0,0.46095237135887146,4.476068,4.735857,-0.259790
test,"(214, 82)",66,1,192.0,12.0,0.453125,4.624312,0.900526,3.723786
test,"(224, 191)",200,1,64.0,12.0,0.4375,4.012463,3.710320,0.302143
test,"(249, 312)",352,1,88.0,15.0,0.2613636255264282,4.857950,2.897864,1.960087
test,"(88, 25)",224,1,326.0,47.0,0.23619632422924042,2.502578,2.747136,-0.244558
test,"(200, 340)",62,1,339.0,27.0,0.6283186078071594,2.609607,3.232547,-0.622941
test,"(354, 67)",28,1,129.0,9.0,0.42635658383369446,3.652343,2.808559,0.843784
test,"(401, 7)",83,1,20.0,7.0,0.25,2.933967,3.684291,-0.750324
test,"(226, 128)",143,1,154.0,6.0,0.2857142984867096,2.635774,2.494814,0.140960
test,"(254, 123)",365,1,105.0,15.0,0.190476194024086,3.598098,3.361832,0.236266
test,"(62, 179)",192,1,191.0,9.0,0.32460734248161316,3.810427,1.553287,2.257140
test,"(440, 82)",14,1,174.0,27.0,0.24137930572032928,4.446941,5.527329,-1.080387
test,"(266, 64)",368,1,90.0,5.0,0.46666666865348816,3.958892,2.583060,1.375832
test,"(186, 191)",200,1,86.0,18.0,0.1627907007932663,4.343038,4.647067,-0.304029
test,"(200, 340)",62,1,339.0,27.0,0.6283186078071594,2.452537,3.201331,-0.748793
test,"(123, 251)",254,1,155.0,9.0,0.4000000059604645,2.575434,3.160936,-0.585502
test,"(192, 13)",84,1,95.0,23.0,0.1894736886024475,4.872658,6.508332,-1.635674
test,"(180, 231)",75,1,196.0,17.0,0.3520408272743225,3.114949,3.000612,0.114337
test,"(62, 431)",62,1,80.0,17.0,0.22499999403953552,3.801786,5.234465,-1.432678
test,"(418, 316)",72,1,45.0,3.0,0.8444444537162781,4.031442,2.217189,1.814253
test,"(71, 11)",303,1,153.0,29.0,0.12418300658464432,4.660078,3.827246,0.832832
test,"(328, 199)",129,1,10.0,4.0,0.4000000059604645,6.431118,6.715746,-0.284628
test,"(134, 365)",502,1,225.0,15.0,0.46666666865348816,1.272345,0.795979,0.476367
test,"(116, 444)",226,1,29.0,1.0,1.0,2.022341,0.111640,1.910701
test,"(285, 110)",351,1,207.0,13.0,0.2415459007024765,4.597252,3.416702,1.180551
test,"(62, 67)",65,1,562.0,17.0,0.35943061113357544,3.656859,2.608467,1.048392
test,"(182, 79)",75,1,144.0,11.0,0.7291666865348816,3.287541,0.419672,2.867869
test,"(459, 180)",391,1,35.0,13.0,0.20000000298023224,4.745198,1.986931,2.758267
test,"(134, 32)",67,1,542.0,45.0,0.11623616516590118,3.260509,2.206560,1.053950
test,"(417, 186)",310,1,2.0,2.0,0.5,4.746770,4.294201,0.452569
test,"(68, 215)",81,1,420.0,45.0,0.18571428954601288,3.430029,2.526239,0.903790
test,"(81, 88)",7,1,294.0,42.0,0.2857142984867096,1.823730,2.757516,-0.933785
test,"(133, 198)",88,1,61.0,1.0,1.0,4.553988,0.115160,4.438828
test,"(66, 366)",7,1,305.0,20.0,0.4098360538482666,3.515092,1.747172,1.767920
test,"(34, 177)",227,1,338.0,6.0,0.2869822382926941,3.204679,2.101909,1.102770
test,"(121, 285)",123,1,99.0,7.0,0.46464645862579346,2.818399,1.631363,1.187036
test,"(238, 476)",226,1,61.0,2.0,0.6557376980781555,0.536450,0.440030,0.096420
test,"(128, 152)",127,1,126.0,17.0,0.2539682686328888,2.684274,1.762641,0.921633
test,"(251, 254)",112,1,326.0,11.0,0.42944785952568054,2.618831,2.400034,0.218796
test,"(285, 110)",351,1,207.0,13.0,0.2415459007024765,4.819827,3.422849,1.396978
test,"(110, 351)",302,1,15.0,5.0,0.4000000059604645,7.093678,9.021433,-1.927755
test,"(404, 189)",408,1,654.0,19.0,0.38685014843940735,3.621714,1.748624,1.873090
test,"(177, 327)",82,1,146.0,8.0,0.9452054500579834,2.019323,0.145100,1.874224
test,"(43, 68)",64,1,92.0,6.0,0.3478260934352875,3.928424,2.485943,1.442481
test,"(189, 134)",68,1,667.0,50.0,0.2353823035955429,3.948483,2.955874,0.992609
test,"(311, 189)",134,1,159.0,20.0,0.29559749364852905,1.919400,2.118536,-0.199135
test,"(1, 207)",26,1,8.0,1.0,1.0,2.152358,3.919062,-1.766704
test,"(78, 73)",72,1,90.0,2.0,0.9888888597488403,3.728688,0.121291,3.607397
test,"(237, 248)",232,1,359.0,3.0,0.9944289922714233,1.179394,0.077840,1.101555
test,"(269, 337)",300,1,371.0,51.0,0.14016172289848328,8.538469,10.104179,-1.565709
test,"(249, 342)",207,1,611.0,27.0,0.23567920923233032,6.713102,3.445015,3.268088
test,"(202, 184)",218,1,482.0,24.0,0.4045643210411072,2.442000,0.986033,1.455967
test,"(492, 229)",409,1,42.0,19.0,0.3333333432674408,2.558311,2.206303,0.352008
test,"(180, 337)",60,1,340.0,35.0,0.520588219165802,1.444947,0.676838,0.768109
test,"(289, 401)",13,1,338.0,29.0,0.20118343830108643,1.754165,1.574167,0.179998
test,"(64, 244)",82,1,173.0,25.0,0.2023121416568756,2.847660,1.648440,1.199220
test,"(134, 196)",25,1,637.0,28.0,0.5023548007011414,2.636922,0.774008,1.862914
test,"(274, 25)",213,1,87.0,16.0,0.3448275923728943,4.160909,4.133424,0.027485
test,"(198, 177)",11,1,60.0,8.0,0.4833333194255829,4.034110,5.919739,-1.885629
test,"(432, 293)",243,1,196.0,1.0,1.0,2.866588,0.101935,2.764653
test,"(245, 207)",8,1,265.0,15.0,0.2188679277896881,2.899268,2.188961,0.710307
test,"(58, 60)",218,1,543.0,17.0,0.2688766121864319,3.015065,2.231309,0.783755
test,"(218, 388)",408,1,312.0,10.0,0.6314102411270142,3.096317,1.836512,1.259805
test,"(110, 439)",201,1,34.0,5.0,0.7352941036224365,1.003152,0.345324,0.657828
test,"(193, 134)",187,1,864.0,79.0,0.08796296268701553,5.538054,4.152348,1.385705
test,"(197, 7)",81,1,122.0,27.0,0.23770491778850555,5.559913,6.696319,-1.136406
test,"(244, 416)",134,1,2.0,1.0,1.0,1.949667,2.891154,-0.941487
test,"(378, 13)",79,1,48.0,31.0,0.0833333358168602,2.915013,3.548119,-0.633106
test,"(173, 378)",434,1,689.0,21.0,0.8359941840171814,9.122877,11.280304,-2.157427
test,"(270, 249)",342,1,12.0,4.0,0.6666666865348816,2.577920,0.516384,2.061536
test,"(25, 278)",85,1,81.0,32.0,0.2839506268501282,4.863712,2.450447,2.413266
test,"(278, 85)",200,1,41.0,7.0,0.3414634168148041,2.372957,1.406134,0.966823
test,"(78, 87)",50,1,79.0,20.0,0.3544303774833679,7.220283,1.164929,6.055354
test,"(374, 228)",173,1,514.0,1.0,1.0,0.520380,0.042407,0.477974
test,"(72, 65)",324,1,377.0,27.0,0.2864721417427063,2.081151,1.975191,0.105960
test,"(498, 66)",464,1,317.0,1.0,1.0,1.401136,0.080577,1.320559
test,"(197, 13)",75,1,26.0,14.0,0.1538461595773697,4.029511,5.187983,-1.158472
test,"(207, 92)",302,1,286.0,17.0,0.35664334893226624,2.553707,3.778704,-1.224997
test,"(325, 208)",253,1,361.0,24.0,0.4515235424041748,0.615321,0.736276,-0.120955
test,"(22, 506)",12,0,0.0,0.0,0.0,0.226145,0.247936,-0.021791
test,"(324, 67)",1,1,293.0,26.0,0.351535826921463,5.878407,3.655669,2.222738
test,"(292, 253)",29,1,1291.0,1.0,1.0,0.084169,0.008364,0.075805
test,"(69, 83)",8,1,216.0,34.0,0.18518517911434174,4.176929,4.761703,-0.584773
test,"(83, 8)",416,1,173.0,22.0,0.21387283504009247,8.504156,5.015115,3.489041
test,"(200, 7)",353,1,283.0,14.0,0.9328621625900269,2.621599,0.168287,2.453312
test,"(325, 484)",224,1,59.0,1.0,1.0,2.321816,0.106183,2.215633
test,"(463, 34)",200,1,130.0,3.0,0.8230769038200378,6.498274,8.771387,-2.273113
test,"(72, 173)",76,1,190.0,16.0,0.4000000059604645,2.487669,0.999602,1.488067
test,"(353, 256)",75,1,8.0,1.0,1.0,1.330410,0.147113,1.183297
test,"(229, 212)",112,1,136.0,20.0,0.1985294073820114,2.942276,1.673210,1.269066
test,"(260, 13)",224,1,9.0,7.0,0.2222222238779068,6.296161,7.653920,-1.357759
test,"(112, 201)",251,1,336.0,13.0,0.601190447807312,4.071956,5.574762,-1.502806
test,"(83, 77)",225,1,40.0,11.0,0.20000000298023224,7.751640,2.981144,4.770497
test,"(416, 224)",362,1,42.0,7.0,0.3333333432674408,6.344000,7.670676,-1.326676
test,"(50, 71)",261,1,97.0,6.0,0.6494845151901245,1.480676,1.851461,-0.370784
test,"(177, 7)",449,1,65.0,20.0,0.1230769231915474,10.614793,9.072869,1.541924
test,"(218, 331)",51,1,7.0,5.0,0.2857142984867096,4.512957,1.668573,2.844385
test,"(185, 272)",252,1,199.0,2.0,0.909547746181488,0.055017,0.087654,-0.032637
test,"(284, 14)",92,1,530.0,5.0,0.3849056661128998,2.352426,1.036096,1.316330
test,"(18, 213)",12,1,114.0,7.0,0.6929824352264404,3.795440,2.469506,1.325933
test,"(73, 84)",179,1,421.0,1.0,1.0,1.544919,0.083520,1.461399
test,"(483, 82)",13,1,134.0,19.0,0.44029849767684937,2.257956,2.442167,-0.184211
test,"(1, 258)",88,1,42.0,2.0,0.6428571343421936,1.722531,0.533198,1.189333
test,"(111, 254)",112,1,48.0,5.0,0.375,2.496323,1.079007,1.417316
test,"(497, 254)",120,1,177.0,9.0,0.46327683329582214,2.068673,2.944727,-0.876055
test,"(77, 225)",83,1,3.0,1.0,1.0,5.297982,0.390832,4.907150
test,"(83, 77)",12,1,40.0,11.0,0.20000000298023224,4.687838,2.601234,2.086604
test,"(191, 463)",50,1,21.0,3.0,0.4761904776096344,2.683765,4.262827,-1.579062
test,"(245, 189)",14,1,102.0,16.0,0.529411792755127,4.511702,0.746636,3.765065
test,"(87, 12)",19,1,405.0,18.0,0.21975308656692505,3.831338,1.938661,1.892677
test,"(1, 347)",399,1,84.0,12.0,0.2023809552192688,2.631667,2.301921,0.329746
test,"(298, 74)",282,1,488.0,29.0,0.7049180269241333,0.963567,0.392740,0.570827
test,"(14, 92)",325,1,204.0,10.0,0.2647058963775635,3.859131,3.131572,0.727559
test,"(200, 78)",84,1,4.0,2.0,0.5,5.491086,1.249476,4.241610
test,"(8, 13)",64,1,502.0,57.0,0.12549801170825958,7.862143,8.560570,-0.698427
test,"(364, 266)",324,1,28.0,1.0,1.0,3.464381,0.128617,3.335764
test,"(1, 207)",92,1,8.0,1.0,1.0,1.288757,0.164283,1.124474
test,"(200, 7)",353,1,283.0,14.0,0.9328621625900269,2.701220,0.168945,2.532274
test,"(370, 8)",1,1,8.0,7.0,0.25,7.288610,3.500866,3.787744
test,"(234, 71)",178,1,293.0,33.0,0.255972683429718,4.890488,1.470298,3.420190
test,"(71, 178)",13,1,80.0,9.0,0.75,3.653268,3.209448,0.443820
test,"(76, 183)",233,1,3.0,3.0,0.3333333432674408,6.315107,5.203461,1.111646
test,"(208, 253)",272,1,1496.0,16.0,0.8041443824768066,0.176978,0.210659,-0.033682
test,"(208, 485)",347,1,347.0,16.0,0.2046109437942505,2.793649,2.261348,0.532301
test,"(433, 224)",484,1,80.0,12.0,0.44999998807907104,4.205174,5.205015,-0.999841
test,"(40, 43)",36,1,317.0,13.0,0.8832807540893555,1.048970,0.182909,0.866062
test,"(176, 192)",67,1,173.0,17.0,0.4450867176055908,3.576503,1.564326,2.012177
test,"(324, 386)",77,1,293.0,1.0,1.0,1.296994,0.077220,1.219774
test,"(389, 133)",133,1,894.0,13.0,0.7203579545021057,1.096879,1.340859,-0.243980
test,"(134, 31)",47,1,700.0,31.0,0.23999999463558197,4.404668,2.818617,1.586051
test,"(6, 313)",199,1,186.0,5.0,0.8333333134651184,2.017794,0.272396,1.745398
test,"(465, 71)",82,1,31.0,7.0,0.35483869910240173,5.050081,1.205887,3.844194
test,"(423, 179)",64,1,37.0,1.0,1.0,5.622929,0.125228,5.497701
test,"(179, 64)",242,1,50.0,2.0,0.7400000095367432,3.884079,0.421872,3.462206
test,"(192, 26)",343,1,57.0,9.0,0.28070175647735596,2.993093,2.076403,0.916689
test,"(82, 87)",133,1,77.0,3.0,0.9740259647369385,3.660023,0.138095,3.521929
test,"(389, 133)",404,1,894.0,13.0,0.7203579545021057,0.900407,0.372165,0.528241
test,"(363, 425)",393,1,65.0,2.0,0.7384615540504456,2.491112,0.408574,2.082539
test,"(25, 199)",236,1,2122.0,114.0,0.12205466628074646,5.067079,4.774209,0.292870
test,"(330, 7)",186,1,86.0,20.0,0.3372093141078949,7.495662,4.280344,3.215319
test,"(8, 291)",266,1,1310.0,44.0,0.3946564793586731,4.264787,2.678233,1.586554
test,"(12, 457)",442,1,824.0,24.0,0.4223301112651825,2.329160,1.551967,0.777194
test,"(253, 272)",252,1,1204.0,2.0,0.9493355751037598,0.073883,0.053666,0.020218
test,"(217, 12)",86,1,317.0,9.0,0.6719242930412292,3.252118,0.498545,2.753573
test,"(75, 322)",304,1,293.0,7.0,0.6621160507202148,2.883897,1.810504,1.073393
test,"(185, 426)",232,1,438.0,1.0,1.0,0.125032,0.012497,0.112535
test,"(362, 12)",86,1,677.0,17.0,0.43279173970222473,3.095139,2.262714,0.832424
test,"(29, 193)",134,1,273.0,5.0,0.5824176073074341,2.519229,1.553361,0.965868
test,"(311, 230)",186,1,177.0,15.0,0.38418078422546387,4.623610,1.065954,3.557656
test,"(134, 474)",296,1,402.0,56.0,0.17910447716712952,4.245758,3.869899,0.375859
test,"(82, 12)",77,1,121.0,21.0,0.28925618529319763,5.090807,2.036824,3.053983
test,"(287, 12)",23,1,340.0,8.0,0.3735294044017792,3.903386,3.836550,0.066835
test,"(164, 285)",110,1,76.0,7.0,0.5,2.927831,4.228374,-1.300543
test,"(62, 40)",51,1,70.0,3.0,0.6000000238418579,4.499197,2.872812,1.626385
test,"(345, 299)",469,1,55.0,21.0,0.1818181872367859,4.400580,1.851425,2.549155
test,"(77, 64)",85,1,37.0,4.0,0.5405405163764954,3.679228,1.187698,2.491530
test,"(473, 83)",217,1,58.0,2.0,0.9655172228813171,3.557273,0.149855,3.407418
test,"(469, 208)",50,1,8.0,3.0,0.75,3.586673,3.350067,0.236606
test,"(281, 375)",75,1,4.0,1.0,1.0,2.124707,0.284954,1.839752
test,"(222, 68)",12,1,622.0,46.0,0.28938907384872437,3.221215,1.439616,1.781600
test,"(199, 78)",79,1,65.0,10.0,0.5384615659713745,2.669322,0.724069,1.945252
test,"(322, 267)",79,1,194.0,1.0,1.0,0.418986,0.036746,0.382240
test,"(222, 68)",12,1,622.0,46.0,0.28938907384872437,3.201032,1.439272,1.761759
test,"(78, 79)",222,1,341.0,39.0,0.31085044145584106,3.349063,1.261685,2.087379
test,"(12, 87)",12,1,452.0,4.0,0.5508849620819092,2.100652,2.512171,-0.411519
test,"(12, 87)",12,1,452.0,4.0,0.5508849620819092,2.076565,2.508499,-0.431934
test,"(112, 201)",229,1,336.0,13.0,0.601190447807312,0.645706,0.514687,0.131019
test,"(71, 13)",83,1,261.0,35.0,0.17241379618644714,2.754340,4.205219,-1.450880
test,"(323, 26)",195,1,656.0,22.0,0.38871949911117554,2.427639,1.015260,1.412380
test,"(78, 188)",185,1,657.0,14.0,0.5190258622169495,2.197230,1.142789,1.054441
test,"(323, 8)",291,1,135.0,5.0,0.5333333611488342,2.213299,0.715232,1.498067
test,"(25, 290)",200,1,95.0,18.0,0.24210526049137115,4.391736,2.325822,2.065914
test,"(340, 40)",173,1,28.0,2.0,0.6071428656578064,3.973559,1.097053,2.876506
test,"(287, 72)",13,1,389.0,29.0,0.36760926246643066,3.936886,1.102354,2.834532
test,"(25, 194)",202,1,222.0,14.0,0.47297295928001404,2.486540,0.838182,1.648359
test,"(0, 319)",74,1,9.0,3.0,0.5555555820465088,1.587197,0.724851,0.862346
test,"(7, 90)",508,1,702.0,49.0,0.15099714696407318,4.787459,4.343076,0.444384
test,"(218, 245)",207,1,553.0,32.0,0.2151898741722107,2.120888,1.571542,0.549346
test,"(507, 388)",302,1,18.0,5.0,0.5,2.042518,1.615990,0.426528
test,"(112, 476)",238,1,45.0,6.0,0.8888888955116272,3.944987,0.229580,3.715406
test,"(189, 195)",363,1,681.0,43.0,0.30837005376815796,5.915961,4.252097,1.663864
test,"(14, 83)",459,1,178.0,16.0,0.32022473216056824,2.703282,1.299258,1.404024
test,"(471, 51)",459,1,25.0,3.0,0.6399999856948853,2.784298,0.581224,2.203075
test,"(133, 404)",189,1,1049.0,23.0,0.6234509348869324,0.254240,0.435227,-0.180986
test,"(70, 84)",479,1,89.0,4.0,0.5393258333206177,4.983089,1.631092,3.351997
test,"(66, 178)",190,1,211.0,11.0,0.23222748935222626,5.938898,2.604199,3.334699
test,"(186, 134)",31,1,1054.0,89.0,0.07020872831344604,2.117452,2.685357,-0.567905
test,"(503, 13)",83,1,697.0,42.0,0.15494978427886963,3.855508,2.656422,1.199086
test,"(14, 14)",472,1,553.0,41.0,0.49005424976348877,3.354380,0.808816,2.545564
test,"(13, 340)",62,1,669.0,28.0,0.3423019349575043,1.233467,2.553961,-1.320494
test,"(170, 186)",375,1,251.0,36.0,0.262948215007782,4.219328,2.447327,1.772001
test,"(84, 196)",13,1,43.0,11.0,0.23255814611911774,4.739675,6.856615,-2.116939
test,"(62, 196)",11,1,801.0,37.0,0.2821473181247711,3.434654,2.397894,1.036759
test,"(196, 11)",224,1,318.0,46.0,0.11320754885673523,2.866303,2.215402,0.650901
test,"(25, 308)",83,1,155.0,10.0,0.9096774458885193,1.889536,0.176902,1.712633
test,"(179, 268)",133,1,25.0,9.0,0.36000001430511475,2.565141,3.591246,-1.026104
test,"(399, 75)",88,1,64.0,2.0,0.578125,3.293153,0.984408,2.308745
test,"(83, 321)",180,1,465.0,36.0,0.21935483813285828,1.858991,1.513366,0.345625
test,"(7, 328)",134,1,7.0,6.0,0.2857142984867096,1.845439,1.430404,0.415035
test,"(196, 25)",308,1,489.0,31.0,0.3108384311199188,3.112441,2.255765,0.856677
test,"(327, 81)",88,1,169.0,2.0,0.9940828680992126,4.400631,0.114042,4.286589
test,"(413, 134)",327,1,67.0,17.0,0.46268656849861145,5.476752,2.190142,3.286610
test,"(134, 327)",81,1,119.0,4.0,0.6302521228790283,1.911651,0.546602,1.365049
test,"(193, 311)",134,1,387.0,42.0,0.24547803401947021,1.384435,1.372077,0.012358
test,"(133, 170)",186,1,368.0,7.0,0.6820651888847351,1.055130,0.427569,0.627561
test,"(35, 68)",188,1,359.0,14.0,0.37883007526397705,4.060971,1.442436,2.618535
test,"(224, 183)",75,1,106.0,28.0,0.12264151126146317,3.811456,3.150838,0.660618
test,"(183, 324)",188,1,284.0,7.0,0.7605633735656738,8.482586,2.159236,6.323350
test,"(505, 25)",264,1,77.0,14.0,0.4025973975658417,3.656023,4.872115,-1.216092
test,"(134, 300)",330,1,475.0,11.0,0.39157894253730774,2.285296,1.790997,0.494299
test,"(81, 178)",25,1,699.0,49.0,0.23032903671264648,2.891973,1.831611,1.060362
test,"(46, 86)",77,1,9.0,1.0,1.0,4.378263,0.190662,4.187602
test,"(256, 76)",76,1,202.0,16.0,0.5643564462661743,3.900966,0.677566,3.223400
test,"(76, 76)",205,1,158.0,8.0,0.474683552980423,1.738884,2.005004,-0.266120
test,"(28, 77)",223,1,53.0,4.0,0.7924528121948242,1.400013,3.570225,-2.170212
test,"(71, 7)",83,1,150.0,32.0,0.15333333611488342,2.914245,4.411766,-1.497521
test,"(64, 70)",62,1,604.0,37.0,0.4867549538612366,2.512240,3.939329,-1.427089
test,"(70, 13)",84,1,172.0,38.0,0.13372093439102173,4.541535,5.797201,-1.255666
test,"(472, 324)",244,1,4.0,1.0,1.0,2.226678,0.281260,1.945418
test,"(8, 193)",311,1,697.0,38.0,0.19368723034858704,1.800373,2.237466,-0.437093
test,"(384, 11)",508,1,158.0,24.0,0.15189872682094574,5.453991,7.029516,-1.575526
test,"(193, 311)",496,1,387.0,42.0,0.24547803401947021,4.452862,3.007547,1.445315
test,"(80, 84)",176,1,561.0,13.0,0.3707664906978607,2.422846,1.072584,1.350262
test,"(69, 286)",316,1,439.0,32.0,0.20501138269901276,5.049048,3.001461,2.047587
test,"(361, 228)",335,1,8.0,2.0,0.875,0.341092,0.224461,0.116631
test,"(335, 240)",69,1,7.0,1.0,1.0,2.166832,0.191102,1.975730
test,"(464, 62)",206,1,44.0,8.0,0.25,7.607166,3.640850,3.966316
test,"(70, 70)",176,1,371.0,6.0,0.42587602138519287,3.466221,1.210580,2.255641
test,"(133, 198)",88,1,61.0,1.0,1.0,5.145594,0.115688,5.029906
test,"(134, 33)",413,1,333.0,50.0,0.12912912666797638,3.625950,2.927406,0.698544
test,"(33, 413)",34,1,75.0,20.0,0.5066666603088379,4.345536,2.166899,2.178637
test,"(252, 182)",76,1,46.0,4.0,0.9130434989929199,3.096196,4.394579,-1.298384
test,"(115, 502)",201,1,67.0,8.0,0.38805970549583435,2.349702,1.030944,1.318758
test,"(175, 66)",75,1,83.0,2.0,0.9759036302566528,3.196686,0.133469,3.063216
test,"(66, 75)",84,1,407.0,12.0,0.4004913866519928,3.106639,1.010747,2.095892
test,"(51, 62)",51,1,98.0,15.0,0.15306122601032257,4.068659,2.010631,2.058028
test,"(285, 110)",444,1,207.0,13.0,0.2415459007024765,2.149226,1.478527,0.670699
test,"(13, 356)",133,1,95.0,6.0,0.7157894968986511,1.315314,2.387451,-1.072137
test,"(494, 134)",261,1,32.0,8.0,0.46875,6.139850,1.456181,4.683669
test,"(82, 134)",280,1,518.0,77.0,0.11776062101125717,4.552060,2.360318,2.191742
test,"(78, 84)",65,1,145.0,20.0,0.4000000059604645,2.834072,2.190396,0.643676
test,"(82, 191)",425,1,69.0,9.0,0.43478259444236755,1.584524,0.864779,0.719745
test,"(191, 425)",419,1,511.0,43.0,0.19960860908031464,6.366030,4.185891,2.180139
test,"(39, 52)",45,1,18.0,1.0,1.0,2.927948,0.140546,2.787402
test,"(62, 77)",386,1,453.0,20.0,0.33112582564353943,4.655273,4.633160,0.022113
test,"(190, 18)",17,1,19.0,1.0,1.0,2.653903,0.135273,2.518630
test,"(58, 60)",419,1,543.0,17.0,0.2688766121864319,4.665611,6.546394,-1.880783
test,"(7, 18)",427,1,30.0,7.0,0.30000001192092896,6.758485,2.686764,4.071721
test,"(62, 84)",11,1,25.0,7.0,0.3199999928474426,6.723252,8.499611,-1.776359
test,"(289, 83)",321,1,66.0,5.0,0.8787878751754761,3.490028,0.240726,3.249303
test,"(202, 62)",86,1,478.0,44.0,0.12133891135454178,3.964050,5.015082,-1.051032
test,"(7, 85)",83,1,253.0,19.0,0.3122529685497284,4.870669,6.958760,-2.088091
test,"(83, 180)",382,1,206.0,32.0,0.3203883469104767,5.292731,5.043692,0.249040
test,"(264, 360)",83,1,47.0,8.0,0.5957446694374084,3.467765,5.766894,-2.299129
test,"(62, 85)",83,1,229.0,14.0,0.34061136841773987,5.208836,7.269953,-2.061118
test,"(180, 134)",237,1,1339.0,86.0,0.08513816446065903,5.678792,4.879465,0.799328
test,"(256, 445)",343,1,399.0,45.0,0.1303258091211319,6.121401,7.109595,-0.988194
test,"(303, 459)",13,1,32.0,10.0,0.28125,3.666912,3.223492,0.443420
test,"(88, 268)",186,1,102.0,17.0,0.29411765933036804,1.894175,2.416567,-0.522392
test,"(15, 25)",264,1,101.0,18.0,0.20792078971862793,3.292871,4.821911,-1.529039
test,"(84, 85)",62,1,2.0,2.0,0.5,2.795754,1.897610,0.898144
test,"(196, 134)",187,1,114.0,14.0,0.28070175647735596,3.559843,5.654188,-2.094345
test,"(30, 13)",69,1,485.0,46.0,0.12783505022525787,2.448817,3.319463,-0.870646
test,"(505, 207)",367,1,10.0,2.0,0.8999999761581421,2.043760,0.254803,1.788957
test,"(189, 134)",314,1,667.0,50.0,0.2353823035955429,5.283867,2.949372,2.334495
test,"(82, 14)",83,1,550.0,57.0,0.1581818163394928,4.888773,2.810492,2.078281
test,"(505, 35)",319,0,0.0,0.0,0.0,2.122247,2.676129,-0.553883
test,"(65, 82)",66,1,50.0,10.0,0.6399999856948853,4.574590,0.567430,4.007160
test,"(400, 318)",448,1,59.0,1.0,1.0,0.984834,0.072242,0.912592
test,"(426, 487)",7,1,398.0,11.0,0.4246231019496918,3.219581,1.731868,1.487714
test,"(349, 50)",176,0,0.0,0.0,0.0,2.718011,2.657877,0.060133
test,"(47, 176)",72,1,38.0,6.0,0.3684210479259491,5.309560,1.151293,4.158267
test,"(134, 22)",284,1,76.0,20.0,0.14473684132099152,5.551136,4.155983,1.395153
test,"(22, 284)",134,1,2.0,1.0,1.0,1.205945,0.362722,0.843223
test,"(32, 76)",78,1,6.0,2.0,0.6666666865348816,2.916146,1.572718,1.343428
test,"(311, 189)",224,1,159.0,20.0,0.29559749364852905,3.251353,2.495092,0.756261
test,"(264, 183)",241,1,69.0,17.0,0.2028985470533371,2.444973,1.644254,0.800718
test,"(182, 274)",47,1,371.0,34.0,0.32614555954933167,4.981579,3.742215,1.239364
test,"(75, 217)",35,1,44.0,13.0,0.6136363744735718,6.168002,5.012207,1.155795
test,"(75, 88)",47,1,313.0,54.0,0.11821085959672928,6.992267,7.755820,-0.763553
test,"(503, 13)",66,1,697.0,42.0,0.15494978427886963,2.599713,2.475647,0.124066
test,"(34, 379)",82,1,39.0,8.0,0.6153846383094788,7.399686,6.371776,1.027910
test,"(471, 50)",84,1,9.0,3.0,0.4444444477558136,2.849534,1.422925,1.426610
test,"(320, 495)",25,1,273.0,7.0,0.831501841545105,0.820180,0.229359,0.590821
test,"(82, 84)",65,1,321.0,10.0,0.3333333432674408,2.900253,1.188895,1.711357
test,"(235, 505)",13,1,302.0,33.0,0.23178808391094208,4.249070,3.140675,1.108395
test,"(52, 47)",35,1,26.0,7.0,0.3076923191547394,5.376892,1.374200,4.002692
test,"(71, 206)",86,1,156.0,4.0,0.9102563858032227,2.565099,0.192592,2.372507
test,"(505, 8)",191,1,11.0,4.0,0.6363636255264282,6.124336,6.683808,-0.559472
test,"(67, 72)",192,1,642.0,16.0,0.37071651220321655,8.713241,7.897364,0.815877
test,"(184, 77)",67,1,255.0,7.0,0.3803921639919281,3.069578,1.608075,1.461502
test,"(349, 25)",266,1,77.0,11.0,0.2857142984867096,5.516499,4.169838,1.346661
test,"(66, 235)",505,1,337.0,4.0,0.8961424231529236,0.452229,0.138562,0.313667
test,"(274, 47)",176,1,10.0,2.0,0.800000011920929,5.281393,2.162814,3.118579
test,"(445, 193)",207,1,19.0,9.0,0.3684210479259491,3.192489,3.701467,-0.508978
test,"(66, 235)",505,1,337.0,4.0,0.8961424231529236,0.489994,0.141274,0.348720
test,"(30, 13)",256,1,485.0,46.0,0.12783505022525787,4.058166,4.564293,-0.506128
test,"(242, 494)",35,1,113.0,24.0,0.20353981852531433,6.432005,2.973051,3.458954
test,"(420, 88)",77,1,551.0,1.0,1.0,2.041878,0.092283,1.949596
test,"(182, 274)",50,1,371.0,34.0,0.32614555954933167,4.595915,6.880062,-2.284147
test,"(50, 84)",65,1,190.0,5.0,0.6947368383407593,2.618110,0.462061,2.156049
test,"(330, 452)",231,0,0.0,0.0,0.0,3.866612,4.201405,-0.334793
test,"(52, 79)",70,1,74.0,10.0,0.44594594836235046,5.735001,4.156701,1.578300
test,"(264, 134)",247,1,396.0,55.0,0.12121212482452393,3.760639,3.923782,-0.163143
test,"(11, 264)",213,1,254.0,34.0,0.22047244012355804,2.325796,2.653573,-0.327777
test,"(25, 310)",279,1,210.0,3.0,0.9714285731315613,0.473815,0.066834,0.406981
test,"(242, 233)",88,1,50.0,1.0,1.0,8.103370,0.120165,7.983205
test,"(25, 134)",20,1,1784.0,97.0,0.08464125543832779,3.775179,4.216563,-0.441384
test,"(83, 25)",337,1,339.0,32.0,0.2566371560096741,3.741294,5.742865,-2.001572
test,"(201, 229)",254,1,688.0,33.0,0.21656976640224457,2.790391,2.082185,0.708206
test,"(127, 167)",201,1,107.0,10.0,0.5981308221817017,3.495447,3.727099,-0.231651
test,"(439, 201)",259,1,270.0,38.0,0.25925925374031067,4.117648,3.607172,0.510476
test,"(128, 141)",226,1,238.0,18.0,0.5630252361297607,1.994385,0.623834,1.370550
test,"(221, 212)",121,1,368.0,17.0,0.24184782803058624,3.147526,1.495895,1.651632
test,"(507, 224)",183,1,71.0,17.0,0.2112676054239273,3.103270,3.299607,-0.196338
test,"(183, 202)",66,1,25.0,2.0,0.9599999785423279,4.479623,4.588090,-0.108466
test,"(185, 189)",193,1,6.0,2.0,0.6666666865348816,2.912163,1.570330,1.341833
test,"(451, 220)",192,1,136.0,1.0,1.0,0.625423,0.051141,0.574283
test,"(235, 202)",25,1,21.0,13.0,0.1428571492433548,4.664580,4.693378,-0.028798
test,"(495, 25)",189,1,227.0,4.0,0.8193832635879517,1.767552,0.284781,1.482770
test,"(281, 11)",258,1,92.0,25.0,0.1304347813129425,4.389037,5.873801,-1.484764
test,"(180, 432)",72,1,42.0,7.0,0.5714285969734192,2.125598,0.614896,1.510702
test,"(92, 133)",133,1,751.0,21.0,0.9094540476799011,0.881788,0.146446,0.735343
test,"(72, 14)",74,1,101.0,25.0,0.12871287763118744,4.142505,3.206961,0.935544
test,"(13, 83)",82,1,1034.0,21.0,0.1847195327281952,3.360392,1.789142,1.571250
test,"(65, 464)",14,1,152.0,26.0,0.19078947603702545,3.240884,1.741596,1.499288
test,"(42, 77)",312,1,97.0,1.0,1.0,3.433991,0.109257,3.324735
test,"(29, 189)",195,1,180.0,4.0,0.550000011920929,1.483052,0.662878,0.820174
test,"(14, 74)",77,1,44.0,4.0,0.9090909361839294,6.236302,0.217443,6.018860
test,"(82, 14)",474,1,550.0,57.0,0.1581818163394928,3.052062,1.975213,1.076850
test,"(420, 88)",77,1,551.0,1.0,1.0,2.020971,0.091982,1.928989
test,"(194, 237)",248,1,311.0,3.0,0.852090060710907,0.523018,0.191891,0.331127
test,"(34, 192)",70,1,183.0,1.0,1.0,1.005204,0.068953,0.936251
test,"(323, 26)",195,1,656.0,22.0,0.38871949911117554,1.708691,0.989953,0.718737
test,"(454, 218)",195,1,33.0,6.0,0.5757575631141663,1.497759,0.615870,0.881889
test,"(70, 487)",7,1,232.0,27.0,0.19396552443504333,3.408098,1.910961,1.497137
test,"(192, 70)",178,1,329.0,4.0,0.7051671743392944,5.798596,1.690788,4.107808
test,"(14, 474)",196,1,108.0,17.0,0.25,2.886709,1.513172,1.373536
test,"(420, 88)",77,1,551.0,1.0,1.0,1.300068,0.076751,1.223317
test,"(66, 194)",237,1,128.0,4.0,0.875,3.099517,0.237916,2.861601
test,"(188, 7)",79,1,173.0,35.0,0.10982658714056015,3.620212,2.977670,0.642542
test,"(25, 323)",11,1,966.0,13.0,0.4399586021900177,3.188307,1.731867,1.456439
test,"(74, 68)",88,1,717.0,37.0,0.651324987411499,2.580825,0.519268,2.061557
test,"(295, 25)",249,1,80.0,12.0,0.42500001192092896,4.514598,2.234419,2.280179
test,"(184, 27)",42,1,237.0,19.0,0.2320675104856491,5.990932,2.831968,3.158964
test,"(453, 83)",298,1,159.0,1.0,1.0,1.525896,0.085940,1.439956
test,"(231, 82)",13,1,706.0,15.0,0.3243626058101654,3.196612,2.139279,1.057333
test,"(77, 312)",188,1,287.0,12.0,0.5365853905677795,3.274556,0.715339,2.559217
test,"(42, 65)",38,1,40.0,4.0,0.6000000238418579,7.635904,9.890332,-2.254428
test,"(311, 231)",82,1,134.0,8.0,0.7985074520111084,0.854460,0.262625,0.591834
test,"(34, 82)",85,0,0.0,0.0,0.0,6.612788,7.485908,-0.873120
test,"(52, 49)",43,1,104.0,8.0,0.7884615659713745,3.264534,0.344133,2.920401
test,"(91, 134)",24,1,136.0,14.0,0.4852941036224365,6.115557,6.222036,-0.106479
test,"(58, 39)",46,1,8.0,3.0,0.375,2.892779,1.302941,1.589837
test,"(134, 188)",83,1,250.0,10.0,0.31200000643730164,3.586605,1.267728,2.318877
test,"(49, 51)",34,1,77.0,15.0,0.3896103799343109,3.396360,1.056449,2.339911
test,"(218, 186)",269,1,1021.0,27.0,0.46523016691207886,2.342297,2.008337,0.333960
test,"(46, 235)",70,1,20.0,1.0,1.0,3.351344,0.134988,3.216356
test,"(34, 177)",77,1,338.0,6.0,0.2869822382926941,4.637295,1.355777,3.281518
test,"(60, 180)",134,1,685.0,41.0,0.5240876078605652,2.107314,2.625522,-0.518208
test,"(0, 270)",289,1,127.0,22.0,0.3779527544975281,5.379747,6.077180,-0.697432
test,"(291, 189)",245,1,740.0,19.0,0.47162163257598877,1.619472,2.181550,-0.562078
test,"(134, 233)",70,1,349.0,9.0,0.5845271944999695,0.884934,0.562787,0.322148
test,"(233, 184)",67,1,213.0,22.0,0.22065727412700653,3.256823,2.026153,1.230670
test,"(54, 50)",268,1,19.0,8.0,0.2631579041481018,7.552812,9.465898,-1.913086
test,"(49, 43)",218,1,82.0,21.0,0.2195121943950653,7.235088,5.856249,1.378839
test,"(134, 17)",82,1,515.0,55.0,0.12038835138082504,3.722419,5.340444,-1.618025
test,"(218, 193)",331,1,571.0,29.0,0.2924693524837494,3.583172,2.978960,0.604212
test,"(281, 15)",218,1,183.0,29.0,0.2568306028842926,4.853082,2.334545,2.518537
test,"(195, 183)",366,1,248.0,15.0,0.5725806355476379,2.391916,0.641937,1.749979
test,"(494, 7)",268,1,40.0,6.0,0.3499999940395355,3.302414,1.192472,2.109942
test,"(72, 14)",66,1,101.0,25.0,0.12871287763118744,4.167603,2.168891,1.998713
test,"(357, 219)",25,1,264.0,20.0,0.625,2.698619,3.786657,-1.088038
test,"(60, 218)",343,1,250.0,14.0,0.5,4.174271,2.669668,1.504602
test,"(202, 184)",218,1,482.0,24.0,0.4045643210411072,2.202257,0.979736,1.222521
test,"(92, 1)",134,1,59.0,16.0,0.1355932205915451,3.059814,2.671382,0.388432
test,"(193, 207)",183,1,441.0,20.0,0.27210885286331177,3.915970,2.459521,1.456449
test,"(70, 70)",188,1,371.0,6.0,0.42587602138519287,5.023350,2.118031,2.905319
test,"(186, 207)",26,1,870.0,14.0,0.25287356972694397,2.264281,2.370502,-0.106220
test,"(64, 417)",13,1,167.0,31.0,0.113772451877594,3.164908,2.285020,0.879888
test,"(7, 184)",200,1,343.0,8.0,0.8892128467559814,5.016243,3.255877,1.760366
test,"(218, 343)",311,1,254.0,17.0,0.3897637724876404,2.512485,2.260581,0.251903
test,"(272, 252)",293,1,2224.0,26.0,0.254046767950058,4.307772,3.333580,0.974192
test,"(295, 397)",85,1,25.0,2.0,0.8799999952316284,2.179491,0.241512,1.937979
test,"(208, 253)",272,1,1496.0,16.0,0.8041443824768066,0.099596,0.202373,-0.102776
test,"(206, 75)",75,1,165.0,7.0,0.939393937587738,2.515178,0.161921,2.353257
test,"(75, 65)",200,1,67.0,4.0,0.7164179086685181,6.077601,0.452869,5.624732
test,"(64, 417)",13,1,167.0,31.0,0.113772451877594,3.451579,2.295413,1.156165
test,"(68, 88)",282,1,687.0,44.0,0.22270742058753967,3.009398,1.789764,1.219633
test,"(14, 462)",310,1,174.0,20.0,0.20114941895008087,4.947717,2.812932,2.134786
test,"(462, 92)",272,1,53.0,6.0,0.698113203048706,3.201183,4.596338,-1.395155
test,"(13, 437)",70,1,221.0,1.0,1.0,0.266707,0.025957,0.240750
test,"(5, 230)",264,1,199.0,21.0,0.18592964112758636,3.607107,1.988856,1.618251
test,"(134, 32)",79,1,542.0,45.0,0.11623616516590118,1.975933,2.407298,-0.431365
test,"(13, 83)",82,1,1034.0,21.0,0.1847195327281952,3.800070,1.796561,2.003509
test,"(78, 198)",265,1,2.0,1.0,1.0,4.202244,0.569519,3.632725
test,"(367, 199)",31,1,850.0,21.0,0.36352941393852234,3.161299,1.104103,2.057196
test,"(276, 389)",133,1,1.0,1.0,1.0,0.159575,0.160697,-0.001122
test,"(64, 70)",176,1,604.0,37.0,0.4867549538612366,3.563639,0.814892,2.748747
test,"(189, 183)",288,1,94.0,10.0,0.38297873735427856,9.090589,4.406553,4.684035
test,"(25, 134)",41,1,1784.0,97.0,0.08464125543832779,6.053040,5.189181,0.863859
test,"(234, 71)",301,1,293.0,33.0,0.255972683429718,3.710456,1.653049,2.057406
test,"(207, 92)",231,1,286.0,17.0,0.35664334893226624,7.275565,9.522192,-2.246627
test,"(265, 193)",213,1,1.0,1.0,1.0,3.352834,3.718511,-0.365677
test,"(241, 424)",25,1,104.0,5.0,0.7596153616905212,3.643657,2.129080,1.514577
test,"(353, 227)",12,1,40.0,1.0,1.0,0.839751,0.066477,0.773274
test,"(16, 182)",76,1,4.0,1.0,1.0,3.124420,0.295618,2.828803
test,"(177, 69)",361,1,94.0,5.0,0.7978723645210266,2.972773,0.332710,2.640062
test,"(14, 175)",214,1,10.0,4.0,0.4000000059604645,7.092366,1.589918,5.502448
test,"(14, 9)",13,1,293.0,16.0,0.40273037552833557,4.988032,4.865398,0.122634
test,"(224, 183)",324,1,106.0,28.0,0.12264151126146317,0.893578,2.312182,-1.418604
test,"(24, 18)",15,1,7.0,2.0,0.8571428656578064,2.344458,0.347546,1.996912
test,"(281, 25)",278,1,17.0,5.0,0.4117647111415863,4.285129,5.960778,-1.675649
test,"(416, 328)",134,1,1.0,1.0,1.0,1.861874,2.422599,-0.560725
test,"(264, 507)",224,1,14.0,4.0,0.7142857313156128,2.440118,2.230631,0.209487
test,"(264, 266)",185,1,30.0,14.0,0.2666666805744171,7.702079,4.880995,2.821084
test,"(83, 82)",87,1,482.0,37.0,0.2282157689332962,6.369720,1.986765,4.382955
test,"(69, 64)",483,1,402.0,9.0,0.8482587337493896,2.351545,0.258566,2.092979
test,"(14, 9)",134,1,293.0,16.0,0.40273037552833557,2.023720,0.973986,1.049733
test,"(196, 67)",197,1,190.0,2.0,0.8842105269432068,4.294006,0.231013,4.062993
test,"(1, 302)",29,1,153.0,2.0,0.9738562107086182,0.234858,0.046979,0.187880
test,"(68, 248)",6,1,641.0,47.0,0.17628705501556396,5.249691,5.508833,-0.259142
test,"(325, 292)",79,1,243.0,12.0,0.5925925970077515,3.724855,2.754257,0.970598
test,"(133, 69)",286,1,302.0,10.0,0.6754966974258423,2.004826,0.477668,1.527157
test,"(265, 11)",191,1,54.0,18.0,0.18518517911434174,3.761181,3.141471,0.619710
test,"(178, 276)",50,1,81.0,8.0,0.5308641791343689,6.912069,1.835555,5.076514
test,"(62, 196)",180,1,801.0,37.0,0.2821473181247711,3.183065,2.182253,1.000812
test,"(8, 133)",133,1,571.0,42.0,0.31873905658721924,1.481701,1.136547,0.345154
test,"(133, 133)",133,1,2512.0,71.0,0.19864650070667267,1.921479,1.619680,0.301798
test,"(293, 188)",28,1,573.0,54.0,0.38394415378570557,2.819736,3.555489,-0.735753
test,"(67, 82)",62,1,587.0,63.0,0.18739353120326996,3.429561,4.467199,-1.037638
test,"(82, 62)",67,1,488.0,44.0,0.11680328100919724,3.988296,5.345677,-1.357381
test,"(62, 83)",293,1,480.0,21.0,0.16458334028720856,4.709320,3.388445,1.320876
test,"(44, 62)",40,1,14.0,7.0,0.2857142984867096,3.644331,5.449117,-1.804786
test,"(31, 467)",175,1,3.0,1.0,1.0,8.277582,10.063006,-1.785424
test,"(428, 76)",134,1,150.0,34.0,0.25333333015441895,5.001372,2.855686,2.145686
test,"(134, 243)",455,1,507.0,9.0,0.8047337532043457,4.118377,2.066055,2.052322
test,"(418, 134)",504,1,261.0,13.0,0.4406130313873291,3.934910,2.145443,1.789467
test,"(67, 62)",504,1,469.0,45.0,0.1556503176689148,5.962397,5.359730,0.602666
test,"(193, 511)",7,1,124.0,2.0,0.9354838728904724,0.299526,0.082585,0.216941
test,"(8, 133)",198,1,571.0,42.0,0.31873905658721924,6.357550,3.708628,2.648921
test,"(333, 427)",186,1,12.0,2.0,0.8333333134651184,1.505072,0.307917,1.197155
test,"(110, 476)",226,1,114.0,12.0,0.5701754093170166,0.811079,0.558022,0.253057
test,"(302, 222)",330,0,0.0,0.0,0.0,3.200788,3.575259,-0.374471
test,"(338, 118)",229,1,197.0,15.0,0.3857868015766144,2.444535,1.826883,0.617652
test,"(193, 472)",235,1,3.0,3.0,0.3333333432674408,5.945255,4.843892,1.101362
test,"(28, 134)",504,1,255.0,33.0,0.18431372940540314,3.705760,3.989240,-0.283480
test,"(297, 249)",413,1,161.0,13.0,0.6459627151489258,1.915995,0.514618,1.401376
test,"(67, 62)",182,1,469.0,45.0,0.1556503176689148,2.439823,3.399633,-0.959810
test,"(184, 180)",472,1,81.0,17.0,0.3580246865749359,4.809782,6.326723,-1.516941
test,"(109, 128)",144,1,111.0,6.0,0.8108108043670654,1.594754,0.290331,1.304424
test,"(7, 34)",78,1,52.0,10.0,0.2884615361690521,3.237971,1.348549,1.889422
test,"(268, 343)",297,1,24.0,12.0,0.25,3.296768,2.225860,1.070908
test,"(278, 131)",166,1,29.0,1.0,1.0,0.089526,0.008669,0.080857
test,"(128, 149)",497,1,222.0,31.0,0.18918919563293457,4.870227,4.183649,0.686578
test,"(76, 280)",7,1,53.0,9.0,0.37735849618911743,4.936946,1.108181,3.828764
test,"(69, 324)",244,1,67.0,2.0,0.9552238583564758,2.100189,0.146880,1.953309
test,"(200, 417)",8,1,144.0,21.0,0.2361111044883728,3.629484,2.675944,0.953539
test,"(201, 229)",351,1,688.0,33.0,0.21656976640224457,1.965583,1.546321,0.419262
test,"(59, 77)",1,1,424.0,40.0,0.24056604504585266,3.722933,1.522789,2.200145
test,"(76, 134)",40,1,58.0,33.0,0.08620689809322357,4.640769,4.797639,-0.156870
test,"(36, 81)",81,1,223.0,1.0,1.0,3.342252,0.104691,3.237561
test,"(76, 62)",196,1,137.0,19.0,0.20437955856323242,2.833547,1.659285,1.174261
test,"(293, 464)",228,1,43.0,13.0,0.3488371968269348,5.946562,2.401827,3.544734
test,"(7, 37)",324,1,20.0,7.0,0.3499999940395355,5.332290,6.725410,-1.393120
test,"(244, 62)",196,1,117.0,14.0,0.3162393271923065,2.494256,1.231879,1.262377
test,"(467, 62)",196,1,78.0,10.0,0.6666666865348816,2.000015,0.494538,1.505478
test,"(196, 180)",28,1,256.0,26.0,0.33203125,3.608774,3.033491,0.575283
test,"(129, 164)",147,1,30.0,5.0,0.7666666507720947,6.496803,0.395907,6.100897
test,"(363, 366)",266,1,99.0,23.0,0.14141413569450378,7.273918,9.169936,-1.896018
test,"(186, 289)",65,1,142.0,18.0,0.4225352108478546,3.469701,0.955049,2.514652
test,"(77, 1)",305,1,103.0,11.0,0.43689319491386414,4.372214,3.184717,1.187498
test,"(500, 221)",251,1,90.0,9.0,0.2888889014720917,1.852775,1.334229,0.518546
test,"(119, 351)",127,1,472.0,33.0,0.31355932354927063,2.200459,1.668040,0.532418
test,"(14, 236)",190,1,127.0,2.0,0.960629940032959,1.330451,0.119286,1.211165
test,"(372, 14)",372,1,236.0,18.0,0.4406779706478119,2.337502,0.905802,1.431700
test,"(71, 13)",70,1,261.0,35.0,0.17241379618644714,5.266850,3.793435,1.473415
test,"(76, 177)",14,1,87.0,9.0,0.39080458879470825,3.423103,1.544623,1.878480
test,"(182, 274)",12,1,371.0,34.0,0.32614555954933167,5.812541,4.450140,1.362401
test,"(214, 66)",178,1,76.0,13.0,0.2368421107530594,3.543919,1.560427,1.983492
test,"(14, 84)",471,1,14.0,3.0,0.5,5.536693,2.488782,3.047911
test,"(298, 68)",11,1,448.0,34.0,0.3370535671710968,5.681123,2.924683,2.756440
test,"(315, 268)",508,1,20.0,1.0,1.0,5.378291,0.142757,5.235534
test,"(182, 261)",34,1,201.0,28.0,0.1890547275543213,4.093372,2.714804,1.378568
test,"(441, 473)",480,1,349.0,29.0,0.3094555735588074,7.422049,9.287647,-1.865598
test,"(192, 11)",245,1,58.0,12.0,0.36206895112991333,3.318419,4.903002,-1.584583
test,"(88, 317)",78,1,45.0,16.0,0.20000000298023224,6.337204,7.215273,-0.878069
test,"(78, 441)",473,1,207.0,19.0,0.6521739363670349,1.412554,0.456833,0.955721
test,"(441, 473)",8,1,349.0,29.0,0.3094555735588074,2.625319,2.040812,0.584507
test,"(186, 134)",31,1,1054.0,89.0,0.07020872831344604,1.941693,2.652013,-0.710320
test,"(134, 504)",218,1,371.0,41.0,0.4312668442726135,3.940710,4.834932,-0.894223
test,"(290, 200)",184,1,61.0,4.0,0.6721311211585999,2.943708,0.508329,2.435379
test,"(47, 403)",68,1,52.0,2.0,0.8461538553237915,5.340979,0.283816,5.057163
test,"(189, 186)",269,1,766.0,36.0,0.20757180452346802,2.656778,1.636405,1.020373
test,"(184, 77)",67,1,255.0,7.0,0.3803921639919281,2.842749,1.602188,1.240560
test,"(200, 184)",52,1,204.0,22.0,0.343137264251709,4.687241,1.795753,2.891488
test,"(186, 134)",31,1,1054.0,89.0,0.07020872831344604,2.268286,2.710373,-0.442087
test,"(11, 186)",134,1,483.0,43.0,0.4057970941066742,1.328123,0.918848,0.409274
test,"(319, 25)",134,1,44.0,4.0,0.5227272510528564,2.023408,0.741190,1.282218
test,"(128, 143)",201,1,271.0,25.0,0.2398523986339569,3.487654,3.238734,0.248920
test,"(13, 179)",200,1,507.0,15.0,0.20512820780277252,3.980370,2.150019,1.830351
test,"(14, 480)",193,1,3.0,2.0,0.6666666865348816,3.069137,3.936382,-0.867245
test,"(285, 115)",251,1,159.0,21.0,0.3459119498729706,4.945771,2.722367,2.223404
test,"(226, 203)",480,1,31.0,7.0,0.5806451439857483,11.090537,10.405715,0.684822
test,"(193, 207)",245,1,441.0,20.0,0.27210885286331177,5.234412,3.166625,2.067786
test,"(76, 317)",196,1,59.0,4.0,0.49152541160583496,5.195930,0.838245,4.357685
test,"(7, 196)",11,1,133.0,8.0,0.29323309659957886,2.804492,1.973742,0.830750
test,"(403, 68)",8,1,44.0,6.0,0.7272727489471436,3.849253,0.439279,3.409973
test,"(195, 134)",8,1,1145.0,73.0,0.1764192134141922,4.367022,3.352150,1.014872
test,"(186, 311)",134,1,335.0,36.0,0.19104477763175964,1.656603,1.953044,-0.296441
test,"(207, 133)",92,1,210.0,13.0,0.3857142925262451,1.511655,1.172930,0.338725
test,"(18, 20)",133,1,49.0,18.0,0.16326530277729034,7.372075,5.267871,2.104204
test,"(72, 255)",180,1,249.0,36.0,0.4859437644481659,4.090357,3.250387,0.839970
test,"(64, 70)",176,1,604.0,37.0,0.4867549538612366,3.183740,0.811939,2.371802
test,"(79, 32)",66,1,5.0,1.0,1.0,5.060277,0.263729,4.796548
test,"(14, 14)",16,1,553.0,41.0,0.49005424976348877,5.315401,4.265155,1.050246
